-- =============================================================================
-- seed-2026-06-07.sql
-- VidyaPrayag — Integration Seed (PostgreSQL / Supabase)
-- -----------------------------------------------------------------------------
-- Generated by scripts/_gen_seed.py — do not hand-edit. Re-run the generator if
-- you need to change the dataset. Anchor date: 2026-06-07.
--
-- ORDER OF EXECUTION (run BEFORE this file):
--   1. PROVISION.sql (and its 4 referenced .sql files) — base 36 tables.
--   2. schema-patch-2026-06-07.sql — adds scholarships + scholarship_applications
--      (RE-AUDIT RA-05). Without this patch the scholarship INSERTs below fail.
--
-- DESIGN PROPERTIES:
--   * IDEMPOTENT       — every INSERT uses ON CONFLICT DO NOTHING (or DO UPDATE
--                        where the target row is the one we always want to win).
--                        Running this file twice is a no-op.
--   * ATOMIC           — wrapped in BEGIN; ... COMMIT;. A failure anywhere
--                        rolls back the entire seed.
--   * POSTGRES-CLEAN   — zero SQLite-isms. timestamp without time zone,
--                        gen_random_uuid() unused (we supply deterministic
--                        UUIDv5s up-front).
--   * MULTI-TENANT     — every row carries the correct school_id (or, for
--                        parents, school_id=NULL — matching the OTP-signup path).
--   * NO PLAINTEXT     — admin/teacher passwords stored only as PBKDF2 hashes
--                        produced by the same algorithm as server PasswordHasher.kt.
--   * VERIFIABLE       — final SELECT block reports row counts and tenancy
--                        invariants. Any 'bad' count > 0 means the seed failed.
--
-- CREDENTIALS for testing live in seed-credentials-2026-06-07.md (repo root).
--
-- Section index:
--   1.  UUID + value constants (informational header only)
--   2.  Schools                                  (table: schools)
--   3.  School admin users + auth records        (table: app_users)
--   4.  School onboarding state                  (school_philosophy, storage_metrics, schools.onboarded_at, classes)
--   5.  Classes + sections per school            (table: school_classes)
--   6.  Subjects per class                       (table: school_subjects)
--   7.  Students (canonical roster)              (table: students)
--   8.  Teacher users + auth records             (table: app_users + faculty)
--   9.  Teacher -> class/subject assignments     (table: teacher_subject_assignments)
--   10. Parent users (OTP-verified state)        (table: app_users)
--   11. Parent -> child links                    (table: children)
--   12. Attendance records (last 30 days)        (table: attendance_records)
--   13. Assessments + per-student marks          (tables: assessments, assessment_marks)
--   14. Exam results (school-admin view)         (table: exam_results)
--   15. Homework + a few submissions             (tables: homework, homework_submissions)
--   16. Syllabus coverage progress               (table: syllabus_units)
--   17. Announcements (school & class scoped)    (table: announcements)
--   18. Academic calendar + holidays             (tables: academic_calendar, holiday_list)
--   19. Fee records (PAID/DUE/OVERDUE mix)       (table: fee_records)
--   20. Scholarships catalogue + applications    (tables: scholarships, scholarship_applications)
--   21. Verification SELECTs (run after COMMIT)
-- =============================================================================

-- -----------------------------------------------------------------------------
-- 1. UUID + value constants (informational — actual UUIDs are inlined below)
-- -----------------------------------------------------------------------------
-- ANCHOR DATE                : 2026-06-07
-- PBKDF2 ITERATIONS          : 120000
-- UUIDv5 NAMESPACE           : ab8a1c2c-1c4b-4b8a-9c1a-2026060700be
-- SCHOOLS                    : Sunrise Public School (08bdd3c7-7dfb-536d-9f13-2b6e38de31e4)
--                              Greenfield Academy (583885b4-4f8e-58d1-a6c2-e8a482b4314f)

BEGIN;

-- -----------------------------------------------------------------------------
-- 2. Schools
-- -----------------------------------------------------------------------------
INSERT INTO schools (id, name, slug, board, medium, school_gender, contact_phone, contact_email, principal_name, principal_phone, principal_email, full_address, city, district, state, pincode, logo_url, brand_color, latitude, longitude, is_active, onboarded_at, created_at, updated_at)
VALUES ('08bdd3c7-7dfb-536d-9f13-2b6e38de31e4', 'Sunrise Public School', 'sunrise-public-school', 'CBSE', 'English', 'co_ed', '+919876500001', 'office@sunrise.edu.in', 'Dr. Anjali Verma', '+919876500002', 'principal@sunrise.edu.in', '12 Vidya Path, Gomti Nagar, Lucknow', 'Lucknow', 'Lucknow', 'Uttar Pradesh', '226010', 'https://cdn.vidyaprayag.local/seed/sunrise-logo.png', '#1d4ed8', 26.8467, 80.9462, TRUE, '2026-06-07 09:00:00', '2026-06-07 09:00:00', '2026-06-07 09:00:00')
ON CONFLICT (id) DO NOTHING;

INSERT INTO schools (id, name, slug, board, medium, school_gender, contact_phone, contact_email, principal_name, principal_phone, principal_email, full_address, city, district, state, pincode, logo_url, brand_color, latitude, longitude, is_active, onboarded_at, created_at, updated_at)
VALUES ('583885b4-4f8e-58d1-a6c2-e8a482b4314f', 'Greenfield Academy', 'greenfield-academy', 'ICSE', 'English', 'co_ed', '+919876500101', 'office@greenfield.edu.in', 'Mr. Rakesh Iyer', '+919876500102', 'principal@greenfield.edu.in', '55 Civil Lines, Kanpur', 'Kanpur', 'Kanpur Nagar', 'Uttar Pradesh', '208001', 'https://cdn.vidyaprayag.local/seed/greenfield-logo.png', '#047857', 26.4499, 80.3319, TRUE, '2026-06-07 09:00:00', '2026-06-07 09:00:00', '2026-06-07 09:00:00')
ON CONFLICT (id) DO NOTHING;

-- -----------------------------------------------------------------------------
-- 3. School admin users (role=school_admin, email-verified, profile_completed)
-- -----------------------------------------------------------------------------
INSERT INTO app_users (id, school_id, role, full_name, phone, email, password_hash, language_pref, is_phone_verified, is_email_verified, profile_completed, is_active, created_at, updated_at)
VALUES ('3645fb7d-0980-50fe-a377-9b86f38099c6', '08bdd3c7-7dfb-536d-9f13-2b6e38de31e4', 'school_admin', 'Anjali Verma', '+919876500010', 'admin@sunrise.edu.in', 'pbkdf2$120000$VlBfU0VFRF9TMV9BRE1JTg==$HugZsiSm+c7KUOHL0wvLtdSnoJR1vL4sodqBISz472w=', 'en', TRUE, TRUE, TRUE, TRUE, '2026-06-07 09:00:00', '2026-06-07 09:00:00')
ON CONFLICT (id) DO NOTHING;

INSERT INTO app_users (id, school_id, role, full_name, phone, email, password_hash, language_pref, is_phone_verified, is_email_verified, profile_completed, is_active, created_at, updated_at)
VALUES ('0ff14145-8725-533e-9ddd-355166ba4d32', '583885b4-4f8e-58d1-a6c2-e8a482b4314f', 'school_admin', 'Rakesh Iyer', '+919876500110', 'admin@greenfield.edu.in', 'pbkdf2$120000$VlBfU0VFRF9TMl9BRE1JTg==$Wpp+TDenOMFcsyDb5brta2QIDZT5ruOxNHcKv8V7OGM=', 'en', TRUE, TRUE, TRUE, TRUE, '2026-06-07 09:00:00', '2026-06-07 09:00:00')
ON CONFLICT (id) DO NOTHING;

-- -----------------------------------------------------------------------------
-- 4. School onboarding state (philosophy, storage metrics)
-- -----------------------------------------------------------------------------
INSERT INTO school_philosophy (school_id, core_mission, learning_model, primary_language, public_profile, updated_at)
VALUES ('08bdd3c7-7dfb-536d-9f13-2b6e38de31e4', 'Joyful, rigorous learning rooted in Indian values.', 'NEP-2020 aligned competency-based learning.', 'English / Hindi', TRUE, '2026-06-07 09:00:00')
ON CONFLICT (school_id) DO NOTHING;

INSERT INTO storage_metrics (school_id, total_storage, storage_used, bytes_used, updated_at)
VALUES ('08bdd3c7-7dfb-536d-9f13-2b6e38de31e4', '10 GB', '0 B', 0, '2026-06-07 09:00:00')
ON CONFLICT (school_id) DO NOTHING;

INSERT INTO school_philosophy (school_id, core_mission, learning_model, primary_language, public_profile, updated_at)
VALUES ('583885b4-4f8e-58d1-a6c2-e8a482b4314f', 'Curious minds, kind hearts, global outlook.', 'Inquiry-led pedagogy with arts integration.', 'English', TRUE, '2026-06-07 09:00:00')
ON CONFLICT (school_id) DO NOTHING;

INSERT INTO storage_metrics (school_id, total_storage, storage_used, bytes_used, updated_at)
VALUES ('583885b4-4f8e-58d1-a6c2-e8a482b4314f', '10 GB', '0 B', 0, '2026-06-07 09:00:00')
ON CONFLICT (school_id) DO NOTHING;

-- -----------------------------------------------------------------------------
-- 5. Classes per school (with sections as JSON-array text)
-- -----------------------------------------------------------------------------
INSERT INTO school_classes (id, school_id, code, name, sections, created_at)
VALUES ('4f0db25a-7140-5fa6-8765-9f143efa7556', '08bdd3c7-7dfb-536d-9f13-2b6e38de31e4', 'CLS-3', 'Grade 3', '["A","B"]', '2026-06-07 09:00:00')
ON CONFLICT (id) DO NOTHING;

INSERT INTO school_classes (id, school_id, code, name, sections, created_at)
VALUES ('34c45ac0-70bc-5058-a72d-2d39b34e6337', '08bdd3c7-7dfb-536d-9f13-2b6e38de31e4', 'CLS-5', 'Grade 5', '["A"]', '2026-06-07 09:00:00')
ON CONFLICT (id) DO NOTHING;

INSERT INTO school_classes (id, school_id, code, name, sections, created_at)
VALUES ('638c9afe-4be4-5f18-971a-6ff43d6939b2', '08bdd3c7-7dfb-536d-9f13-2b6e38de31e4', 'CLS-8', 'Grade 8', '["A"]', '2026-06-07 09:00:00')
ON CONFLICT (id) DO NOTHING;

INSERT INTO school_classes (id, school_id, code, name, sections, created_at)
VALUES ('2c847bb4-7a11-503e-883a-e62e74367f66', '583885b4-4f8e-58d1-a6c2-e8a482b4314f', 'CLS-4', 'Grade 4', '["A"]', '2026-06-07 09:00:00')
ON CONFLICT (id) DO NOTHING;

INSERT INTO school_classes (id, school_id, code, name, sections, created_at)
VALUES ('b8e530a9-4877-53a7-ad96-60e041bc5121', '583885b4-4f8e-58d1-a6c2-e8a482b4314f', 'CLS-6', 'Grade 6', '["A","B"]', '2026-06-07 09:00:00')
ON CONFLICT (id) DO NOTHING;

INSERT INTO school_classes (id, school_id, code, name, sections, created_at)
VALUES ('715c6d44-0fd7-585e-8a52-a59e84d65fd3', '583885b4-4f8e-58d1-a6c2-e8a482b4314f', 'CLS-9', 'Grade 9', '["A"]', '2026-06-07 09:00:00')
ON CONFLICT (id) DO NOTHING;

-- -----------------------------------------------------------------------------
-- 6. Subjects per class
-- -----------------------------------------------------------------------------
INSERT INTO school_subjects (id, class_id, sub_name, sub_code, teacher_assigned, created_at)
VALUES ('50fc803f-123e-57e7-9394-7f669768d061', '4f0db25a-7140-5fa6-8765-9f143efa7556', 'English', 'ENG', NULL, '2026-06-07 09:00:00')
ON CONFLICT (id) DO NOTHING;

INSERT INTO school_subjects (id, class_id, sub_name, sub_code, teacher_assigned, created_at)
VALUES ('73d42179-0e91-5024-ab6d-e2058fdb3968', '4f0db25a-7140-5fa6-8765-9f143efa7556', 'Mathematics', 'MAT', NULL, '2026-06-07 09:00:00')
ON CONFLICT (id) DO NOTHING;

INSERT INTO school_subjects (id, class_id, sub_name, sub_code, teacher_assigned, created_at)
VALUES ('8c89c72f-8e2e-5017-9ad1-8e8bac1d563c', '4f0db25a-7140-5fa6-8765-9f143efa7556', 'EVS', 'EVS', NULL, '2026-06-07 09:00:00')
ON CONFLICT (id) DO NOTHING;

INSERT INTO school_subjects (id, class_id, sub_name, sub_code, teacher_assigned, created_at)
VALUES ('65358950-f537-53eb-8a4b-d3dfe73e5a8a', '34c45ac0-70bc-5058-a72d-2d39b34e6337', 'English', 'ENG', NULL, '2026-06-07 09:00:00')
ON CONFLICT (id) DO NOTHING;

INSERT INTO school_subjects (id, class_id, sub_name, sub_code, teacher_assigned, created_at)
VALUES ('1e3fb1d2-4f8d-5cc0-bd3e-5bc30561c9d9', '34c45ac0-70bc-5058-a72d-2d39b34e6337', 'Mathematics', 'MAT', NULL, '2026-06-07 09:00:00')
ON CONFLICT (id) DO NOTHING;

INSERT INTO school_subjects (id, class_id, sub_name, sub_code, teacher_assigned, created_at)
VALUES ('1ae44ca9-bcf0-5d11-b5a1-f0a07acd4fe2', '34c45ac0-70bc-5058-a72d-2d39b34e6337', 'Science', 'SCI', NULL, '2026-06-07 09:00:00')
ON CONFLICT (id) DO NOTHING;

INSERT INTO school_subjects (id, class_id, sub_name, sub_code, teacher_assigned, created_at)
VALUES ('755f8a90-19f7-5f28-8ff4-06d8837b3945', '34c45ac0-70bc-5058-a72d-2d39b34e6337', 'Social Studies', 'SOC', NULL, '2026-06-07 09:00:00')
ON CONFLICT (id) DO NOTHING;

INSERT INTO school_subjects (id, class_id, sub_name, sub_code, teacher_assigned, created_at)
VALUES ('d0fb8620-774f-5dea-a45b-3feaf5414ea2', '638c9afe-4be4-5f18-971a-6ff43d6939b2', 'English', 'ENG', NULL, '2026-06-07 09:00:00')
ON CONFLICT (id) DO NOTHING;

INSERT INTO school_subjects (id, class_id, sub_name, sub_code, teacher_assigned, created_at)
VALUES ('07277255-69c4-5fb5-878d-815ec3e0b8d0', '638c9afe-4be4-5f18-971a-6ff43d6939b2', 'Mathematics', 'MAT', NULL, '2026-06-07 09:00:00')
ON CONFLICT (id) DO NOTHING;

INSERT INTO school_subjects (id, class_id, sub_name, sub_code, teacher_assigned, created_at)
VALUES ('3d88ed91-8089-588e-81e9-91b56bc068c4', '638c9afe-4be4-5f18-971a-6ff43d6939b2', 'Science', 'SCI', NULL, '2026-06-07 09:00:00')
ON CONFLICT (id) DO NOTHING;

INSERT INTO school_subjects (id, class_id, sub_name, sub_code, teacher_assigned, created_at)
VALUES ('01179ccc-1d1d-5acd-a56e-3ec16eee5452', '638c9afe-4be4-5f18-971a-6ff43d6939b2', 'Social Studies', 'SOC', NULL, '2026-06-07 09:00:00')
ON CONFLICT (id) DO NOTHING;

INSERT INTO school_subjects (id, class_id, sub_name, sub_code, teacher_assigned, created_at)
VALUES ('39f3eb7d-fd74-5322-95fe-6a8cd52db38c', '638c9afe-4be4-5f18-971a-6ff43d6939b2', 'Hindi', 'HIN', NULL, '2026-06-07 09:00:00')
ON CONFLICT (id) DO NOTHING;

INSERT INTO school_subjects (id, class_id, sub_name, sub_code, teacher_assigned, created_at)
VALUES ('da0101f3-54d6-5ba8-bad4-8c74b42a6dec', '2c847bb4-7a11-503e-883a-e62e74367f66', 'English', 'ENG', NULL, '2026-06-07 09:00:00')
ON CONFLICT (id) DO NOTHING;

INSERT INTO school_subjects (id, class_id, sub_name, sub_code, teacher_assigned, created_at)
VALUES ('5c1bf070-4c5c-5bd9-813b-6d3f2f8081e9', '2c847bb4-7a11-503e-883a-e62e74367f66', 'Mathematics', 'MAT', NULL, '2026-06-07 09:00:00')
ON CONFLICT (id) DO NOTHING;

INSERT INTO school_subjects (id, class_id, sub_name, sub_code, teacher_assigned, created_at)
VALUES ('f56b4411-ce6b-5b69-a9ff-603f33ac7523', '2c847bb4-7a11-503e-883a-e62e74367f66', 'EVS', 'EVS', NULL, '2026-06-07 09:00:00')
ON CONFLICT (id) DO NOTHING;

INSERT INTO school_subjects (id, class_id, sub_name, sub_code, teacher_assigned, created_at)
VALUES ('253c4d47-ca44-5578-8a3c-fd974cddf55a', 'b8e530a9-4877-53a7-ad96-60e041bc5121', 'English', 'ENG', NULL, '2026-06-07 09:00:00')
ON CONFLICT (id) DO NOTHING;

INSERT INTO school_subjects (id, class_id, sub_name, sub_code, teacher_assigned, created_at)
VALUES ('89379339-745c-55a7-ac66-d84b116de0b5', 'b8e530a9-4877-53a7-ad96-60e041bc5121', 'Mathematics', 'MAT', NULL, '2026-06-07 09:00:00')
ON CONFLICT (id) DO NOTHING;

INSERT INTO school_subjects (id, class_id, sub_name, sub_code, teacher_assigned, created_at)
VALUES ('37ce0525-9555-5380-bc55-8f2943d4970a', 'b8e530a9-4877-53a7-ad96-60e041bc5121', 'Science', 'SCI', NULL, '2026-06-07 09:00:00')
ON CONFLICT (id) DO NOTHING;

INSERT INTO school_subjects (id, class_id, sub_name, sub_code, teacher_assigned, created_at)
VALUES ('3502b97b-be4a-54ab-85b7-a76fdc0d38fa', 'b8e530a9-4877-53a7-ad96-60e041bc5121', 'Social Studies', 'SOC', NULL, '2026-06-07 09:00:00')
ON CONFLICT (id) DO NOTHING;

INSERT INTO school_subjects (id, class_id, sub_name, sub_code, teacher_assigned, created_at)
VALUES ('3cb0f19b-02aa-573d-bdf9-3b6672fac702', '715c6d44-0fd7-585e-8a52-a59e84d65fd3', 'English', 'ENG', NULL, '2026-06-07 09:00:00')
ON CONFLICT (id) DO NOTHING;

INSERT INTO school_subjects (id, class_id, sub_name, sub_code, teacher_assigned, created_at)
VALUES ('0374008b-a9ad-57ed-9af9-e6288f5386c4', '715c6d44-0fd7-585e-8a52-a59e84d65fd3', 'Mathematics', 'MAT', NULL, '2026-06-07 09:00:00')
ON CONFLICT (id) DO NOTHING;

INSERT INTO school_subjects (id, class_id, sub_name, sub_code, teacher_assigned, created_at)
VALUES ('40b93be6-6b61-536a-8566-0b52e54ff0a4', '715c6d44-0fd7-585e-8a52-a59e84d65fd3', 'Science', 'SCI', NULL, '2026-06-07 09:00:00')
ON CONFLICT (id) DO NOTHING;

INSERT INTO school_subjects (id, class_id, sub_name, sub_code, teacher_assigned, created_at)
VALUES ('f4dbfa83-3668-5ed3-9296-1e14c46f68a8', '715c6d44-0fd7-585e-8a52-a59e84d65fd3', 'Social Studies', 'SOC', NULL, '2026-06-07 09:00:00')
ON CONFLICT (id) DO NOTHING;

INSERT INTO school_subjects (id, class_id, sub_name, sub_code, teacher_assigned, created_at)
VALUES ('47aadece-b55e-5e9a-aaf3-e8f34e6fd3ea', '715c6d44-0fd7-585e-8a52-a59e84d65fd3', 'Hindi', 'HIN', NULL, '2026-06-07 09:00:00')
ON CONFLICT (id) DO NOTHING;

-- -----------------------------------------------------------------------------
-- 7. Students (canonical roster — closes RE-AUDIT RA-01 for seed scope)
-- -----------------------------------------------------------------------------
INSERT INTO students (id, school_id, student_code, full_name, class_name, section, roll_number, is_active, created_at)
VALUES ('ec72a5dd-b68a-5941-8bf1-83841f3a6976', '08bdd3c7-7dfb-536d-9f13-2b6e38de31e4', 'S1-G3A-001', 'Aarav Singh', 'Grade 3', 'A', '1', TRUE, '2026-06-07 09:00:00')
ON CONFLICT (id) DO NOTHING;

INSERT INTO students (id, school_id, student_code, full_name, class_name, section, roll_number, is_active, created_at)
VALUES ('2993d727-71ee-5f03-9e40-7b03c38a426f', '08bdd3c7-7dfb-536d-9f13-2b6e38de31e4', 'S1-G3A-002', 'Bhavya Tiwari', 'Grade 3', 'A', '2', TRUE, '2026-06-07 09:00:00')
ON CONFLICT (id) DO NOTHING;

INSERT INTO students (id, school_id, student_code, full_name, class_name, section, roll_number, is_active, created_at)
VALUES ('efa906c7-7f86-540a-a2f5-f0a27a97bb29', '08bdd3c7-7dfb-536d-9f13-2b6e38de31e4', 'S1-G3A-003', 'Chirag Yadav', 'Grade 3', 'A', '3', TRUE, '2026-06-07 09:00:00')
ON CONFLICT (id) DO NOTHING;

INSERT INTO students (id, school_id, student_code, full_name, class_name, section, roll_number, is_active, created_at)
VALUES ('f5b0093f-cd67-5b03-be52-6f77bcd7bdda', '08bdd3c7-7dfb-536d-9f13-2b6e38de31e4', 'S1-G3B-001', 'Diya Mishra', 'Grade 3', 'B', '1', TRUE, '2026-06-07 09:00:00')
ON CONFLICT (id) DO NOTHING;

INSERT INTO students (id, school_id, student_code, full_name, class_name, section, roll_number, is_active, created_at)
VALUES ('7b92ea5e-1d04-5f87-a852-3b3dd1e0264a', '08bdd3c7-7dfb-536d-9f13-2b6e38de31e4', 'S1-G5A-001', 'Ishan Kapoor', 'Grade 5', 'A', '1', TRUE, '2026-06-07 09:00:00')
ON CONFLICT (id) DO NOTHING;

INSERT INTO students (id, school_id, student_code, full_name, class_name, section, roll_number, is_active, created_at)
VALUES ('47f3f8c8-eb54-5c4d-895b-2055e7a6046e', '08bdd3c7-7dfb-536d-9f13-2b6e38de31e4', 'S1-G5A-002', 'Jiya Saxena', 'Grade 5', 'A', '2', TRUE, '2026-06-07 09:00:00')
ON CONFLICT (id) DO NOTHING;

INSERT INTO students (id, school_id, student_code, full_name, class_name, section, roll_number, is_active, created_at)
VALUES ('4673115e-9eab-56c4-a790-128664c77ad8', '08bdd3c7-7dfb-536d-9f13-2b6e38de31e4', 'S1-G5A-003', 'Karan Trivedi', 'Grade 5', 'A', '3', TRUE, '2026-06-07 09:00:00')
ON CONFLICT (id) DO NOTHING;

INSERT INTO students (id, school_id, student_code, full_name, class_name, section, roll_number, is_active, created_at)
VALUES ('5236f7f8-3e87-566b-ac45-93663252076c', '08bdd3c7-7dfb-536d-9f13-2b6e38de31e4', 'S1-G5A-004', 'Lavanya Pandey', 'Grade 5', 'A', '4', TRUE, '2026-06-07 09:00:00')
ON CONFLICT (id) DO NOTHING;

INSERT INTO students (id, school_id, student_code, full_name, class_name, section, roll_number, is_active, created_at)
VALUES ('54a049dc-d96c-5715-8c22-77fc24b5e64f', '08bdd3c7-7dfb-536d-9f13-2b6e38de31e4', 'S1-G8A-001', 'Manav Joshi', 'Grade 8', 'A', '1', TRUE, '2026-06-07 09:00:00')
ON CONFLICT (id) DO NOTHING;

INSERT INTO students (id, school_id, student_code, full_name, class_name, section, roll_number, is_active, created_at)
VALUES ('c6926ab0-28dd-56d5-b03f-0dba78f728a7', '08bdd3c7-7dfb-536d-9f13-2b6e38de31e4', 'S1-G8A-002', 'Nisha Bansal', 'Grade 8', 'A', '2', TRUE, '2026-06-07 09:00:00')
ON CONFLICT (id) DO NOTHING;

INSERT INTO students (id, school_id, student_code, full_name, class_name, section, roll_number, is_active, created_at)
VALUES ('ab9b3a39-f8e6-59f4-ad74-763dfae78945', '08bdd3c7-7dfb-536d-9f13-2b6e38de31e4', 'S1-G8A-003', 'Om Prakash', 'Grade 8', 'A', '3', TRUE, '2026-06-07 09:00:00')
ON CONFLICT (id) DO NOTHING;

INSERT INTO students (id, school_id, student_code, full_name, class_name, section, roll_number, is_active, created_at)
VALUES ('96bd38b9-637b-5bba-a292-ae5374abd126', '08bdd3c7-7dfb-536d-9f13-2b6e38de31e4', 'S1-G8A-004', 'Pari Agarwal', 'Grade 8', 'A', '4', TRUE, '2026-06-07 09:00:00')
ON CONFLICT (id) DO NOTHING;

INSERT INTO students (id, school_id, student_code, full_name, class_name, section, roll_number, is_active, created_at)
VALUES ('971eeaff-3906-50c2-b767-174ad0ceabd6', '583885b4-4f8e-58d1-a6c2-e8a482b4314f', 'S2-G4A-001', 'Reyansh Kumar', 'Grade 4', 'A', '1', TRUE, '2026-06-07 09:00:00')
ON CONFLICT (id) DO NOTHING;

INSERT INTO students (id, school_id, student_code, full_name, class_name, section, roll_number, is_active, created_at)
VALUES ('3491d498-c80d-54c4-9ede-f917b4624f9f', '583885b4-4f8e-58d1-a6c2-e8a482b4314f', 'S2-G4A-002', 'Saanvi Bose', 'Grade 4', 'A', '2', TRUE, '2026-06-07 09:00:00')
ON CONFLICT (id) DO NOTHING;

INSERT INTO students (id, school_id, student_code, full_name, class_name, section, roll_number, is_active, created_at)
VALUES ('4d46e5a2-446d-5511-aba9-fe628ac526cb', '583885b4-4f8e-58d1-a6c2-e8a482b4314f', 'S2-G4A-003', 'Tanvi Roy', 'Grade 4', 'A', '3', TRUE, '2026-06-07 09:00:00')
ON CONFLICT (id) DO NOTHING;

INSERT INTO students (id, school_id, student_code, full_name, class_name, section, roll_number, is_active, created_at)
VALUES ('6b8aeb5a-f36c-5199-8745-d7109b810107', '583885b4-4f8e-58d1-a6c2-e8a482b4314f', 'S2-G6A-001', 'Udayan Das', 'Grade 6', 'A', '1', TRUE, '2026-06-07 09:00:00')
ON CONFLICT (id) DO NOTHING;

INSERT INTO students (id, school_id, student_code, full_name, class_name, section, roll_number, is_active, created_at)
VALUES ('312170b6-24e5-56f6-899c-b1f278b04125', '583885b4-4f8e-58d1-a6c2-e8a482b4314f', 'S2-G6A-002', 'Vihaan Sen', 'Grade 6', 'A', '2', TRUE, '2026-06-07 09:00:00')
ON CONFLICT (id) DO NOTHING;

INSERT INTO students (id, school_id, student_code, full_name, class_name, section, roll_number, is_active, created_at)
VALUES ('3945c1db-0d9d-52e4-a291-2d59b99a5f96', '583885b4-4f8e-58d1-a6c2-e8a482b4314f', 'S2-G6A-003', 'Wamika Dutta', 'Grade 6', 'A', '3', TRUE, '2026-06-07 09:00:00')
ON CONFLICT (id) DO NOTHING;

INSERT INTO students (id, school_id, student_code, full_name, class_name, section, roll_number, is_active, created_at)
VALUES ('5fd5b607-c523-56f5-acba-57757bde2954', '583885b4-4f8e-58d1-a6c2-e8a482b4314f', 'S2-G6B-001', 'Xen Chowdhury', 'Grade 6', 'B', '1', TRUE, '2026-06-07 09:00:00')
ON CONFLICT (id) DO NOTHING;

INSERT INTO students (id, school_id, student_code, full_name, class_name, section, roll_number, is_active, created_at)
VALUES ('99618346-63f2-5705-bb3e-433dc7ead954', '583885b4-4f8e-58d1-a6c2-e8a482b4314f', 'S2-G9A-001', 'Yash Banerjee', 'Grade 9', 'A', '1', TRUE, '2026-06-07 09:00:00')
ON CONFLICT (id) DO NOTHING;

INSERT INTO students (id, school_id, student_code, full_name, class_name, section, roll_number, is_active, created_at)
VALUES ('644d0f4e-612d-52cf-b081-9e2d5fa6d1fa', '583885b4-4f8e-58d1-a6c2-e8a482b4314f', 'S2-G9A-002', 'Zara Mukherjee', 'Grade 9', 'A', '2', TRUE, '2026-06-07 09:00:00')
ON CONFLICT (id) DO NOTHING;

INSERT INTO students (id, school_id, student_code, full_name, class_name, section, roll_number, is_active, created_at)
VALUES ('ff4725af-4180-5905-aad6-bcf2e704c9fa', '583885b4-4f8e-58d1-a6c2-e8a482b4314f', 'S2-G9A-003', 'Aadya Ghosh', 'Grade 9', 'A', '3', TRUE, '2026-06-07 09:00:00')
ON CONFLICT (id) DO NOTHING;

INSERT INTO students (id, school_id, student_code, full_name, class_name, section, roll_number, is_active, created_at)
VALUES ('05cbbd7e-4180-55ef-9791-6e180ff74e39', '583885b4-4f8e-58d1-a6c2-e8a482b4314f', 'S2-G9A-004', 'Bodhi Chatterjee', 'Grade 9', 'A', '4', TRUE, '2026-06-07 09:00:00')
ON CONFLICT (id) DO NOTHING;

INSERT INTO students (id, school_id, student_code, full_name, class_name, section, roll_number, is_active, created_at)
VALUES ('060f6b8f-b9d7-5729-a361-fead31d36de4', '583885b4-4f8e-58d1-a6c2-e8a482b4314f', 'S2-G9A-005', 'Charvi Lahiri', 'Grade 9', 'A', '5', TRUE, '2026-06-07 09:00:00')
ON CONFLICT (id) DO NOTHING;

INSERT INTO students (id, school_id, student_code, full_name, class_name, section, roll_number, is_active, created_at)
VALUES ('79bcbeb6-8a01-577d-ab7f-c057b61ffb2f', '583885b4-4f8e-58d1-a6c2-e8a482b4314f', 'S2-G9A-006', 'Divit Pal', 'Grade 9', 'A', '6', TRUE, '2026-06-07 09:00:00')
ON CONFLICT (id) DO NOTHING;

INSERT INTO students (id, school_id, student_code, full_name, class_name, section, roll_number, is_active, created_at)
VALUES ('c27c4019-f7a1-560c-9f0b-53f947b7f338', '583885b4-4f8e-58d1-a6c2-e8a482b4314f', 'S2-G9A-007', 'Ela Bhattacharya', 'Grade 9', 'A', '7', TRUE, '2026-06-07 09:00:00')
ON CONFLICT (id) DO NOTHING;

-- -----------------------------------------------------------------------------
-- 8. Teacher users + faculty directory rows
-- -----------------------------------------------------------------------------
INSERT INTO app_users (id, school_id, role, full_name, phone, email, password_hash, language_pref, is_phone_verified, is_email_verified, profile_completed, is_active, created_at, updated_at)
VALUES ('c1988c4f-2fa2-55c0-8e81-0c40098eef9b', '08bdd3c7-7dfb-536d-9f13-2b6e38de31e4', 'teacher', 'Meena Sharma', '+919876500020', 'meena.sharma@sunrise.edu.in', 'pbkdf2$120000$VlBfU0VFRF9TMV9URUEwMQ==$eJs4sqt7SqcegTPzCjNA5WXxaxfa+Y/W2MQm5b8NINA=', 'en', TRUE, TRUE, TRUE, TRUE, '2026-06-07 09:00:00', '2026-06-07 09:00:00')
ON CONFLICT (id) DO NOTHING;

INSERT INTO faculty (id, school_id, external_id, user_id, name, department, is_active, created_at)
VALUES ('a1dec536-4e2d-55cc-bfe1-9f61aba6adac', '08bdd3c7-7dfb-536d-9f13-2b6e38de31e4', 'S1_T_MEENA', 'c1988c4f-2fa2-55c0-8e81-0c40098eef9b', 'Meena Sharma', 'Academics', TRUE, '2026-06-07 09:00:00')
ON CONFLICT (id) DO NOTHING;

INSERT INTO app_users (id, school_id, role, full_name, phone, email, password_hash, language_pref, is_phone_verified, is_email_verified, profile_completed, is_active, created_at, updated_at)
VALUES ('9e2fe031-f4a9-5d27-a8b6-eb767ab70c7a', '08bdd3c7-7dfb-536d-9f13-2b6e38de31e4', 'teacher', 'Rahul Mehra', '+919876500021', 'rahul.mehra@sunrise.edu.in', 'pbkdf2$120000$VlBfU0VFRF9TMV9URUEwMg==$pXpJIvwg3He1kPXLAqZTfJCV+nV/gF3Mm1OkEGTtl74=', 'en', TRUE, TRUE, TRUE, TRUE, '2026-06-07 09:00:00', '2026-06-07 09:00:00')
ON CONFLICT (id) DO NOTHING;

INSERT INTO faculty (id, school_id, external_id, user_id, name, department, is_active, created_at)
VALUES ('7a274ffe-6275-5011-b456-716809e08af4', '08bdd3c7-7dfb-536d-9f13-2b6e38de31e4', 'S1_T_RAHUL', '9e2fe031-f4a9-5d27-a8b6-eb767ab70c7a', 'Rahul Mehra', 'Academics', TRUE, '2026-06-07 09:00:00')
ON CONFLICT (id) DO NOTHING;

INSERT INTO app_users (id, school_id, role, full_name, phone, email, password_hash, language_pref, is_phone_verified, is_email_verified, profile_completed, is_active, created_at, updated_at)
VALUES ('fc3f5b19-7024-5c5e-9f48-c1a1d3cee1f4', '08bdd3c7-7dfb-536d-9f13-2b6e38de31e4', 'teacher', 'Priya Nair', '+919876500022', 'priya.nair@sunrise.edu.in', 'pbkdf2$120000$VlBfU0VFRF9TMV9URUEwMw==$3yOHGMkyca9/62ZIU/N9fcwg6vPW1XX5ylHeTRJ4yxw=', 'en', TRUE, TRUE, TRUE, TRUE, '2026-06-07 09:00:00', '2026-06-07 09:00:00')
ON CONFLICT (id) DO NOTHING;

INSERT INTO faculty (id, school_id, external_id, user_id, name, department, is_active, created_at)
VALUES ('eab94a3a-3e76-5c95-96e1-a61fbe61c9d6', '08bdd3c7-7dfb-536d-9f13-2b6e38de31e4', 'S1_T_PRIYA', 'fc3f5b19-7024-5c5e-9f48-c1a1d3cee1f4', 'Priya Nair', 'Academics', TRUE, '2026-06-07 09:00:00')
ON CONFLICT (id) DO NOTHING;

INSERT INTO app_users (id, school_id, role, full_name, phone, email, password_hash, language_pref, is_phone_verified, is_email_verified, profile_completed, is_active, created_at, updated_at)
VALUES ('f7154a63-a6db-54d0-8b31-900e02b66b88', '08bdd3c7-7dfb-536d-9f13-2b6e38de31e4', 'teacher', 'Arjun Khanna', '+919876500023', 'arjun.khanna@sunrise.edu.in', 'pbkdf2$120000$VlBfU0VFRF9TMV9URUEwNA==$CNsESOK43QtMAVuR/KdrsmcDEhvvuv2vykZA3xuc1zI=', 'en', TRUE, TRUE, TRUE, TRUE, '2026-06-07 09:00:00', '2026-06-07 09:00:00')
ON CONFLICT (id) DO NOTHING;

INSERT INTO faculty (id, school_id, external_id, user_id, name, department, is_active, created_at)
VALUES ('c1865f35-2069-5ccd-8cc2-f3d13b5e58a5', '08bdd3c7-7dfb-536d-9f13-2b6e38de31e4', 'S1_T_ARJUN', 'f7154a63-a6db-54d0-8b31-900e02b66b88', 'Arjun Khanna', 'Academics', TRUE, '2026-06-07 09:00:00')
ON CONFLICT (id) DO NOTHING;

INSERT INTO app_users (id, school_id, role, full_name, phone, email, password_hash, language_pref, is_phone_verified, is_email_verified, profile_completed, is_active, created_at, updated_at)
VALUES ('2437bc68-52b4-5399-b2b9-f9ec3a1d6837', '583885b4-4f8e-58d1-a6c2-e8a482b4314f', 'teacher', 'Kavita Iyengar', '+919876500120', 'kavita.iyengar@greenfield.edu.in', 'pbkdf2$120000$VlBfU0VFRF9TMl9URUEwMQ==$vHFM9TAAEnKTFQDSCgjg5a7a190UmyVSRFvHTvtkNRc=', 'en', TRUE, TRUE, TRUE, TRUE, '2026-06-07 09:00:00', '2026-06-07 09:00:00')
ON CONFLICT (id) DO NOTHING;

INSERT INTO faculty (id, school_id, external_id, user_id, name, department, is_active, created_at)
VALUES ('436e746d-7e98-58b1-b9ec-73ee288a23dc', '583885b4-4f8e-58d1-a6c2-e8a482b4314f', 'S2_T_KAVITA', '2437bc68-52b4-5399-b2b9-f9ec3a1d6837', 'Kavita Iyengar', 'Academics', TRUE, '2026-06-07 09:00:00')
ON CONFLICT (id) DO NOTHING;

INSERT INTO app_users (id, school_id, role, full_name, phone, email, password_hash, language_pref, is_phone_verified, is_email_verified, profile_completed, is_active, created_at, updated_at)
VALUES ('67cd9de0-efa6-5b7f-86cb-9d3b35fbad3d', '583885b4-4f8e-58d1-a6c2-e8a482b4314f', 'teacher', 'Vivek Banerjee', '+919876500121', 'vivek.banerjee@greenfield.edu.in', 'pbkdf2$120000$VlBfU0VFRF9TMl9URUEwMg==$oSsVeQkQDriajCsaXDPoua9fi7WWezJCsnBErFG1C5k=', 'en', TRUE, TRUE, TRUE, TRUE, '2026-06-07 09:00:00', '2026-06-07 09:00:00')
ON CONFLICT (id) DO NOTHING;

INSERT INTO faculty (id, school_id, external_id, user_id, name, department, is_active, created_at)
VALUES ('ba8a002b-c200-596f-bba4-24064ddd0bc0', '583885b4-4f8e-58d1-a6c2-e8a482b4314f', 'S2_T_VIVEK', '67cd9de0-efa6-5b7f-86cb-9d3b35fbad3d', 'Vivek Banerjee', 'Academics', TRUE, '2026-06-07 09:00:00')
ON CONFLICT (id) DO NOTHING;

INSERT INTO app_users (id, school_id, role, full_name, phone, email, password_hash, language_pref, is_phone_verified, is_email_verified, profile_completed, is_active, created_at, updated_at)
VALUES ('f4fe343b-dd17-57ab-97e6-a9c58a269c84', '583885b4-4f8e-58d1-a6c2-e8a482b4314f', 'teacher', 'Neha Goswami', '+919876500122', 'neha.goswami@greenfield.edu.in', 'pbkdf2$120000$VlBfU0VFRF9TMl9URUEwMw==$D6jbKulEiXHH8Zv/3FNjs7HlKZYIDqqlknAR4hZsbbI=', 'en', TRUE, TRUE, TRUE, TRUE, '2026-06-07 09:00:00', '2026-06-07 09:00:00')
ON CONFLICT (id) DO NOTHING;

INSERT INTO faculty (id, school_id, external_id, user_id, name, department, is_active, created_at)
VALUES ('6cf4ce8b-84f6-5c6e-b4b4-c0d35fdd3574', '583885b4-4f8e-58d1-a6c2-e8a482b4314f', 'S2_T_NEHA', 'f4fe343b-dd17-57ab-97e6-a9c58a269c84', 'Neha Goswami', 'Academics', TRUE, '2026-06-07 09:00:00')
ON CONFLICT (id) DO NOTHING;

-- -----------------------------------------------------------------------------
-- 9. Teacher -> class/subject assignments  (teacher_id set; closes RA-08 for seed)
-- -----------------------------------------------------------------------------
INSERT INTO teacher_subject_assignments (id, school_id, class_id, class_name, section, subject_id, subject, teacher_id, teacher_name, is_active, created_at, updated_at)
VALUES ('d812d4e9-2466-57ce-8b21-71d5a32967f2', '08bdd3c7-7dfb-536d-9f13-2b6e38de31e4', '4f0db25a-7140-5fa6-8765-9f143efa7556', 'Grade 3', 'A', '50fc803f-123e-57e7-9394-7f669768d061', 'English', 'c1988c4f-2fa2-55c0-8e81-0c40098eef9b', 'Meena Sharma', TRUE, '2026-06-07 09:00:00', '2026-06-07 09:00:00')
ON CONFLICT (id) DO NOTHING;

INSERT INTO teacher_subject_assignments (id, school_id, class_id, class_name, section, subject_id, subject, teacher_id, teacher_name, is_active, created_at, updated_at)
VALUES ('84aa21ca-4628-5717-8657-5d26cceae5b9', '08bdd3c7-7dfb-536d-9f13-2b6e38de31e4', '4f0db25a-7140-5fa6-8765-9f143efa7556', 'Grade 3', 'A', '8c89c72f-8e2e-5017-9ad1-8e8bac1d563c', 'EVS', 'c1988c4f-2fa2-55c0-8e81-0c40098eef9b', 'Meena Sharma', TRUE, '2026-06-07 09:00:00', '2026-06-07 09:00:00')
ON CONFLICT (id) DO NOTHING;

INSERT INTO teacher_subject_assignments (id, school_id, class_id, class_name, section, subject_id, subject, teacher_id, teacher_name, is_active, created_at, updated_at)
VALUES ('b67a0e46-10f6-5b06-987b-9ee89e34ccfd', '08bdd3c7-7dfb-536d-9f13-2b6e38de31e4', '34c45ac0-70bc-5058-a72d-2d39b34e6337', 'Grade 5', 'A', '1e3fb1d2-4f8d-5cc0-bd3e-5bc30561c9d9', 'Mathematics', '9e2fe031-f4a9-5d27-a8b6-eb767ab70c7a', 'Rahul Mehra', TRUE, '2026-06-07 09:00:00', '2026-06-07 09:00:00')
ON CONFLICT (id) DO NOTHING;

INSERT INTO teacher_subject_assignments (id, school_id, class_id, class_name, section, subject_id, subject, teacher_id, teacher_name, is_active, created_at, updated_at)
VALUES ('6a47b03c-6f0d-581a-8cc1-2beea7ed5cbb', '08bdd3c7-7dfb-536d-9f13-2b6e38de31e4', '34c45ac0-70bc-5058-a72d-2d39b34e6337', 'Grade 5', 'A', '1ae44ca9-bcf0-5d11-b5a1-f0a07acd4fe2', 'Science', '9e2fe031-f4a9-5d27-a8b6-eb767ab70c7a', 'Rahul Mehra', TRUE, '2026-06-07 09:00:00', '2026-06-07 09:00:00')
ON CONFLICT (id) DO NOTHING;

INSERT INTO teacher_subject_assignments (id, school_id, class_id, class_name, section, subject_id, subject, teacher_id, teacher_name, is_active, created_at, updated_at)
VALUES ('586201a9-0451-5a52-afb2-662892cae4b0', '08bdd3c7-7dfb-536d-9f13-2b6e38de31e4', '638c9afe-4be4-5f18-971a-6ff43d6939b2', 'Grade 8', 'A', 'd0fb8620-774f-5dea-a45b-3feaf5414ea2', 'English', 'fc3f5b19-7024-5c5e-9f48-c1a1d3cee1f4', 'Priya Nair', TRUE, '2026-06-07 09:00:00', '2026-06-07 09:00:00')
ON CONFLICT (id) DO NOTHING;

INSERT INTO teacher_subject_assignments (id, school_id, class_id, class_name, section, subject_id, subject, teacher_id, teacher_name, is_active, created_at, updated_at)
VALUES ('41a6f6ad-5a6a-5243-b007-aaf5d22debfb', '08bdd3c7-7dfb-536d-9f13-2b6e38de31e4', '638c9afe-4be4-5f18-971a-6ff43d6939b2', 'Grade 8', 'A', '01179ccc-1d1d-5acd-a56e-3ec16eee5452', 'Social Studies', 'fc3f5b19-7024-5c5e-9f48-c1a1d3cee1f4', 'Priya Nair', TRUE, '2026-06-07 09:00:00', '2026-06-07 09:00:00')
ON CONFLICT (id) DO NOTHING;

INSERT INTO teacher_subject_assignments (id, school_id, class_id, class_name, section, subject_id, subject, teacher_id, teacher_name, is_active, created_at, updated_at)
VALUES ('157608f1-4557-5a6f-b606-f108f46a0996', '08bdd3c7-7dfb-536d-9f13-2b6e38de31e4', '638c9afe-4be4-5f18-971a-6ff43d6939b2', 'Grade 8', 'A', '07277255-69c4-5fb5-878d-815ec3e0b8d0', 'Mathematics', 'f7154a63-a6db-54d0-8b31-900e02b66b88', 'Arjun Khanna', TRUE, '2026-06-07 09:00:00', '2026-06-07 09:00:00')
ON CONFLICT (id) DO NOTHING;

INSERT INTO teacher_subject_assignments (id, school_id, class_id, class_name, section, subject_id, subject, teacher_id, teacher_name, is_active, created_at, updated_at)
VALUES ('3859ca45-065f-5dda-9c23-d4ff14717fa6', '583885b4-4f8e-58d1-a6c2-e8a482b4314f', '2c847bb4-7a11-503e-883a-e62e74367f66', 'Grade 4', 'A', 'da0101f3-54d6-5ba8-bad4-8c74b42a6dec', 'English', '2437bc68-52b4-5399-b2b9-f9ec3a1d6837', 'Kavita Iyengar', TRUE, '2026-06-07 09:00:00', '2026-06-07 09:00:00')
ON CONFLICT (id) DO NOTHING;

INSERT INTO teacher_subject_assignments (id, school_id, class_id, class_name, section, subject_id, subject, teacher_id, teacher_name, is_active, created_at, updated_at)
VALUES ('deedfda2-d67f-5b83-864a-df83cf33002f', '583885b4-4f8e-58d1-a6c2-e8a482b4314f', '2c847bb4-7a11-503e-883a-e62e74367f66', 'Grade 4', 'A', '5c1bf070-4c5c-5bd9-813b-6d3f2f8081e9', 'Mathematics', '2437bc68-52b4-5399-b2b9-f9ec3a1d6837', 'Kavita Iyengar', TRUE, '2026-06-07 09:00:00', '2026-06-07 09:00:00')
ON CONFLICT (id) DO NOTHING;

INSERT INTO teacher_subject_assignments (id, school_id, class_id, class_name, section, subject_id, subject, teacher_id, teacher_name, is_active, created_at, updated_at)
VALUES ('bc62abb8-cc10-5ff3-9174-26d80cec4b21', '583885b4-4f8e-58d1-a6c2-e8a482b4314f', 'b8e530a9-4877-53a7-ad96-60e041bc5121', 'Grade 6', 'A', '37ce0525-9555-5380-bc55-8f2943d4970a', 'Science', '67cd9de0-efa6-5b7f-86cb-9d3b35fbad3d', 'Vivek Banerjee', TRUE, '2026-06-07 09:00:00', '2026-06-07 09:00:00')
ON CONFLICT (id) DO NOTHING;

INSERT INTO teacher_subject_assignments (id, school_id, class_id, class_name, section, subject_id, subject, teacher_id, teacher_name, is_active, created_at, updated_at)
VALUES ('b3c5a1c4-36f5-52aa-a6d1-1496ec04a1b7', '583885b4-4f8e-58d1-a6c2-e8a482b4314f', '715c6d44-0fd7-585e-8a52-a59e84d65fd3', 'Grade 9', 'A', '3cb0f19b-02aa-573d-bdf9-3b6672fac702', 'English', 'f4fe343b-dd17-57ab-97e6-a9c58a269c84', 'Neha Goswami', TRUE, '2026-06-07 09:00:00', '2026-06-07 09:00:00')
ON CONFLICT (id) DO NOTHING;

-- -----------------------------------------------------------------------------
-- 10. Parent users (role=parent, is_phone_verified=true, school_id=NULL)
-- -----------------------------------------------------------------------------
INSERT INTO app_users (id, school_id, role, full_name, phone, email, password_hash, language_pref, is_phone_verified, is_email_verified, profile_completed, is_active, created_at, updated_at)
VALUES ('da630943-6032-52e4-b723-32eafae6c525', NULL, 'parent', 'Rohit Singh', '+919811100001', NULL, NULL, 'en', TRUE, FALSE, TRUE, TRUE, '2026-06-07 09:00:00', '2026-06-07 09:00:00')
ON CONFLICT (id) DO NOTHING;

INSERT INTO app_users (id, school_id, role, full_name, phone, email, password_hash, language_pref, is_phone_verified, is_email_verified, profile_completed, is_active, created_at, updated_at)
VALUES ('0c668b25-287a-5114-9d8a-9d4578a82fb7', NULL, 'parent', 'Sunita Mishra', '+919811100002', NULL, NULL, 'en', TRUE, FALSE, TRUE, TRUE, '2026-06-07 09:00:00', '2026-06-07 09:00:00')
ON CONFLICT (id) DO NOTHING;

INSERT INTO app_users (id, school_id, role, full_name, phone, email, password_hash, language_pref, is_phone_verified, is_email_verified, profile_completed, is_active, created_at, updated_at)
VALUES ('f003fb55-9008-544e-9d59-315b3863521c', NULL, 'parent', 'Vikram Kapoor', '+919811100003', NULL, NULL, 'en', TRUE, FALSE, TRUE, TRUE, '2026-06-07 09:00:00', '2026-06-07 09:00:00')
ON CONFLICT (id) DO NOTHING;

INSERT INTO app_users (id, school_id, role, full_name, phone, email, password_hash, language_pref, is_phone_verified, is_email_verified, profile_completed, is_active, created_at, updated_at)
VALUES ('dee299ef-0aa2-5cf9-ad3e-cc42b62297e6', NULL, 'parent', 'Reena Saxena', '+919811100004', NULL, NULL, 'en', TRUE, FALSE, TRUE, TRUE, '2026-06-07 09:00:00', '2026-06-07 09:00:00')
ON CONFLICT (id) DO NOTHING;

INSERT INTO app_users (id, school_id, role, full_name, phone, email, password_hash, language_pref, is_phone_verified, is_email_verified, profile_completed, is_active, created_at, updated_at)
VALUES ('8fac62fe-1f4a-54f3-91a9-651274e9ce29', NULL, 'parent', 'Pankaj Joshi', '+919811100005', NULL, NULL, 'en', TRUE, FALSE, TRUE, TRUE, '2026-06-07 09:00:00', '2026-06-07 09:00:00')
ON CONFLICT (id) DO NOTHING;

INSERT INTO app_users (id, school_id, role, full_name, phone, email, password_hash, language_pref, is_phone_verified, is_email_verified, profile_completed, is_active, created_at, updated_at)
VALUES ('d3d21065-0ce4-55be-84bc-c8aeb4276f89', NULL, 'parent', 'Anand Kumar', '+919822200001', NULL, NULL, 'en', TRUE, FALSE, TRUE, TRUE, '2026-06-07 09:00:00', '2026-06-07 09:00:00')
ON CONFLICT (id) DO NOTHING;

INSERT INTO app_users (id, school_id, role, full_name, phone, email, password_hash, language_pref, is_phone_verified, is_email_verified, profile_completed, is_active, created_at, updated_at)
VALUES ('7a02cd26-60b0-5d11-bb2c-894c14b66351', NULL, 'parent', 'Madhuri Bose', '+919822200002', NULL, NULL, 'en', TRUE, FALSE, TRUE, TRUE, '2026-06-07 09:00:00', '2026-06-07 09:00:00')
ON CONFLICT (id) DO NOTHING;

INSERT INTO app_users (id, school_id, role, full_name, phone, email, password_hash, language_pref, is_phone_verified, is_email_verified, profile_completed, is_active, created_at, updated_at)
VALUES ('59814f73-ce7a-57fc-bb8f-1732d17d266d', NULL, 'parent', 'Subhash Das', '+919822200003', NULL, NULL, 'en', TRUE, FALSE, TRUE, TRUE, '2026-06-07 09:00:00', '2026-06-07 09:00:00')
ON CONFLICT (id) DO NOTHING;

INSERT INTO app_users (id, school_id, role, full_name, phone, email, password_hash, language_pref, is_phone_verified, is_email_verified, profile_completed, is_active, created_at, updated_at)
VALUES ('570c5fc5-aac0-5b3e-a556-e6bfb88b230b', NULL, 'parent', 'Priyanka Sen', '+919822200004', NULL, NULL, 'en', TRUE, FALSE, TRUE, TRUE, '2026-06-07 09:00:00', '2026-06-07 09:00:00')
ON CONFLICT (id) DO NOTHING;

INSERT INTO app_users (id, school_id, role, full_name, phone, email, password_hash, language_pref, is_phone_verified, is_email_verified, profile_completed, is_active, created_at, updated_at)
VALUES ('6ec00eb9-ee54-54ca-b7dc-230bf0483095', NULL, 'parent', 'Soumitra Chowdhury', '+919822200005', NULL, NULL, 'en', TRUE, FALSE, TRUE, TRUE, '2026-06-07 09:00:00', '2026-06-07 09:00:00')
ON CONFLICT (id) DO NOTHING;

INSERT INTO app_users (id, school_id, role, full_name, phone, email, password_hash, language_pref, is_phone_verified, is_email_verified, profile_completed, is_active, created_at, updated_at)
VALUES ('c5a3f433-e4c0-5aaf-8dbc-62fd39f1953d', NULL, 'parent', 'Tanvi Mukherjee', '+919822200006', NULL, NULL, 'en', TRUE, FALSE, TRUE, TRUE, '2026-06-07 09:00:00', '2026-06-07 09:00:00')
ON CONFLICT (id) DO NOTHING;

-- -----------------------------------------------------------------------------
-- 11. Parent -> child links (children.school_id is the parent-side tenancy key)
-- -----------------------------------------------------------------------------
INSERT INTO children (id, parent_id, school_id, student_code, child_name, date_of_birth, gender, current_grade, interests, overall_progress, current_level, attendance_status, is_active, created_at, updated_at)
VALUES ('e72f5a0b-f1b8-5a40-bb61-039527dd05fb', 'da630943-6032-52e4-b723-32eafae6c525', '08bdd3c7-7dfb-536d-9f13-2b6e38de31e4', 'S1-G3A-001', 'Aarav Singh', '2015-04-12', 'OTHER', 'Grade 3', '["reading","sports"]', 0.72, 4, 'PRESENT', TRUE, '2026-06-07 09:00:00', '2026-06-07 09:00:00')
ON CONFLICT (id) DO NOTHING;

INSERT INTO children (id, parent_id, school_id, student_code, child_name, date_of_birth, gender, current_grade, interests, overall_progress, current_level, attendance_status, is_active, created_at, updated_at)
VALUES ('4a56bc2d-031d-5d89-b4ae-f16421652a28', '0c668b25-287a-5114-9d8a-9d4578a82fb7', '08bdd3c7-7dfb-536d-9f13-2b6e38de31e4', 'S1-G3B-001', 'Diya Mishra', '2015-04-12', 'OTHER', 'Grade 3', '["reading","sports"]', 0.72, 4, 'PRESENT', TRUE, '2026-06-07 09:00:00', '2026-06-07 09:00:00')
ON CONFLICT (id) DO NOTHING;

INSERT INTO children (id, parent_id, school_id, student_code, child_name, date_of_birth, gender, current_grade, interests, overall_progress, current_level, attendance_status, is_active, created_at, updated_at)
VALUES ('d3c78fa7-0151-558c-b5d5-986707bf51f4', 'f003fb55-9008-544e-9d59-315b3863521c', '08bdd3c7-7dfb-536d-9f13-2b6e38de31e4', 'S1-G5A-001', 'Ishan Kapoor', '2015-04-12', 'OTHER', 'Grade 5', '["reading","sports"]', 0.72, 4, 'PRESENT', TRUE, '2026-06-07 09:00:00', '2026-06-07 09:00:00')
ON CONFLICT (id) DO NOTHING;

INSERT INTO children (id, parent_id, school_id, student_code, child_name, date_of_birth, gender, current_grade, interests, overall_progress, current_level, attendance_status, is_active, created_at, updated_at)
VALUES ('4e7314e5-791a-5f98-a015-46ea4e3535e2', 'f003fb55-9008-544e-9d59-315b3863521c', '08bdd3c7-7dfb-536d-9f13-2b6e38de31e4', 'S1-G8A-004', 'Pari Agarwal', '2015-04-12', 'OTHER', 'Grade 8', '["reading","sports"]', 0.72, 4, 'PRESENT', TRUE, '2026-06-07 09:00:00', '2026-06-07 09:00:00')
ON CONFLICT (id) DO NOTHING;

INSERT INTO children (id, parent_id, school_id, student_code, child_name, date_of_birth, gender, current_grade, interests, overall_progress, current_level, attendance_status, is_active, created_at, updated_at)
VALUES ('2671cf97-5e98-555f-afa1-8f5e16b04925', 'dee299ef-0aa2-5cf9-ad3e-cc42b62297e6', '08bdd3c7-7dfb-536d-9f13-2b6e38de31e4', 'S1-G5A-002', 'Jiya Saxena', '2015-04-12', 'OTHER', 'Grade 5', '["reading","sports"]', 0.72, 4, 'PRESENT', TRUE, '2026-06-07 09:00:00', '2026-06-07 09:00:00')
ON CONFLICT (id) DO NOTHING;

INSERT INTO children (id, parent_id, school_id, student_code, child_name, date_of_birth, gender, current_grade, interests, overall_progress, current_level, attendance_status, is_active, created_at, updated_at)
VALUES ('cbdf5765-7830-5527-9a94-7b4f31be8ab7', '8fac62fe-1f4a-54f3-91a9-651274e9ce29', '08bdd3c7-7dfb-536d-9f13-2b6e38de31e4', 'S1-G8A-001', 'Manav Joshi', '2015-04-12', 'OTHER', 'Grade 8', '["reading","sports"]', 0.72, 4, 'PRESENT', TRUE, '2026-06-07 09:00:00', '2026-06-07 09:00:00')
ON CONFLICT (id) DO NOTHING;

INSERT INTO children (id, parent_id, school_id, student_code, child_name, date_of_birth, gender, current_grade, interests, overall_progress, current_level, attendance_status, is_active, created_at, updated_at)
VALUES ('77e1ccf4-0f06-5c69-9f40-69ef11758ac5', '8fac62fe-1f4a-54f3-91a9-651274e9ce29', '08bdd3c7-7dfb-536d-9f13-2b6e38de31e4', 'S1-G8A-002', 'Nisha Bansal', '2015-04-12', 'OTHER', 'Grade 8', '["reading","sports"]', 0.72, 4, 'PRESENT', TRUE, '2026-06-07 09:00:00', '2026-06-07 09:00:00')
ON CONFLICT (id) DO NOTHING;

INSERT INTO children (id, parent_id, school_id, student_code, child_name, date_of_birth, gender, current_grade, interests, overall_progress, current_level, attendance_status, is_active, created_at, updated_at)
VALUES ('7f1d484f-f1d1-54b0-805e-5d542850b44a', 'd3d21065-0ce4-55be-84bc-c8aeb4276f89', '583885b4-4f8e-58d1-a6c2-e8a482b4314f', 'S2-G4A-001', 'Reyansh Kumar', '2015-04-12', 'OTHER', 'Grade 4', '["reading","sports"]', 0.72, 4, 'PRESENT', TRUE, '2026-06-07 09:00:00', '2026-06-07 09:00:00')
ON CONFLICT (id) DO NOTHING;

INSERT INTO children (id, parent_id, school_id, student_code, child_name, date_of_birth, gender, current_grade, interests, overall_progress, current_level, attendance_status, is_active, created_at, updated_at)
VALUES ('05c869de-a562-5839-b58b-77d139d7dfec', '7a02cd26-60b0-5d11-bb2c-894c14b66351', '583885b4-4f8e-58d1-a6c2-e8a482b4314f', 'S2-G4A-002', 'Saanvi Bose', '2015-04-12', 'OTHER', 'Grade 4', '["reading","sports"]', 0.72, 4, 'PRESENT', TRUE, '2026-06-07 09:00:00', '2026-06-07 09:00:00')
ON CONFLICT (id) DO NOTHING;

INSERT INTO children (id, parent_id, school_id, student_code, child_name, date_of_birth, gender, current_grade, interests, overall_progress, current_level, attendance_status, is_active, created_at, updated_at)
VALUES ('1370532e-764a-53f7-ae19-08ec23a0ea74', '59814f73-ce7a-57fc-bb8f-1732d17d266d', '583885b4-4f8e-58d1-a6c2-e8a482b4314f', 'S2-G6A-001', 'Udayan Das', '2015-04-12', 'OTHER', 'Grade 6', '["reading","sports"]', 0.72, 4, 'PRESENT', TRUE, '2026-06-07 09:00:00', '2026-06-07 09:00:00')
ON CONFLICT (id) DO NOTHING;

INSERT INTO children (id, parent_id, school_id, student_code, child_name, date_of_birth, gender, current_grade, interests, overall_progress, current_level, attendance_status, is_active, created_at, updated_at)
VALUES ('3e5acdb9-e25e-54b8-8618-ee95b0b8f472', '59814f73-ce7a-57fc-bb8f-1732d17d266d', '583885b4-4f8e-58d1-a6c2-e8a482b4314f', 'S2-G9A-001', 'Yash Banerjee', '2015-04-12', 'OTHER', 'Grade 9', '["reading","sports"]', 0.72, 4, 'PRESENT', TRUE, '2026-06-07 09:00:00', '2026-06-07 09:00:00')
ON CONFLICT (id) DO NOTHING;

INSERT INTO children (id, parent_id, school_id, student_code, child_name, date_of_birth, gender, current_grade, interests, overall_progress, current_level, attendance_status, is_active, created_at, updated_at)
VALUES ('20a7d712-95b2-5c8c-ba59-71c945ba17fb', '570c5fc5-aac0-5b3e-a556-e6bfb88b230b', '583885b4-4f8e-58d1-a6c2-e8a482b4314f', 'S2-G6A-002', 'Vihaan Sen', '2015-04-12', 'OTHER', 'Grade 6', '["reading","sports"]', 0.72, 4, 'PRESENT', TRUE, '2026-06-07 09:00:00', '2026-06-07 09:00:00')
ON CONFLICT (id) DO NOTHING;

INSERT INTO children (id, parent_id, school_id, student_code, child_name, date_of_birth, gender, current_grade, interests, overall_progress, current_level, attendance_status, is_active, created_at, updated_at)
VALUES ('a3b5974c-3150-53bf-8588-3f77b52b5f3e', '6ec00eb9-ee54-54ca-b7dc-230bf0483095', '583885b4-4f8e-58d1-a6c2-e8a482b4314f', 'S2-G6B-001', 'Xen Chowdhury', '2015-04-12', 'OTHER', 'Grade 6', '["reading","sports"]', 0.72, 4, 'PRESENT', TRUE, '2026-06-07 09:00:00', '2026-06-07 09:00:00')
ON CONFLICT (id) DO NOTHING;

INSERT INTO children (id, parent_id, school_id, student_code, child_name, date_of_birth, gender, current_grade, interests, overall_progress, current_level, attendance_status, is_active, created_at, updated_at)
VALUES ('d9d72b52-769c-50c1-885c-9e9d66fcf817', 'c5a3f433-e4c0-5aaf-8dbc-62fd39f1953d', '583885b4-4f8e-58d1-a6c2-e8a482b4314f', 'S2-G9A-002', 'Zara Mukherjee', '2015-04-12', 'OTHER', 'Grade 9', '["reading","sports"]', 0.72, 4, 'PRESENT', TRUE, '2026-06-07 09:00:00', '2026-06-07 09:00:00')
ON CONFLICT (id) DO NOTHING;

INSERT INTO children (id, parent_id, school_id, student_code, child_name, date_of_birth, gender, current_grade, interests, overall_progress, current_level, attendance_status, is_active, created_at, updated_at)
VALUES ('f35fb2bb-2f07-5c47-a7a3-9cabe4662dfe', 'c5a3f433-e4c0-5aaf-8dbc-62fd39f1953d', '583885b4-4f8e-58d1-a6c2-e8a482b4314f', 'S2-G9A-003', 'Aadya Ghosh', '2015-04-12', 'OTHER', 'Grade 9', '["reading","sports"]', 0.72, 4, 'PRESENT', TRUE, '2026-06-07 09:00:00', '2026-06-07 09:00:00')
ON CONFLICT (id) DO NOTHING;

-- -----------------------------------------------------------------------------
-- 12. Attendance records (last 30 days, student-type, ~92% PRESENT mix)
-- -----------------------------------------------------------------------------
INSERT INTO attendance_records (id, school_id, date, type, person_id, grade, status, marked_by, created_at) VALUES ('2b156282-6b78-5871-9f76-879653d744e9', '08bdd3c7-7dfb-536d-9f13-2b6e38de31e4', '2026-06-06', 'student', 'S1-G3A-001', 'Grade 3', 'PRESENT', 'c1988c4f-2fa2-55c0-8e81-0c40098eef9b', '2026-06-06 09:00:00') ON CONFLICT (id) DO NOTHING;
INSERT INTO attendance_records (id, school_id, date, type, person_id, grade, status, marked_by, created_at) VALUES ('6ba70e16-75d2-581b-98ff-47ff8ef698e5', '08bdd3c7-7dfb-536d-9f13-2b6e38de31e4', '2026-06-05', 'student', 'S1-G3A-001', 'Grade 3', 'PRESENT', 'c1988c4f-2fa2-55c0-8e81-0c40098eef9b', '2026-06-05 09:00:00') ON CONFLICT (id) DO NOTHING;
INSERT INTO attendance_records (id, school_id, date, type, person_id, grade, status, marked_by, created_at) VALUES ('664985de-c671-5e47-a030-48e919a0caf3', '08bdd3c7-7dfb-536d-9f13-2b6e38de31e4', '2026-06-04', 'student', 'S1-G3A-001', 'Grade 3', 'PRESENT', 'c1988c4f-2fa2-55c0-8e81-0c40098eef9b', '2026-06-04 09:00:00') ON CONFLICT (id) DO NOTHING;
INSERT INTO attendance_records (id, school_id, date, type, person_id, grade, status, marked_by, created_at) VALUES ('81866740-908c-5353-9104-87be2468300e', '08bdd3c7-7dfb-536d-9f13-2b6e38de31e4', '2026-06-03', 'student', 'S1-G3A-001', 'Grade 3', 'PRESENT', 'c1988c4f-2fa2-55c0-8e81-0c40098eef9b', '2026-06-03 09:00:00') ON CONFLICT (id) DO NOTHING;
INSERT INTO attendance_records (id, school_id, date, type, person_id, grade, status, marked_by, created_at) VALUES ('443e9a5b-67c0-5653-864e-23b63caaa3f3', '08bdd3c7-7dfb-536d-9f13-2b6e38de31e4', '2026-06-02', 'student', 'S1-G3A-001', 'Grade 3', 'PRESENT', 'c1988c4f-2fa2-55c0-8e81-0c40098eef9b', '2026-06-02 09:00:00') ON CONFLICT (id) DO NOTHING;
INSERT INTO attendance_records (id, school_id, date, type, person_id, grade, status, marked_by, created_at) VALUES ('2e0b4e46-56c5-5e6d-bba0-ab9f57b8b6c8', '08bdd3c7-7dfb-536d-9f13-2b6e38de31e4', '2026-06-01', 'student', 'S1-G3A-001', 'Grade 3', 'LATE', 'c1988c4f-2fa2-55c0-8e81-0c40098eef9b', '2026-06-01 09:00:00') ON CONFLICT (id) DO NOTHING;
INSERT INTO attendance_records (id, school_id, date, type, person_id, grade, status, marked_by, created_at) VALUES ('d2bb4e97-06be-5402-bd1e-378eb3b41159', '08bdd3c7-7dfb-536d-9f13-2b6e38de31e4', '2026-05-30', 'student', 'S1-G3A-001', 'Grade 3', 'PRESENT', 'c1988c4f-2fa2-55c0-8e81-0c40098eef9b', '2026-05-30 09:00:00') ON CONFLICT (id) DO NOTHING;
INSERT INTO attendance_records (id, school_id, date, type, person_id, grade, status, marked_by, created_at) VALUES ('94638b05-d95d-504a-8e29-c37d5af74749', '08bdd3c7-7dfb-536d-9f13-2b6e38de31e4', '2026-05-29', 'student', 'S1-G3A-001', 'Grade 3', 'PRESENT', 'c1988c4f-2fa2-55c0-8e81-0c40098eef9b', '2026-05-29 09:00:00') ON CONFLICT (id) DO NOTHING;
INSERT INTO attendance_records (id, school_id, date, type, person_id, grade, status, marked_by, created_at) VALUES ('1be070ab-d2e6-5e25-80f2-f67994fca8ff', '08bdd3c7-7dfb-536d-9f13-2b6e38de31e4', '2026-05-28', 'student', 'S1-G3A-001', 'Grade 3', 'ABSENT', 'c1988c4f-2fa2-55c0-8e81-0c40098eef9b', '2026-05-28 09:00:00') ON CONFLICT (id) DO NOTHING;
INSERT INTO attendance_records (id, school_id, date, type, person_id, grade, status, marked_by, created_at) VALUES ('79dc28c5-977e-5b3e-b4e9-13cfbd5115ea', '08bdd3c7-7dfb-536d-9f13-2b6e38de31e4', '2026-05-27', 'student', 'S1-G3A-001', 'Grade 3', 'PRESENT', 'c1988c4f-2fa2-55c0-8e81-0c40098eef9b', '2026-05-27 09:00:00') ON CONFLICT (id) DO NOTHING;
INSERT INTO attendance_records (id, school_id, date, type, person_id, grade, status, marked_by, created_at) VALUES ('afca02bb-fa6e-5f83-887d-8f2212298719', '08bdd3c7-7dfb-536d-9f13-2b6e38de31e4', '2026-05-26', 'student', 'S1-G3A-001', 'Grade 3', 'PRESENT', 'c1988c4f-2fa2-55c0-8e81-0c40098eef9b', '2026-05-26 09:00:00') ON CONFLICT (id) DO NOTHING;
INSERT INTO attendance_records (id, school_id, date, type, person_id, grade, status, marked_by, created_at) VALUES ('c709c19b-a6b3-5eea-809a-017315c11573', '08bdd3c7-7dfb-536d-9f13-2b6e38de31e4', '2026-05-25', 'student', 'S1-G3A-001', 'Grade 3', 'PRESENT', 'c1988c4f-2fa2-55c0-8e81-0c40098eef9b', '2026-05-25 09:00:00') ON CONFLICT (id) DO NOTHING;
INSERT INTO attendance_records (id, school_id, date, type, person_id, grade, status, marked_by, created_at) VALUES ('f6cc1239-3415-5059-8faf-484e2a6b61b1', '08bdd3c7-7dfb-536d-9f13-2b6e38de31e4', '2026-05-23', 'student', 'S1-G3A-001', 'Grade 3', 'PRESENT', 'c1988c4f-2fa2-55c0-8e81-0c40098eef9b', '2026-05-23 09:00:00') ON CONFLICT (id) DO NOTHING;
INSERT INTO attendance_records (id, school_id, date, type, person_id, grade, status, marked_by, created_at) VALUES ('7203038a-1719-5f11-8d81-7303892c766a', '08bdd3c7-7dfb-536d-9f13-2b6e38de31e4', '2026-05-22', 'student', 'S1-G3A-001', 'Grade 3', 'PRESENT', 'c1988c4f-2fa2-55c0-8e81-0c40098eef9b', '2026-05-22 09:00:00') ON CONFLICT (id) DO NOTHING;
INSERT INTO attendance_records (id, school_id, date, type, person_id, grade, status, marked_by, created_at) VALUES ('55de9adb-1747-5ba3-a923-926404c5e440', '08bdd3c7-7dfb-536d-9f13-2b6e38de31e4', '2026-05-21', 'student', 'S1-G3A-001', 'Grade 3', 'PRESENT', 'c1988c4f-2fa2-55c0-8e81-0c40098eef9b', '2026-05-21 09:00:00') ON CONFLICT (id) DO NOTHING;
INSERT INTO attendance_records (id, school_id, date, type, person_id, grade, status, marked_by, created_at) VALUES ('482c7676-abad-51ea-ae6f-52aca99c506e', '08bdd3c7-7dfb-536d-9f13-2b6e38de31e4', '2026-05-20', 'student', 'S1-G3A-001', 'Grade 3', 'PRESENT', 'c1988c4f-2fa2-55c0-8e81-0c40098eef9b', '2026-05-20 09:00:00') ON CONFLICT (id) DO NOTHING;
INSERT INTO attendance_records (id, school_id, date, type, person_id, grade, status, marked_by, created_at) VALUES ('7fadc880-08e1-53e3-a60b-12e56b4f8152', '08bdd3c7-7dfb-536d-9f13-2b6e38de31e4', '2026-05-19', 'student', 'S1-G3A-001', 'Grade 3', 'PRESENT', 'c1988c4f-2fa2-55c0-8e81-0c40098eef9b', '2026-05-19 09:00:00') ON CONFLICT (id) DO NOTHING;
INSERT INTO attendance_records (id, school_id, date, type, person_id, grade, status, marked_by, created_at) VALUES ('e94b5e0b-1bc2-5860-922e-184a80198ae0', '08bdd3c7-7dfb-536d-9f13-2b6e38de31e4', '2026-05-18', 'student', 'S1-G3A-001', 'Grade 3', 'PRESENT', 'c1988c4f-2fa2-55c0-8e81-0c40098eef9b', '2026-05-18 09:00:00') ON CONFLICT (id) DO NOTHING;
INSERT INTO attendance_records (id, school_id, date, type, person_id, grade, status, marked_by, created_at) VALUES ('0bbf4edd-3945-5d89-87c3-4ea57ea09229', '08bdd3c7-7dfb-536d-9f13-2b6e38de31e4', '2026-05-16', 'student', 'S1-G3A-001', 'Grade 3', 'LATE', 'c1988c4f-2fa2-55c0-8e81-0c40098eef9b', '2026-05-16 09:00:00') ON CONFLICT (id) DO NOTHING;
INSERT INTO attendance_records (id, school_id, date, type, person_id, grade, status, marked_by, created_at) VALUES ('dea132a4-033d-5187-a24e-d7d71cac557d', '08bdd3c7-7dfb-536d-9f13-2b6e38de31e4', '2026-05-15', 'student', 'S1-G3A-001', 'Grade 3', 'PRESENT', 'c1988c4f-2fa2-55c0-8e81-0c40098eef9b', '2026-05-15 09:00:00') ON CONFLICT (id) DO NOTHING;
INSERT INTO attendance_records (id, school_id, date, type, person_id, grade, status, marked_by, created_at) VALUES ('90db0c67-3a44-5c8a-b228-bfa1b9927b8d', '08bdd3c7-7dfb-536d-9f13-2b6e38de31e4', '2026-05-14', 'student', 'S1-G3A-001', 'Grade 3', 'PRESENT', 'c1988c4f-2fa2-55c0-8e81-0c40098eef9b', '2026-05-14 09:00:00') ON CONFLICT (id) DO NOTHING;
INSERT INTO attendance_records (id, school_id, date, type, person_id, grade, status, marked_by, created_at) VALUES ('7f51da03-7175-57f0-a18a-e6c9508ea326', '08bdd3c7-7dfb-536d-9f13-2b6e38de31e4', '2026-05-13', 'student', 'S1-G3A-001', 'Grade 3', 'PRESENT', 'c1988c4f-2fa2-55c0-8e81-0c40098eef9b', '2026-05-13 09:00:00') ON CONFLICT (id) DO NOTHING;
INSERT INTO attendance_records (id, school_id, date, type, person_id, grade, status, marked_by, created_at) VALUES ('a5ee59ff-18f7-5185-867e-060fbea26457', '08bdd3c7-7dfb-536d-9f13-2b6e38de31e4', '2026-05-12', 'student', 'S1-G3A-001', 'Grade 3', 'PRESENT', 'c1988c4f-2fa2-55c0-8e81-0c40098eef9b', '2026-05-12 09:00:00') ON CONFLICT (id) DO NOTHING;
INSERT INTO attendance_records (id, school_id, date, type, person_id, grade, status, marked_by, created_at) VALUES ('39ba4ae6-70a5-53e1-8ab6-843bcebbb3c8', '08bdd3c7-7dfb-536d-9f13-2b6e38de31e4', '2026-05-11', 'student', 'S1-G3A-001', 'Grade 3', 'PRESENT', 'c1988c4f-2fa2-55c0-8e81-0c40098eef9b', '2026-05-11 09:00:00') ON CONFLICT (id) DO NOTHING;
INSERT INTO attendance_records (id, school_id, date, type, person_id, grade, status, marked_by, created_at) VALUES ('44b4e33b-249e-52ca-993a-a11838e4cea9', '08bdd3c7-7dfb-536d-9f13-2b6e38de31e4', '2026-05-09', 'student', 'S1-G3A-001', 'Grade 3', 'LATE', 'c1988c4f-2fa2-55c0-8e81-0c40098eef9b', '2026-05-09 09:00:00') ON CONFLICT (id) DO NOTHING;
INSERT INTO attendance_records (id, school_id, date, type, person_id, grade, status, marked_by, created_at) VALUES ('36c31555-7931-55ae-b2e7-3b349f7edbc9', '08bdd3c7-7dfb-536d-9f13-2b6e38de31e4', '2026-06-06', 'student', 'S1-G3A-002', 'Grade 3', 'PRESENT', 'c1988c4f-2fa2-55c0-8e81-0c40098eef9b', '2026-06-06 09:00:00') ON CONFLICT (id) DO NOTHING;
INSERT INTO attendance_records (id, school_id, date, type, person_id, grade, status, marked_by, created_at) VALUES ('403590ed-8bb9-533d-b603-e5afe29e32e3', '08bdd3c7-7dfb-536d-9f13-2b6e38de31e4', '2026-06-05', 'student', 'S1-G3A-002', 'Grade 3', 'PRESENT', 'c1988c4f-2fa2-55c0-8e81-0c40098eef9b', '2026-06-05 09:00:00') ON CONFLICT (id) DO NOTHING;
INSERT INTO attendance_records (id, school_id, date, type, person_id, grade, status, marked_by, created_at) VALUES ('a34ee469-02db-537a-85e8-dc75969bd312', '08bdd3c7-7dfb-536d-9f13-2b6e38de31e4', '2026-06-04', 'student', 'S1-G3A-002', 'Grade 3', 'PRESENT', 'c1988c4f-2fa2-55c0-8e81-0c40098eef9b', '2026-06-04 09:00:00') ON CONFLICT (id) DO NOTHING;
INSERT INTO attendance_records (id, school_id, date, type, person_id, grade, status, marked_by, created_at) VALUES ('eae4e83a-10e9-5ccd-b580-4d8a1d62a6d1', '08bdd3c7-7dfb-536d-9f13-2b6e38de31e4', '2026-06-03', 'student', 'S1-G3A-002', 'Grade 3', 'PRESENT', 'c1988c4f-2fa2-55c0-8e81-0c40098eef9b', '2026-06-03 09:00:00') ON CONFLICT (id) DO NOTHING;
INSERT INTO attendance_records (id, school_id, date, type, person_id, grade, status, marked_by, created_at) VALUES ('444ad406-e634-5997-9d6a-9db049f20c52', '08bdd3c7-7dfb-536d-9f13-2b6e38de31e4', '2026-06-02', 'student', 'S1-G3A-002', 'Grade 3', 'PRESENT', 'c1988c4f-2fa2-55c0-8e81-0c40098eef9b', '2026-06-02 09:00:00') ON CONFLICT (id) DO NOTHING;
INSERT INTO attendance_records (id, school_id, date, type, person_id, grade, status, marked_by, created_at) VALUES ('4aa12bb9-9f63-5963-b855-b8a476b23c1e', '08bdd3c7-7dfb-536d-9f13-2b6e38de31e4', '2026-06-01', 'student', 'S1-G3A-002', 'Grade 3', 'PRESENT', 'c1988c4f-2fa2-55c0-8e81-0c40098eef9b', '2026-06-01 09:00:00') ON CONFLICT (id) DO NOTHING;
INSERT INTO attendance_records (id, school_id, date, type, person_id, grade, status, marked_by, created_at) VALUES ('14976240-20be-5bd4-bb5b-0a2f7394ae6e', '08bdd3c7-7dfb-536d-9f13-2b6e38de31e4', '2026-05-30', 'student', 'S1-G3A-002', 'Grade 3', 'PRESENT', 'c1988c4f-2fa2-55c0-8e81-0c40098eef9b', '2026-05-30 09:00:00') ON CONFLICT (id) DO NOTHING;
INSERT INTO attendance_records (id, school_id, date, type, person_id, grade, status, marked_by, created_at) VALUES ('04237ac1-3316-5e0e-a149-be4fb0daec24', '08bdd3c7-7dfb-536d-9f13-2b6e38de31e4', '2026-05-29', 'student', 'S1-G3A-002', 'Grade 3', 'PRESENT', 'c1988c4f-2fa2-55c0-8e81-0c40098eef9b', '2026-05-29 09:00:00') ON CONFLICT (id) DO NOTHING;
INSERT INTO attendance_records (id, school_id, date, type, person_id, grade, status, marked_by, created_at) VALUES ('6064f9bc-057a-55f6-bb7c-5398f47096d7', '08bdd3c7-7dfb-536d-9f13-2b6e38de31e4', '2026-05-28', 'student', 'S1-G3A-002', 'Grade 3', 'PRESENT', 'c1988c4f-2fa2-55c0-8e81-0c40098eef9b', '2026-05-28 09:00:00') ON CONFLICT (id) DO NOTHING;
INSERT INTO attendance_records (id, school_id, date, type, person_id, grade, status, marked_by, created_at) VALUES ('120de9b5-ec28-56db-89cf-769e86b84264', '08bdd3c7-7dfb-536d-9f13-2b6e38de31e4', '2026-05-27', 'student', 'S1-G3A-002', 'Grade 3', 'PRESENT', 'c1988c4f-2fa2-55c0-8e81-0c40098eef9b', '2026-05-27 09:00:00') ON CONFLICT (id) DO NOTHING;
INSERT INTO attendance_records (id, school_id, date, type, person_id, grade, status, marked_by, created_at) VALUES ('54e237ca-dd45-57bb-a00a-cf7350f49d53', '08bdd3c7-7dfb-536d-9f13-2b6e38de31e4', '2026-05-26', 'student', 'S1-G3A-002', 'Grade 3', 'PRESENT', 'c1988c4f-2fa2-55c0-8e81-0c40098eef9b', '2026-05-26 09:00:00') ON CONFLICT (id) DO NOTHING;
INSERT INTO attendance_records (id, school_id, date, type, person_id, grade, status, marked_by, created_at) VALUES ('f9154112-a731-56a2-a524-c59f94051337', '08bdd3c7-7dfb-536d-9f13-2b6e38de31e4', '2026-05-25', 'student', 'S1-G3A-002', 'Grade 3', 'PRESENT', 'c1988c4f-2fa2-55c0-8e81-0c40098eef9b', '2026-05-25 09:00:00') ON CONFLICT (id) DO NOTHING;
INSERT INTO attendance_records (id, school_id, date, type, person_id, grade, status, marked_by, created_at) VALUES ('0b60c328-d131-5b08-84bf-758f8aa382b7', '08bdd3c7-7dfb-536d-9f13-2b6e38de31e4', '2026-05-23', 'student', 'S1-G3A-002', 'Grade 3', 'PRESENT', 'c1988c4f-2fa2-55c0-8e81-0c40098eef9b', '2026-05-23 09:00:00') ON CONFLICT (id) DO NOTHING;
INSERT INTO attendance_records (id, school_id, date, type, person_id, grade, status, marked_by, created_at) VALUES ('8570993b-42d2-51cf-be3f-3263b65f7b5e', '08bdd3c7-7dfb-536d-9f13-2b6e38de31e4', '2026-05-22', 'student', 'S1-G3A-002', 'Grade 3', 'PRESENT', 'c1988c4f-2fa2-55c0-8e81-0c40098eef9b', '2026-05-22 09:00:00') ON CONFLICT (id) DO NOTHING;
INSERT INTO attendance_records (id, school_id, date, type, person_id, grade, status, marked_by, created_at) VALUES ('6ef01386-6c97-59de-b7eb-b1b4ae779292', '08bdd3c7-7dfb-536d-9f13-2b6e38de31e4', '2026-05-21', 'student', 'S1-G3A-002', 'Grade 3', 'PRESENT', 'c1988c4f-2fa2-55c0-8e81-0c40098eef9b', '2026-05-21 09:00:00') ON CONFLICT (id) DO NOTHING;
INSERT INTO attendance_records (id, school_id, date, type, person_id, grade, status, marked_by, created_at) VALUES ('d158d5b3-bf91-51e4-b3a8-16d578a50c09', '08bdd3c7-7dfb-536d-9f13-2b6e38de31e4', '2026-05-20', 'student', 'S1-G3A-002', 'Grade 3', 'PRESENT', 'c1988c4f-2fa2-55c0-8e81-0c40098eef9b', '2026-05-20 09:00:00') ON CONFLICT (id) DO NOTHING;
INSERT INTO attendance_records (id, school_id, date, type, person_id, grade, status, marked_by, created_at) VALUES ('5faf130c-3c4e-5128-b2ec-e424493d8d57', '08bdd3c7-7dfb-536d-9f13-2b6e38de31e4', '2026-05-19', 'student', 'S1-G3A-002', 'Grade 3', 'PRESENT', 'c1988c4f-2fa2-55c0-8e81-0c40098eef9b', '2026-05-19 09:00:00') ON CONFLICT (id) DO NOTHING;
INSERT INTO attendance_records (id, school_id, date, type, person_id, grade, status, marked_by, created_at) VALUES ('60d4a141-7f59-5a5d-ac98-95cfbb0ac204', '08bdd3c7-7dfb-536d-9f13-2b6e38de31e4', '2026-05-18', 'student', 'S1-G3A-002', 'Grade 3', 'PRESENT', 'c1988c4f-2fa2-55c0-8e81-0c40098eef9b', '2026-05-18 09:00:00') ON CONFLICT (id) DO NOTHING;
INSERT INTO attendance_records (id, school_id, date, type, person_id, grade, status, marked_by, created_at) VALUES ('7c0a48b1-a5ad-5a96-acbb-06a240270c4b', '08bdd3c7-7dfb-536d-9f13-2b6e38de31e4', '2026-05-16', 'student', 'S1-G3A-002', 'Grade 3', 'PRESENT', 'c1988c4f-2fa2-55c0-8e81-0c40098eef9b', '2026-05-16 09:00:00') ON CONFLICT (id) DO NOTHING;
INSERT INTO attendance_records (id, school_id, date, type, person_id, grade, status, marked_by, created_at) VALUES ('4b9ff952-2aac-53fd-b4ec-637a965a5134', '08bdd3c7-7dfb-536d-9f13-2b6e38de31e4', '2026-05-15', 'student', 'S1-G3A-002', 'Grade 3', 'PRESENT', 'c1988c4f-2fa2-55c0-8e81-0c40098eef9b', '2026-05-15 09:00:00') ON CONFLICT (id) DO NOTHING;
INSERT INTO attendance_records (id, school_id, date, type, person_id, grade, status, marked_by, created_at) VALUES ('f28e5d22-7ef4-5252-994d-38b045072e7c', '08bdd3c7-7dfb-536d-9f13-2b6e38de31e4', '2026-05-14', 'student', 'S1-G3A-002', 'Grade 3', 'PRESENT', 'c1988c4f-2fa2-55c0-8e81-0c40098eef9b', '2026-05-14 09:00:00') ON CONFLICT (id) DO NOTHING;
INSERT INTO attendance_records (id, school_id, date, type, person_id, grade, status, marked_by, created_at) VALUES ('944a8695-22bf-5c5f-ad39-a18b3b544a1e', '08bdd3c7-7dfb-536d-9f13-2b6e38de31e4', '2026-05-13', 'student', 'S1-G3A-002', 'Grade 3', 'PRESENT', 'c1988c4f-2fa2-55c0-8e81-0c40098eef9b', '2026-05-13 09:00:00') ON CONFLICT (id) DO NOTHING;
INSERT INTO attendance_records (id, school_id, date, type, person_id, grade, status, marked_by, created_at) VALUES ('0060c9ec-79d0-57f3-aec5-e9a5771985c4', '08bdd3c7-7dfb-536d-9f13-2b6e38de31e4', '2026-05-12', 'student', 'S1-G3A-002', 'Grade 3', 'PRESENT', 'c1988c4f-2fa2-55c0-8e81-0c40098eef9b', '2026-05-12 09:00:00') ON CONFLICT (id) DO NOTHING;
INSERT INTO attendance_records (id, school_id, date, type, person_id, grade, status, marked_by, created_at) VALUES ('affd489f-dd62-554e-8edf-64966931a1ba', '08bdd3c7-7dfb-536d-9f13-2b6e38de31e4', '2026-05-11', 'student', 'S1-G3A-002', 'Grade 3', 'PRESENT', 'c1988c4f-2fa2-55c0-8e81-0c40098eef9b', '2026-05-11 09:00:00') ON CONFLICT (id) DO NOTHING;
INSERT INTO attendance_records (id, school_id, date, type, person_id, grade, status, marked_by, created_at) VALUES ('f587b8b6-7834-5c06-b4c8-4e8bd7169897', '08bdd3c7-7dfb-536d-9f13-2b6e38de31e4', '2026-05-09', 'student', 'S1-G3A-002', 'Grade 3', 'PRESENT', 'c1988c4f-2fa2-55c0-8e81-0c40098eef9b', '2026-05-09 09:00:00') ON CONFLICT (id) DO NOTHING;
INSERT INTO attendance_records (id, school_id, date, type, person_id, grade, status, marked_by, created_at) VALUES ('598658e1-66f2-538c-a444-3e1e4a588920', '08bdd3c7-7dfb-536d-9f13-2b6e38de31e4', '2026-06-06', 'student', 'S1-G3A-003', 'Grade 3', 'ABSENT', 'c1988c4f-2fa2-55c0-8e81-0c40098eef9b', '2026-06-06 09:00:00') ON CONFLICT (id) DO NOTHING;
INSERT INTO attendance_records (id, school_id, date, type, person_id, grade, status, marked_by, created_at) VALUES ('5666b67c-c514-5cf0-92eb-7346b441e6a1', '08bdd3c7-7dfb-536d-9f13-2b6e38de31e4', '2026-06-05', 'student', 'S1-G3A-003', 'Grade 3', 'PRESENT', 'c1988c4f-2fa2-55c0-8e81-0c40098eef9b', '2026-06-05 09:00:00') ON CONFLICT (id) DO NOTHING;
INSERT INTO attendance_records (id, school_id, date, type, person_id, grade, status, marked_by, created_at) VALUES ('9ed59e2f-bb33-51ef-81b1-d15b2b7b0201', '08bdd3c7-7dfb-536d-9f13-2b6e38de31e4', '2026-06-04', 'student', 'S1-G3A-003', 'Grade 3', 'PRESENT', 'c1988c4f-2fa2-55c0-8e81-0c40098eef9b', '2026-06-04 09:00:00') ON CONFLICT (id) DO NOTHING;
INSERT INTO attendance_records (id, school_id, date, type, person_id, grade, status, marked_by, created_at) VALUES ('5e0bd729-6862-5d3d-9e71-d12af6bd47ef', '08bdd3c7-7dfb-536d-9f13-2b6e38de31e4', '2026-06-03', 'student', 'S1-G3A-003', 'Grade 3', 'PRESENT', 'c1988c4f-2fa2-55c0-8e81-0c40098eef9b', '2026-06-03 09:00:00') ON CONFLICT (id) DO NOTHING;
INSERT INTO attendance_records (id, school_id, date, type, person_id, grade, status, marked_by, created_at) VALUES ('dc453c62-f975-580d-9e78-b91ad85870e3', '08bdd3c7-7dfb-536d-9f13-2b6e38de31e4', '2026-06-02', 'student', 'S1-G3A-003', 'Grade 3', 'PRESENT', 'c1988c4f-2fa2-55c0-8e81-0c40098eef9b', '2026-06-02 09:00:00') ON CONFLICT (id) DO NOTHING;
INSERT INTO attendance_records (id, school_id, date, type, person_id, grade, status, marked_by, created_at) VALUES ('5423008a-65aa-5382-81a6-b47e89caa035', '08bdd3c7-7dfb-536d-9f13-2b6e38de31e4', '2026-06-01', 'student', 'S1-G3A-003', 'Grade 3', 'PRESENT', 'c1988c4f-2fa2-55c0-8e81-0c40098eef9b', '2026-06-01 09:00:00') ON CONFLICT (id) DO NOTHING;
INSERT INTO attendance_records (id, school_id, date, type, person_id, grade, status, marked_by, created_at) VALUES ('13902400-5059-5a4b-97ae-5a82750362a5', '08bdd3c7-7dfb-536d-9f13-2b6e38de31e4', '2026-05-30', 'student', 'S1-G3A-003', 'Grade 3', 'PRESENT', 'c1988c4f-2fa2-55c0-8e81-0c40098eef9b', '2026-05-30 09:00:00') ON CONFLICT (id) DO NOTHING;
INSERT INTO attendance_records (id, school_id, date, type, person_id, grade, status, marked_by, created_at) VALUES ('d5ceea77-ab17-5dbb-ab18-27c6f0eedb38', '08bdd3c7-7dfb-536d-9f13-2b6e38de31e4', '2026-05-29', 'student', 'S1-G3A-003', 'Grade 3', 'PRESENT', 'c1988c4f-2fa2-55c0-8e81-0c40098eef9b', '2026-05-29 09:00:00') ON CONFLICT (id) DO NOTHING;
INSERT INTO attendance_records (id, school_id, date, type, person_id, grade, status, marked_by, created_at) VALUES ('1b21221f-5372-594e-8d96-4d73442e4541', '08bdd3c7-7dfb-536d-9f13-2b6e38de31e4', '2026-05-28', 'student', 'S1-G3A-003', 'Grade 3', 'PRESENT', 'c1988c4f-2fa2-55c0-8e81-0c40098eef9b', '2026-05-28 09:00:00') ON CONFLICT (id) DO NOTHING;
INSERT INTO attendance_records (id, school_id, date, type, person_id, grade, status, marked_by, created_at) VALUES ('c7737e18-cf1e-510c-8f60-4bc2d55c5461', '08bdd3c7-7dfb-536d-9f13-2b6e38de31e4', '2026-05-27', 'student', 'S1-G3A-003', 'Grade 3', 'PRESENT', 'c1988c4f-2fa2-55c0-8e81-0c40098eef9b', '2026-05-27 09:00:00') ON CONFLICT (id) DO NOTHING;
INSERT INTO attendance_records (id, school_id, date, type, person_id, grade, status, marked_by, created_at) VALUES ('8d5cb0a5-c333-5302-8963-fd3d8e075b45', '08bdd3c7-7dfb-536d-9f13-2b6e38de31e4', '2026-05-26', 'student', 'S1-G3A-003', 'Grade 3', 'PRESENT', 'c1988c4f-2fa2-55c0-8e81-0c40098eef9b', '2026-05-26 09:00:00') ON CONFLICT (id) DO NOTHING;
INSERT INTO attendance_records (id, school_id, date, type, person_id, grade, status, marked_by, created_at) VALUES ('8a6f83a2-1c22-5770-bd42-b138339991fd', '08bdd3c7-7dfb-536d-9f13-2b6e38de31e4', '2026-05-25', 'student', 'S1-G3A-003', 'Grade 3', 'PRESENT', 'c1988c4f-2fa2-55c0-8e81-0c40098eef9b', '2026-05-25 09:00:00') ON CONFLICT (id) DO NOTHING;
INSERT INTO attendance_records (id, school_id, date, type, person_id, grade, status, marked_by, created_at) VALUES ('283b1ac8-8b64-5f58-af2a-365a6f5d8383', '08bdd3c7-7dfb-536d-9f13-2b6e38de31e4', '2026-05-23', 'student', 'S1-G3A-003', 'Grade 3', 'PRESENT', 'c1988c4f-2fa2-55c0-8e81-0c40098eef9b', '2026-05-23 09:00:00') ON CONFLICT (id) DO NOTHING;
INSERT INTO attendance_records (id, school_id, date, type, person_id, grade, status, marked_by, created_at) VALUES ('f8163d3b-7728-5e0d-81aa-8634625ae207', '08bdd3c7-7dfb-536d-9f13-2b6e38de31e4', '2026-05-22', 'student', 'S1-G3A-003', 'Grade 3', 'PRESENT', 'c1988c4f-2fa2-55c0-8e81-0c40098eef9b', '2026-05-22 09:00:00') ON CONFLICT (id) DO NOTHING;
INSERT INTO attendance_records (id, school_id, date, type, person_id, grade, status, marked_by, created_at) VALUES ('63ee0113-a0cd-5f96-9eb0-28640a7c88b5', '08bdd3c7-7dfb-536d-9f13-2b6e38de31e4', '2026-05-21', 'student', 'S1-G3A-003', 'Grade 3', 'PRESENT', 'c1988c4f-2fa2-55c0-8e81-0c40098eef9b', '2026-05-21 09:00:00') ON CONFLICT (id) DO NOTHING;
INSERT INTO attendance_records (id, school_id, date, type, person_id, grade, status, marked_by, created_at) VALUES ('3867cd83-0512-58e5-8921-f1a94acefbde', '08bdd3c7-7dfb-536d-9f13-2b6e38de31e4', '2026-05-20', 'student', 'S1-G3A-003', 'Grade 3', 'PRESENT', 'c1988c4f-2fa2-55c0-8e81-0c40098eef9b', '2026-05-20 09:00:00') ON CONFLICT (id) DO NOTHING;
INSERT INTO attendance_records (id, school_id, date, type, person_id, grade, status, marked_by, created_at) VALUES ('1aeaf549-3ae9-51db-ab58-a6b79b035d3c', '08bdd3c7-7dfb-536d-9f13-2b6e38de31e4', '2026-05-19', 'student', 'S1-G3A-003', 'Grade 3', 'PRESENT', 'c1988c4f-2fa2-55c0-8e81-0c40098eef9b', '2026-05-19 09:00:00') ON CONFLICT (id) DO NOTHING;
INSERT INTO attendance_records (id, school_id, date, type, person_id, grade, status, marked_by, created_at) VALUES ('03fdc0f9-68e3-56e0-abe4-46d57374202c', '08bdd3c7-7dfb-536d-9f13-2b6e38de31e4', '2026-05-18', 'student', 'S1-G3A-003', 'Grade 3', 'PRESENT', 'c1988c4f-2fa2-55c0-8e81-0c40098eef9b', '2026-05-18 09:00:00') ON CONFLICT (id) DO NOTHING;
INSERT INTO attendance_records (id, school_id, date, type, person_id, grade, status, marked_by, created_at) VALUES ('cf373b7b-2bfd-57ec-bba7-3446fe97503e', '08bdd3c7-7dfb-536d-9f13-2b6e38de31e4', '2026-05-16', 'student', 'S1-G3A-003', 'Grade 3', 'PRESENT', 'c1988c4f-2fa2-55c0-8e81-0c40098eef9b', '2026-05-16 09:00:00') ON CONFLICT (id) DO NOTHING;
INSERT INTO attendance_records (id, school_id, date, type, person_id, grade, status, marked_by, created_at) VALUES ('652714ee-0827-5f2e-8bf3-60d83808f7e7', '08bdd3c7-7dfb-536d-9f13-2b6e38de31e4', '2026-05-15', 'student', 'S1-G3A-003', 'Grade 3', 'PRESENT', 'c1988c4f-2fa2-55c0-8e81-0c40098eef9b', '2026-05-15 09:00:00') ON CONFLICT (id) DO NOTHING;
INSERT INTO attendance_records (id, school_id, date, type, person_id, grade, status, marked_by, created_at) VALUES ('3d3c4bd0-9c31-595d-bbd3-28272b631ca8', '08bdd3c7-7dfb-536d-9f13-2b6e38de31e4', '2026-05-14', 'student', 'S1-G3A-003', 'Grade 3', 'PRESENT', 'c1988c4f-2fa2-55c0-8e81-0c40098eef9b', '2026-05-14 09:00:00') ON CONFLICT (id) DO NOTHING;
INSERT INTO attendance_records (id, school_id, date, type, person_id, grade, status, marked_by, created_at) VALUES ('48211ec6-f351-5035-90e3-b1853a922441', '08bdd3c7-7dfb-536d-9f13-2b6e38de31e4', '2026-05-13', 'student', 'S1-G3A-003', 'Grade 3', 'PRESENT', 'c1988c4f-2fa2-55c0-8e81-0c40098eef9b', '2026-05-13 09:00:00') ON CONFLICT (id) DO NOTHING;
INSERT INTO attendance_records (id, school_id, date, type, person_id, grade, status, marked_by, created_at) VALUES ('b4f6d9de-544b-5d41-b8da-2728b85a5586', '08bdd3c7-7dfb-536d-9f13-2b6e38de31e4', '2026-05-12', 'student', 'S1-G3A-003', 'Grade 3', 'PRESENT', 'c1988c4f-2fa2-55c0-8e81-0c40098eef9b', '2026-05-12 09:00:00') ON CONFLICT (id) DO NOTHING;
INSERT INTO attendance_records (id, school_id, date, type, person_id, grade, status, marked_by, created_at) VALUES ('717f8fb0-0bc1-5006-8c38-84049e357e37', '08bdd3c7-7dfb-536d-9f13-2b6e38de31e4', '2026-05-11', 'student', 'S1-G3A-003', 'Grade 3', 'PRESENT', 'c1988c4f-2fa2-55c0-8e81-0c40098eef9b', '2026-05-11 09:00:00') ON CONFLICT (id) DO NOTHING;
INSERT INTO attendance_records (id, school_id, date, type, person_id, grade, status, marked_by, created_at) VALUES ('17502f90-ec8c-570b-91ac-230aae794102', '08bdd3c7-7dfb-536d-9f13-2b6e38de31e4', '2026-05-09', 'student', 'S1-G3A-003', 'Grade 3', 'PRESENT', 'c1988c4f-2fa2-55c0-8e81-0c40098eef9b', '2026-05-09 09:00:00') ON CONFLICT (id) DO NOTHING;
INSERT INTO attendance_records (id, school_id, date, type, person_id, grade, status, marked_by, created_at) VALUES ('b7e1a820-89a9-5057-a5a6-98fe6ce2cb23', '08bdd3c7-7dfb-536d-9f13-2b6e38de31e4', '2026-06-06', 'student', 'S1-G3B-001', 'Grade 3', 'PRESENT', 'c1988c4f-2fa2-55c0-8e81-0c40098eef9b', '2026-06-06 09:00:00') ON CONFLICT (id) DO NOTHING;
INSERT INTO attendance_records (id, school_id, date, type, person_id, grade, status, marked_by, created_at) VALUES ('d986d204-25a2-5e14-b2df-99330ce3e096', '08bdd3c7-7dfb-536d-9f13-2b6e38de31e4', '2026-06-05', 'student', 'S1-G3B-001', 'Grade 3', 'PRESENT', 'c1988c4f-2fa2-55c0-8e81-0c40098eef9b', '2026-06-05 09:00:00') ON CONFLICT (id) DO NOTHING;
INSERT INTO attendance_records (id, school_id, date, type, person_id, grade, status, marked_by, created_at) VALUES ('8484712f-b531-5483-ba36-84586bebd65b', '08bdd3c7-7dfb-536d-9f13-2b6e38de31e4', '2026-06-04', 'student', 'S1-G3B-001', 'Grade 3', 'PRESENT', 'c1988c4f-2fa2-55c0-8e81-0c40098eef9b', '2026-06-04 09:00:00') ON CONFLICT (id) DO NOTHING;
INSERT INTO attendance_records (id, school_id, date, type, person_id, grade, status, marked_by, created_at) VALUES ('4610739b-9a04-5c8f-aa77-c2867c226a1d', '08bdd3c7-7dfb-536d-9f13-2b6e38de31e4', '2026-06-03', 'student', 'S1-G3B-001', 'Grade 3', 'PRESENT', 'c1988c4f-2fa2-55c0-8e81-0c40098eef9b', '2026-06-03 09:00:00') ON CONFLICT (id) DO NOTHING;
INSERT INTO attendance_records (id, school_id, date, type, person_id, grade, status, marked_by, created_at) VALUES ('1f356260-ae55-5ae6-b222-d7bd4f3849a3', '08bdd3c7-7dfb-536d-9f13-2b6e38de31e4', '2026-06-02', 'student', 'S1-G3B-001', 'Grade 3', 'PRESENT', 'c1988c4f-2fa2-55c0-8e81-0c40098eef9b', '2026-06-02 09:00:00') ON CONFLICT (id) DO NOTHING;
INSERT INTO attendance_records (id, school_id, date, type, person_id, grade, status, marked_by, created_at) VALUES ('a4a9332b-a654-517b-84ef-558433c5710b', '08bdd3c7-7dfb-536d-9f13-2b6e38de31e4', '2026-06-01', 'student', 'S1-G3B-001', 'Grade 3', 'PRESENT', 'c1988c4f-2fa2-55c0-8e81-0c40098eef9b', '2026-06-01 09:00:00') ON CONFLICT (id) DO NOTHING;
INSERT INTO attendance_records (id, school_id, date, type, person_id, grade, status, marked_by, created_at) VALUES ('6364a695-587b-5eca-ac20-c2e30ab57dbe', '08bdd3c7-7dfb-536d-9f13-2b6e38de31e4', '2026-05-30', 'student', 'S1-G3B-001', 'Grade 3', 'PRESENT', 'c1988c4f-2fa2-55c0-8e81-0c40098eef9b', '2026-05-30 09:00:00') ON CONFLICT (id) DO NOTHING;
INSERT INTO attendance_records (id, school_id, date, type, person_id, grade, status, marked_by, created_at) VALUES ('f6513766-3436-5010-9277-41f3af6222c2', '08bdd3c7-7dfb-536d-9f13-2b6e38de31e4', '2026-05-29', 'student', 'S1-G3B-001', 'Grade 3', 'PRESENT', 'c1988c4f-2fa2-55c0-8e81-0c40098eef9b', '2026-05-29 09:00:00') ON CONFLICT (id) DO NOTHING;
INSERT INTO attendance_records (id, school_id, date, type, person_id, grade, status, marked_by, created_at) VALUES ('a30c7eb0-f1ca-5e45-b88e-bc8d8438da92', '08bdd3c7-7dfb-536d-9f13-2b6e38de31e4', '2026-05-28', 'student', 'S1-G3B-001', 'Grade 3', 'PRESENT', 'c1988c4f-2fa2-55c0-8e81-0c40098eef9b', '2026-05-28 09:00:00') ON CONFLICT (id) DO NOTHING;
INSERT INTO attendance_records (id, school_id, date, type, person_id, grade, status, marked_by, created_at) VALUES ('b0771fd9-e37a-59e0-9936-3fe02a86ee39', '08bdd3c7-7dfb-536d-9f13-2b6e38de31e4', '2026-05-27', 'student', 'S1-G3B-001', 'Grade 3', 'PRESENT', 'c1988c4f-2fa2-55c0-8e81-0c40098eef9b', '2026-05-27 09:00:00') ON CONFLICT (id) DO NOTHING;
INSERT INTO attendance_records (id, school_id, date, type, person_id, grade, status, marked_by, created_at) VALUES ('ee576eee-f426-5080-ae6e-0970a50732e5', '08bdd3c7-7dfb-536d-9f13-2b6e38de31e4', '2026-05-26', 'student', 'S1-G3B-001', 'Grade 3', 'PRESENT', 'c1988c4f-2fa2-55c0-8e81-0c40098eef9b', '2026-05-26 09:00:00') ON CONFLICT (id) DO NOTHING;
INSERT INTO attendance_records (id, school_id, date, type, person_id, grade, status, marked_by, created_at) VALUES ('5bd29714-fe5c-5a76-a65e-c3591fc6a771', '08bdd3c7-7dfb-536d-9f13-2b6e38de31e4', '2026-05-25', 'student', 'S1-G3B-001', 'Grade 3', 'PRESENT', 'c1988c4f-2fa2-55c0-8e81-0c40098eef9b', '2026-05-25 09:00:00') ON CONFLICT (id) DO NOTHING;
INSERT INTO attendance_records (id, school_id, date, type, person_id, grade, status, marked_by, created_at) VALUES ('2376a929-2208-5ff9-9075-40319e73ad17', '08bdd3c7-7dfb-536d-9f13-2b6e38de31e4', '2026-05-23', 'student', 'S1-G3B-001', 'Grade 3', 'PRESENT', 'c1988c4f-2fa2-55c0-8e81-0c40098eef9b', '2026-05-23 09:00:00') ON CONFLICT (id) DO NOTHING;
INSERT INTO attendance_records (id, school_id, date, type, person_id, grade, status, marked_by, created_at) VALUES ('c6631565-4cf9-53f2-bff8-45986238a464', '08bdd3c7-7dfb-536d-9f13-2b6e38de31e4', '2026-05-22', 'student', 'S1-G3B-001', 'Grade 3', 'LATE', 'c1988c4f-2fa2-55c0-8e81-0c40098eef9b', '2026-05-22 09:00:00') ON CONFLICT (id) DO NOTHING;
INSERT INTO attendance_records (id, school_id, date, type, person_id, grade, status, marked_by, created_at) VALUES ('5c929741-693b-5b55-a827-40699a815c35', '08bdd3c7-7dfb-536d-9f13-2b6e38de31e4', '2026-05-21', 'student', 'S1-G3B-001', 'Grade 3', 'PRESENT', 'c1988c4f-2fa2-55c0-8e81-0c40098eef9b', '2026-05-21 09:00:00') ON CONFLICT (id) DO NOTHING;
INSERT INTO attendance_records (id, school_id, date, type, person_id, grade, status, marked_by, created_at) VALUES ('fce104f6-4a8a-5942-a6ab-b174b8f56ca6', '08bdd3c7-7dfb-536d-9f13-2b6e38de31e4', '2026-05-20', 'student', 'S1-G3B-001', 'Grade 3', 'PRESENT', 'c1988c4f-2fa2-55c0-8e81-0c40098eef9b', '2026-05-20 09:00:00') ON CONFLICT (id) DO NOTHING;
INSERT INTO attendance_records (id, school_id, date, type, person_id, grade, status, marked_by, created_at) VALUES ('3e83aca4-ece9-5193-a731-964a92334a09', '08bdd3c7-7dfb-536d-9f13-2b6e38de31e4', '2026-05-19', 'student', 'S1-G3B-001', 'Grade 3', 'LATE', 'c1988c4f-2fa2-55c0-8e81-0c40098eef9b', '2026-05-19 09:00:00') ON CONFLICT (id) DO NOTHING;
INSERT INTO attendance_records (id, school_id, date, type, person_id, grade, status, marked_by, created_at) VALUES ('c6c7f088-76cc-55cf-bfc9-71b0f266d7d0', '08bdd3c7-7dfb-536d-9f13-2b6e38de31e4', '2026-05-18', 'student', 'S1-G3B-001', 'Grade 3', 'PRESENT', 'c1988c4f-2fa2-55c0-8e81-0c40098eef9b', '2026-05-18 09:00:00') ON CONFLICT (id) DO NOTHING;
INSERT INTO attendance_records (id, school_id, date, type, person_id, grade, status, marked_by, created_at) VALUES ('faa552fa-28ee-559b-9270-d478c662e59a', '08bdd3c7-7dfb-536d-9f13-2b6e38de31e4', '2026-05-16', 'student', 'S1-G3B-001', 'Grade 3', 'PRESENT', 'c1988c4f-2fa2-55c0-8e81-0c40098eef9b', '2026-05-16 09:00:00') ON CONFLICT (id) DO NOTHING;
INSERT INTO attendance_records (id, school_id, date, type, person_id, grade, status, marked_by, created_at) VALUES ('1d01a386-3f46-5e48-9e4c-ef0a2a255a76', '08bdd3c7-7dfb-536d-9f13-2b6e38de31e4', '2026-05-15', 'student', 'S1-G3B-001', 'Grade 3', 'PRESENT', 'c1988c4f-2fa2-55c0-8e81-0c40098eef9b', '2026-05-15 09:00:00') ON CONFLICT (id) DO NOTHING;
INSERT INTO attendance_records (id, school_id, date, type, person_id, grade, status, marked_by, created_at) VALUES ('262e66f4-79b2-54f1-a1da-99c83f1b338d', '08bdd3c7-7dfb-536d-9f13-2b6e38de31e4', '2026-05-14', 'student', 'S1-G3B-001', 'Grade 3', 'PRESENT', 'c1988c4f-2fa2-55c0-8e81-0c40098eef9b', '2026-05-14 09:00:00') ON CONFLICT (id) DO NOTHING;
INSERT INTO attendance_records (id, school_id, date, type, person_id, grade, status, marked_by, created_at) VALUES ('ceb76afb-1fc1-54e9-9640-9d260954a81a', '08bdd3c7-7dfb-536d-9f13-2b6e38de31e4', '2026-05-13', 'student', 'S1-G3B-001', 'Grade 3', 'PRESENT', 'c1988c4f-2fa2-55c0-8e81-0c40098eef9b', '2026-05-13 09:00:00') ON CONFLICT (id) DO NOTHING;
INSERT INTO attendance_records (id, school_id, date, type, person_id, grade, status, marked_by, created_at) VALUES ('fba2d6a5-aad9-5f9f-ab95-29e5b52efb71', '08bdd3c7-7dfb-536d-9f13-2b6e38de31e4', '2026-05-12', 'student', 'S1-G3B-001', 'Grade 3', 'PRESENT', 'c1988c4f-2fa2-55c0-8e81-0c40098eef9b', '2026-05-12 09:00:00') ON CONFLICT (id) DO NOTHING;
INSERT INTO attendance_records (id, school_id, date, type, person_id, grade, status, marked_by, created_at) VALUES ('4cc6e7f4-2f9e-50b5-a706-64daf867a15c', '08bdd3c7-7dfb-536d-9f13-2b6e38de31e4', '2026-05-11', 'student', 'S1-G3B-001', 'Grade 3', 'ABSENT', 'c1988c4f-2fa2-55c0-8e81-0c40098eef9b', '2026-05-11 09:00:00') ON CONFLICT (id) DO NOTHING;
INSERT INTO attendance_records (id, school_id, date, type, person_id, grade, status, marked_by, created_at) VALUES ('130ba1b7-f50f-5040-8da6-2fa3b1a4c41c', '08bdd3c7-7dfb-536d-9f13-2b6e38de31e4', '2026-05-09', 'student', 'S1-G3B-001', 'Grade 3', 'PRESENT', 'c1988c4f-2fa2-55c0-8e81-0c40098eef9b', '2026-05-09 09:00:00') ON CONFLICT (id) DO NOTHING;
INSERT INTO attendance_records (id, school_id, date, type, person_id, grade, status, marked_by, created_at) VALUES ('9880e028-ab21-5996-b227-1d0c164e2c7a', '08bdd3c7-7dfb-536d-9f13-2b6e38de31e4', '2026-06-06', 'student', 'S1-G5A-001', 'Grade 5', 'PRESENT', '9e2fe031-f4a9-5d27-a8b6-eb767ab70c7a', '2026-06-06 09:00:00') ON CONFLICT (id) DO NOTHING;
INSERT INTO attendance_records (id, school_id, date, type, person_id, grade, status, marked_by, created_at) VALUES ('a9abe936-3439-584e-8bd1-8d5f0dc032f3', '08bdd3c7-7dfb-536d-9f13-2b6e38de31e4', '2026-06-05', 'student', 'S1-G5A-001', 'Grade 5', 'PRESENT', '9e2fe031-f4a9-5d27-a8b6-eb767ab70c7a', '2026-06-05 09:00:00') ON CONFLICT (id) DO NOTHING;
INSERT INTO attendance_records (id, school_id, date, type, person_id, grade, status, marked_by, created_at) VALUES ('37319cfd-76e3-5eda-998d-d4412d875781', '08bdd3c7-7dfb-536d-9f13-2b6e38de31e4', '2026-06-04', 'student', 'S1-G5A-001', 'Grade 5', 'PRESENT', '9e2fe031-f4a9-5d27-a8b6-eb767ab70c7a', '2026-06-04 09:00:00') ON CONFLICT (id) DO NOTHING;
INSERT INTO attendance_records (id, school_id, date, type, person_id, grade, status, marked_by, created_at) VALUES ('a8f12fc1-9605-5ff0-8a08-746125b3af90', '08bdd3c7-7dfb-536d-9f13-2b6e38de31e4', '2026-06-03', 'student', 'S1-G5A-001', 'Grade 5', 'ABSENT', '9e2fe031-f4a9-5d27-a8b6-eb767ab70c7a', '2026-06-03 09:00:00') ON CONFLICT (id) DO NOTHING;
INSERT INTO attendance_records (id, school_id, date, type, person_id, grade, status, marked_by, created_at) VALUES ('ecd81926-de05-5591-b9fc-83240784405d', '08bdd3c7-7dfb-536d-9f13-2b6e38de31e4', '2026-06-02', 'student', 'S1-G5A-001', 'Grade 5', 'PRESENT', '9e2fe031-f4a9-5d27-a8b6-eb767ab70c7a', '2026-06-02 09:00:00') ON CONFLICT (id) DO NOTHING;
INSERT INTO attendance_records (id, school_id, date, type, person_id, grade, status, marked_by, created_at) VALUES ('4323d144-4188-5bb4-b8a1-712c3986b388', '08bdd3c7-7dfb-536d-9f13-2b6e38de31e4', '2026-06-01', 'student', 'S1-G5A-001', 'Grade 5', 'PRESENT', '9e2fe031-f4a9-5d27-a8b6-eb767ab70c7a', '2026-06-01 09:00:00') ON CONFLICT (id) DO NOTHING;
INSERT INTO attendance_records (id, school_id, date, type, person_id, grade, status, marked_by, created_at) VALUES ('e54e0117-d3d9-5508-9500-af8f73c13b06', '08bdd3c7-7dfb-536d-9f13-2b6e38de31e4', '2026-05-30', 'student', 'S1-G5A-001', 'Grade 5', 'PRESENT', '9e2fe031-f4a9-5d27-a8b6-eb767ab70c7a', '2026-05-30 09:00:00') ON CONFLICT (id) DO NOTHING;
INSERT INTO attendance_records (id, school_id, date, type, person_id, grade, status, marked_by, created_at) VALUES ('84d58bfc-4d68-5c1a-810b-e486dab5b0cb', '08bdd3c7-7dfb-536d-9f13-2b6e38de31e4', '2026-05-29', 'student', 'S1-G5A-001', 'Grade 5', 'PRESENT', '9e2fe031-f4a9-5d27-a8b6-eb767ab70c7a', '2026-05-29 09:00:00') ON CONFLICT (id) DO NOTHING;
INSERT INTO attendance_records (id, school_id, date, type, person_id, grade, status, marked_by, created_at) VALUES ('dfb9d610-327b-50e5-82ff-f3712da5bf30', '08bdd3c7-7dfb-536d-9f13-2b6e38de31e4', '2026-05-28', 'student', 'S1-G5A-001', 'Grade 5', 'PRESENT', '9e2fe031-f4a9-5d27-a8b6-eb767ab70c7a', '2026-05-28 09:00:00') ON CONFLICT (id) DO NOTHING;
INSERT INTO attendance_records (id, school_id, date, type, person_id, grade, status, marked_by, created_at) VALUES ('64d487ff-7f58-5d78-be22-7b85d535b327', '08bdd3c7-7dfb-536d-9f13-2b6e38de31e4', '2026-05-27', 'student', 'S1-G5A-001', 'Grade 5', 'PRESENT', '9e2fe031-f4a9-5d27-a8b6-eb767ab70c7a', '2026-05-27 09:00:00') ON CONFLICT (id) DO NOTHING;
INSERT INTO attendance_records (id, school_id, date, type, person_id, grade, status, marked_by, created_at) VALUES ('4c57bfb0-2113-500b-aeda-b460c5b36a96', '08bdd3c7-7dfb-536d-9f13-2b6e38de31e4', '2026-05-26', 'student', 'S1-G5A-001', 'Grade 5', 'PRESENT', '9e2fe031-f4a9-5d27-a8b6-eb767ab70c7a', '2026-05-26 09:00:00') ON CONFLICT (id) DO NOTHING;
INSERT INTO attendance_records (id, school_id, date, type, person_id, grade, status, marked_by, created_at) VALUES ('a7f44a31-4246-5e32-a65d-c9228e82cc32', '08bdd3c7-7dfb-536d-9f13-2b6e38de31e4', '2026-05-25', 'student', 'S1-G5A-001', 'Grade 5', 'LATE', '9e2fe031-f4a9-5d27-a8b6-eb767ab70c7a', '2026-05-25 09:00:00') ON CONFLICT (id) DO NOTHING;
INSERT INTO attendance_records (id, school_id, date, type, person_id, grade, status, marked_by, created_at) VALUES ('b5799868-2afa-54a0-8ec6-68526da361e6', '08bdd3c7-7dfb-536d-9f13-2b6e38de31e4', '2026-05-23', 'student', 'S1-G5A-001', 'Grade 5', 'PRESENT', '9e2fe031-f4a9-5d27-a8b6-eb767ab70c7a', '2026-05-23 09:00:00') ON CONFLICT (id) DO NOTHING;
INSERT INTO attendance_records (id, school_id, date, type, person_id, grade, status, marked_by, created_at) VALUES ('01e7d45c-7e62-5073-a4e0-ba882aafcc66', '08bdd3c7-7dfb-536d-9f13-2b6e38de31e4', '2026-05-22', 'student', 'S1-G5A-001', 'Grade 5', 'PRESENT', '9e2fe031-f4a9-5d27-a8b6-eb767ab70c7a', '2026-05-22 09:00:00') ON CONFLICT (id) DO NOTHING;
INSERT INTO attendance_records (id, school_id, date, type, person_id, grade, status, marked_by, created_at) VALUES ('e3f8df26-7fb7-509c-8de4-c97a08b74d44', '08bdd3c7-7dfb-536d-9f13-2b6e38de31e4', '2026-05-21', 'student', 'S1-G5A-001', 'Grade 5', 'PRESENT', '9e2fe031-f4a9-5d27-a8b6-eb767ab70c7a', '2026-05-21 09:00:00') ON CONFLICT (id) DO NOTHING;
INSERT INTO attendance_records (id, school_id, date, type, person_id, grade, status, marked_by, created_at) VALUES ('e5b51372-dd02-5d8b-8707-363a36173e7a', '08bdd3c7-7dfb-536d-9f13-2b6e38de31e4', '2026-05-20', 'student', 'S1-G5A-001', 'Grade 5', 'PRESENT', '9e2fe031-f4a9-5d27-a8b6-eb767ab70c7a', '2026-05-20 09:00:00') ON CONFLICT (id) DO NOTHING;
INSERT INTO attendance_records (id, school_id, date, type, person_id, grade, status, marked_by, created_at) VALUES ('f893c213-3186-5ba3-8c6c-1b5bf535f63d', '08bdd3c7-7dfb-536d-9f13-2b6e38de31e4', '2026-05-19', 'student', 'S1-G5A-001', 'Grade 5', 'PRESENT', '9e2fe031-f4a9-5d27-a8b6-eb767ab70c7a', '2026-05-19 09:00:00') ON CONFLICT (id) DO NOTHING;
INSERT INTO attendance_records (id, school_id, date, type, person_id, grade, status, marked_by, created_at) VALUES ('372091b0-167d-57b6-9e7c-d4416897771f', '08bdd3c7-7dfb-536d-9f13-2b6e38de31e4', '2026-05-18', 'student', 'S1-G5A-001', 'Grade 5', 'PRESENT', '9e2fe031-f4a9-5d27-a8b6-eb767ab70c7a', '2026-05-18 09:00:00') ON CONFLICT (id) DO NOTHING;
INSERT INTO attendance_records (id, school_id, date, type, person_id, grade, status, marked_by, created_at) VALUES ('1eab5ff9-b8ad-552b-9104-087a06f56865', '08bdd3c7-7dfb-536d-9f13-2b6e38de31e4', '2026-05-16', 'student', 'S1-G5A-001', 'Grade 5', 'PRESENT', '9e2fe031-f4a9-5d27-a8b6-eb767ab70c7a', '2026-05-16 09:00:00') ON CONFLICT (id) DO NOTHING;
INSERT INTO attendance_records (id, school_id, date, type, person_id, grade, status, marked_by, created_at) VALUES ('80af64ef-1a6d-500c-bee1-3b1ac45c4c55', '08bdd3c7-7dfb-536d-9f13-2b6e38de31e4', '2026-05-15', 'student', 'S1-G5A-001', 'Grade 5', 'PRESENT', '9e2fe031-f4a9-5d27-a8b6-eb767ab70c7a', '2026-05-15 09:00:00') ON CONFLICT (id) DO NOTHING;
INSERT INTO attendance_records (id, school_id, date, type, person_id, grade, status, marked_by, created_at) VALUES ('b8f56b00-8a21-5cc7-8154-f18a99c2d840', '08bdd3c7-7dfb-536d-9f13-2b6e38de31e4', '2026-05-14', 'student', 'S1-G5A-001', 'Grade 5', 'PRESENT', '9e2fe031-f4a9-5d27-a8b6-eb767ab70c7a', '2026-05-14 09:00:00') ON CONFLICT (id) DO NOTHING;
INSERT INTO attendance_records (id, school_id, date, type, person_id, grade, status, marked_by, created_at) VALUES ('5230a4b7-8874-505d-ae0a-087196ac417c', '08bdd3c7-7dfb-536d-9f13-2b6e38de31e4', '2026-05-13', 'student', 'S1-G5A-001', 'Grade 5', 'PRESENT', '9e2fe031-f4a9-5d27-a8b6-eb767ab70c7a', '2026-05-13 09:00:00') ON CONFLICT (id) DO NOTHING;
INSERT INTO attendance_records (id, school_id, date, type, person_id, grade, status, marked_by, created_at) VALUES ('3ca0020e-e0a4-56ca-960d-9783e96c238f', '08bdd3c7-7dfb-536d-9f13-2b6e38de31e4', '2026-05-12', 'student', 'S1-G5A-001', 'Grade 5', 'PRESENT', '9e2fe031-f4a9-5d27-a8b6-eb767ab70c7a', '2026-05-12 09:00:00') ON CONFLICT (id) DO NOTHING;
INSERT INTO attendance_records (id, school_id, date, type, person_id, grade, status, marked_by, created_at) VALUES ('e0ba4764-2483-5eac-9e6a-7078a5263cfa', '08bdd3c7-7dfb-536d-9f13-2b6e38de31e4', '2026-05-11', 'student', 'S1-G5A-001', 'Grade 5', 'PRESENT', '9e2fe031-f4a9-5d27-a8b6-eb767ab70c7a', '2026-05-11 09:00:00') ON CONFLICT (id) DO NOTHING;
INSERT INTO attendance_records (id, school_id, date, type, person_id, grade, status, marked_by, created_at) VALUES ('33a59e15-a61a-5b9c-b100-b3227e039184', '08bdd3c7-7dfb-536d-9f13-2b6e38de31e4', '2026-05-09', 'student', 'S1-G5A-001', 'Grade 5', 'PRESENT', '9e2fe031-f4a9-5d27-a8b6-eb767ab70c7a', '2026-05-09 09:00:00') ON CONFLICT (id) DO NOTHING;
INSERT INTO attendance_records (id, school_id, date, type, person_id, grade, status, marked_by, created_at) VALUES ('51c4314d-d0fd-5cc6-b444-2384b0948c82', '08bdd3c7-7dfb-536d-9f13-2b6e38de31e4', '2026-06-06', 'student', 'S1-G5A-002', 'Grade 5', 'LATE', '9e2fe031-f4a9-5d27-a8b6-eb767ab70c7a', '2026-06-06 09:00:00') ON CONFLICT (id) DO NOTHING;
INSERT INTO attendance_records (id, school_id, date, type, person_id, grade, status, marked_by, created_at) VALUES ('64b08c50-dfcc-5c3f-a3ea-2110bf2f0c89', '08bdd3c7-7dfb-536d-9f13-2b6e38de31e4', '2026-06-05', 'student', 'S1-G5A-002', 'Grade 5', 'PRESENT', '9e2fe031-f4a9-5d27-a8b6-eb767ab70c7a', '2026-06-05 09:00:00') ON CONFLICT (id) DO NOTHING;
INSERT INTO attendance_records (id, school_id, date, type, person_id, grade, status, marked_by, created_at) VALUES ('c9926ef2-980f-50b3-9c20-1320c5f92306', '08bdd3c7-7dfb-536d-9f13-2b6e38de31e4', '2026-06-04', 'student', 'S1-G5A-002', 'Grade 5', 'PRESENT', '9e2fe031-f4a9-5d27-a8b6-eb767ab70c7a', '2026-06-04 09:00:00') ON CONFLICT (id) DO NOTHING;
INSERT INTO attendance_records (id, school_id, date, type, person_id, grade, status, marked_by, created_at) VALUES ('aee5ae6a-3495-536f-9b63-e3775d99c8a3', '08bdd3c7-7dfb-536d-9f13-2b6e38de31e4', '2026-06-03', 'student', 'S1-G5A-002', 'Grade 5', 'PRESENT', '9e2fe031-f4a9-5d27-a8b6-eb767ab70c7a', '2026-06-03 09:00:00') ON CONFLICT (id) DO NOTHING;
INSERT INTO attendance_records (id, school_id, date, type, person_id, grade, status, marked_by, created_at) VALUES ('66285833-4417-5036-802e-fdfe02f34055', '08bdd3c7-7dfb-536d-9f13-2b6e38de31e4', '2026-06-02', 'student', 'S1-G5A-002', 'Grade 5', 'PRESENT', '9e2fe031-f4a9-5d27-a8b6-eb767ab70c7a', '2026-06-02 09:00:00') ON CONFLICT (id) DO NOTHING;
INSERT INTO attendance_records (id, school_id, date, type, person_id, grade, status, marked_by, created_at) VALUES ('2ad7c30e-b462-5085-9446-88015cccfa0b', '08bdd3c7-7dfb-536d-9f13-2b6e38de31e4', '2026-06-01', 'student', 'S1-G5A-002', 'Grade 5', 'PRESENT', '9e2fe031-f4a9-5d27-a8b6-eb767ab70c7a', '2026-06-01 09:00:00') ON CONFLICT (id) DO NOTHING;
INSERT INTO attendance_records (id, school_id, date, type, person_id, grade, status, marked_by, created_at) VALUES ('c3a271b6-4bd7-5e6e-ba3a-43590ebace06', '08bdd3c7-7dfb-536d-9f13-2b6e38de31e4', '2026-05-30', 'student', 'S1-G5A-002', 'Grade 5', 'LATE', '9e2fe031-f4a9-5d27-a8b6-eb767ab70c7a', '2026-05-30 09:00:00') ON CONFLICT (id) DO NOTHING;
INSERT INTO attendance_records (id, school_id, date, type, person_id, grade, status, marked_by, created_at) VALUES ('3d2ca26d-5bcb-57bf-acb0-c05b0a1c1755', '08bdd3c7-7dfb-536d-9f13-2b6e38de31e4', '2026-05-29', 'student', 'S1-G5A-002', 'Grade 5', 'PRESENT', '9e2fe031-f4a9-5d27-a8b6-eb767ab70c7a', '2026-05-29 09:00:00') ON CONFLICT (id) DO NOTHING;
INSERT INTO attendance_records (id, school_id, date, type, person_id, grade, status, marked_by, created_at) VALUES ('56873fba-68cf-54ff-b935-d5798628c79f', '08bdd3c7-7dfb-536d-9f13-2b6e38de31e4', '2026-05-28', 'student', 'S1-G5A-002', 'Grade 5', 'PRESENT', '9e2fe031-f4a9-5d27-a8b6-eb767ab70c7a', '2026-05-28 09:00:00') ON CONFLICT (id) DO NOTHING;
INSERT INTO attendance_records (id, school_id, date, type, person_id, grade, status, marked_by, created_at) VALUES ('ad943515-4f68-5935-a3cf-dc7d3dea124b', '08bdd3c7-7dfb-536d-9f13-2b6e38de31e4', '2026-05-27', 'student', 'S1-G5A-002', 'Grade 5', 'PRESENT', '9e2fe031-f4a9-5d27-a8b6-eb767ab70c7a', '2026-05-27 09:00:00') ON CONFLICT (id) DO NOTHING;
INSERT INTO attendance_records (id, school_id, date, type, person_id, grade, status, marked_by, created_at) VALUES ('3b5aead4-ba74-58da-b72b-722d899dbac3', '08bdd3c7-7dfb-536d-9f13-2b6e38de31e4', '2026-05-26', 'student', 'S1-G5A-002', 'Grade 5', 'PRESENT', '9e2fe031-f4a9-5d27-a8b6-eb767ab70c7a', '2026-05-26 09:00:00') ON CONFLICT (id) DO NOTHING;
INSERT INTO attendance_records (id, school_id, date, type, person_id, grade, status, marked_by, created_at) VALUES ('983706d7-ae01-537e-85fe-f11cb2ab5611', '08bdd3c7-7dfb-536d-9f13-2b6e38de31e4', '2026-05-25', 'student', 'S1-G5A-002', 'Grade 5', 'PRESENT', '9e2fe031-f4a9-5d27-a8b6-eb767ab70c7a', '2026-05-25 09:00:00') ON CONFLICT (id) DO NOTHING;
INSERT INTO attendance_records (id, school_id, date, type, person_id, grade, status, marked_by, created_at) VALUES ('13f1394c-521c-53a0-bfb8-a644e0b93808', '08bdd3c7-7dfb-536d-9f13-2b6e38de31e4', '2026-05-23', 'student', 'S1-G5A-002', 'Grade 5', 'PRESENT', '9e2fe031-f4a9-5d27-a8b6-eb767ab70c7a', '2026-05-23 09:00:00') ON CONFLICT (id) DO NOTHING;
INSERT INTO attendance_records (id, school_id, date, type, person_id, grade, status, marked_by, created_at) VALUES ('6107fcf7-9182-57b1-a9cc-ce0c269b553c', '08bdd3c7-7dfb-536d-9f13-2b6e38de31e4', '2026-05-22', 'student', 'S1-G5A-002', 'Grade 5', 'ABSENT', '9e2fe031-f4a9-5d27-a8b6-eb767ab70c7a', '2026-05-22 09:00:00') ON CONFLICT (id) DO NOTHING;
INSERT INTO attendance_records (id, school_id, date, type, person_id, grade, status, marked_by, created_at) VALUES ('d6e9af82-00df-5a45-9b32-7f358ffba19b', '08bdd3c7-7dfb-536d-9f13-2b6e38de31e4', '2026-05-21', 'student', 'S1-G5A-002', 'Grade 5', 'PRESENT', '9e2fe031-f4a9-5d27-a8b6-eb767ab70c7a', '2026-05-21 09:00:00') ON CONFLICT (id) DO NOTHING;
INSERT INTO attendance_records (id, school_id, date, type, person_id, grade, status, marked_by, created_at) VALUES ('219c51a2-c769-5496-80d5-c094da7ec155', '08bdd3c7-7dfb-536d-9f13-2b6e38de31e4', '2026-05-20', 'student', 'S1-G5A-002', 'Grade 5', 'PRESENT', '9e2fe031-f4a9-5d27-a8b6-eb767ab70c7a', '2026-05-20 09:00:00') ON CONFLICT (id) DO NOTHING;
INSERT INTO attendance_records (id, school_id, date, type, person_id, grade, status, marked_by, created_at) VALUES ('d283e34d-e022-5597-b69c-be0237fa9197', '08bdd3c7-7dfb-536d-9f13-2b6e38de31e4', '2026-05-19', 'student', 'S1-G5A-002', 'Grade 5', 'PRESENT', '9e2fe031-f4a9-5d27-a8b6-eb767ab70c7a', '2026-05-19 09:00:00') ON CONFLICT (id) DO NOTHING;
INSERT INTO attendance_records (id, school_id, date, type, person_id, grade, status, marked_by, created_at) VALUES ('bfa0c678-f219-5c61-b569-7bfdc0304125', '08bdd3c7-7dfb-536d-9f13-2b6e38de31e4', '2026-05-18', 'student', 'S1-G5A-002', 'Grade 5', 'ABSENT', '9e2fe031-f4a9-5d27-a8b6-eb767ab70c7a', '2026-05-18 09:00:00') ON CONFLICT (id) DO NOTHING;
INSERT INTO attendance_records (id, school_id, date, type, person_id, grade, status, marked_by, created_at) VALUES ('06189c8f-94fa-5664-9816-918c9813cc29', '08bdd3c7-7dfb-536d-9f13-2b6e38de31e4', '2026-05-16', 'student', 'S1-G5A-002', 'Grade 5', 'PRESENT', '9e2fe031-f4a9-5d27-a8b6-eb767ab70c7a', '2026-05-16 09:00:00') ON CONFLICT (id) DO NOTHING;
INSERT INTO attendance_records (id, school_id, date, type, person_id, grade, status, marked_by, created_at) VALUES ('3d9c148d-a7ab-54c1-8744-9d29dc372542', '08bdd3c7-7dfb-536d-9f13-2b6e38de31e4', '2026-05-15', 'student', 'S1-G5A-002', 'Grade 5', 'PRESENT', '9e2fe031-f4a9-5d27-a8b6-eb767ab70c7a', '2026-05-15 09:00:00') ON CONFLICT (id) DO NOTHING;
INSERT INTO attendance_records (id, school_id, date, type, person_id, grade, status, marked_by, created_at) VALUES ('6d60dbdc-c431-5ccb-8037-7a07ca173677', '08bdd3c7-7dfb-536d-9f13-2b6e38de31e4', '2026-05-14', 'student', 'S1-G5A-002', 'Grade 5', 'PRESENT', '9e2fe031-f4a9-5d27-a8b6-eb767ab70c7a', '2026-05-14 09:00:00') ON CONFLICT (id) DO NOTHING;
INSERT INTO attendance_records (id, school_id, date, type, person_id, grade, status, marked_by, created_at) VALUES ('e1e6ad83-aa24-5ee4-9691-7c1b4d5a6aac', '08bdd3c7-7dfb-536d-9f13-2b6e38de31e4', '2026-05-13', 'student', 'S1-G5A-002', 'Grade 5', 'PRESENT', '9e2fe031-f4a9-5d27-a8b6-eb767ab70c7a', '2026-05-13 09:00:00') ON CONFLICT (id) DO NOTHING;
INSERT INTO attendance_records (id, school_id, date, type, person_id, grade, status, marked_by, created_at) VALUES ('35a6845d-9864-590e-86c7-eb362b8c7a56', '08bdd3c7-7dfb-536d-9f13-2b6e38de31e4', '2026-05-12', 'student', 'S1-G5A-002', 'Grade 5', 'PRESENT', '9e2fe031-f4a9-5d27-a8b6-eb767ab70c7a', '2026-05-12 09:00:00') ON CONFLICT (id) DO NOTHING;
INSERT INTO attendance_records (id, school_id, date, type, person_id, grade, status, marked_by, created_at) VALUES ('41d5dfe9-605d-5d38-b516-e4a332c0bb18', '08bdd3c7-7dfb-536d-9f13-2b6e38de31e4', '2026-05-11', 'student', 'S1-G5A-002', 'Grade 5', 'LATE', '9e2fe031-f4a9-5d27-a8b6-eb767ab70c7a', '2026-05-11 09:00:00') ON CONFLICT (id) DO NOTHING;
INSERT INTO attendance_records (id, school_id, date, type, person_id, grade, status, marked_by, created_at) VALUES ('26da2135-b404-5e21-a006-8ab1dc482380', '08bdd3c7-7dfb-536d-9f13-2b6e38de31e4', '2026-05-09', 'student', 'S1-G5A-002', 'Grade 5', 'PRESENT', '9e2fe031-f4a9-5d27-a8b6-eb767ab70c7a', '2026-05-09 09:00:00') ON CONFLICT (id) DO NOTHING;
INSERT INTO attendance_records (id, school_id, date, type, person_id, grade, status, marked_by, created_at) VALUES ('97ff6a03-c131-51c8-94c7-d9dc67a9fdfe', '08bdd3c7-7dfb-536d-9f13-2b6e38de31e4', '2026-06-06', 'student', 'S1-G5A-003', 'Grade 5', 'PRESENT', '9e2fe031-f4a9-5d27-a8b6-eb767ab70c7a', '2026-06-06 09:00:00') ON CONFLICT (id) DO NOTHING;
INSERT INTO attendance_records (id, school_id, date, type, person_id, grade, status, marked_by, created_at) VALUES ('cbdef20c-d308-5e90-8660-1d8aa755decf', '08bdd3c7-7dfb-536d-9f13-2b6e38de31e4', '2026-06-05', 'student', 'S1-G5A-003', 'Grade 5', 'PRESENT', '9e2fe031-f4a9-5d27-a8b6-eb767ab70c7a', '2026-06-05 09:00:00') ON CONFLICT (id) DO NOTHING;
INSERT INTO attendance_records (id, school_id, date, type, person_id, grade, status, marked_by, created_at) VALUES ('2bfa86b0-5c09-58bd-882b-8082c1e2002a', '08bdd3c7-7dfb-536d-9f13-2b6e38de31e4', '2026-06-04', 'student', 'S1-G5A-003', 'Grade 5', 'PRESENT', '9e2fe031-f4a9-5d27-a8b6-eb767ab70c7a', '2026-06-04 09:00:00') ON CONFLICT (id) DO NOTHING;
INSERT INTO attendance_records (id, school_id, date, type, person_id, grade, status, marked_by, created_at) VALUES ('36f465fb-ac26-5844-8796-351ca847242f', '08bdd3c7-7dfb-536d-9f13-2b6e38de31e4', '2026-06-03', 'student', 'S1-G5A-003', 'Grade 5', 'PRESENT', '9e2fe031-f4a9-5d27-a8b6-eb767ab70c7a', '2026-06-03 09:00:00') ON CONFLICT (id) DO NOTHING;
INSERT INTO attendance_records (id, school_id, date, type, person_id, grade, status, marked_by, created_at) VALUES ('50f2ec46-1b3c-5006-9c49-4335db4fdd2d', '08bdd3c7-7dfb-536d-9f13-2b6e38de31e4', '2026-06-02', 'student', 'S1-G5A-003', 'Grade 5', 'PRESENT', '9e2fe031-f4a9-5d27-a8b6-eb767ab70c7a', '2026-06-02 09:00:00') ON CONFLICT (id) DO NOTHING;
INSERT INTO attendance_records (id, school_id, date, type, person_id, grade, status, marked_by, created_at) VALUES ('dd600396-3656-5ae9-ad19-35a78c9f83fd', '08bdd3c7-7dfb-536d-9f13-2b6e38de31e4', '2026-06-01', 'student', 'S1-G5A-003', 'Grade 5', 'PRESENT', '9e2fe031-f4a9-5d27-a8b6-eb767ab70c7a', '2026-06-01 09:00:00') ON CONFLICT (id) DO NOTHING;
INSERT INTO attendance_records (id, school_id, date, type, person_id, grade, status, marked_by, created_at) VALUES ('6b2d170e-3bc3-5507-a17e-e292c1429ab0', '08bdd3c7-7dfb-536d-9f13-2b6e38de31e4', '2026-05-30', 'student', 'S1-G5A-003', 'Grade 5', 'PRESENT', '9e2fe031-f4a9-5d27-a8b6-eb767ab70c7a', '2026-05-30 09:00:00') ON CONFLICT (id) DO NOTHING;
INSERT INTO attendance_records (id, school_id, date, type, person_id, grade, status, marked_by, created_at) VALUES ('862c5714-f4f8-5476-879b-436dc13eaea7', '08bdd3c7-7dfb-536d-9f13-2b6e38de31e4', '2026-05-29', 'student', 'S1-G5A-003', 'Grade 5', 'PRESENT', '9e2fe031-f4a9-5d27-a8b6-eb767ab70c7a', '2026-05-29 09:00:00') ON CONFLICT (id) DO NOTHING;
INSERT INTO attendance_records (id, school_id, date, type, person_id, grade, status, marked_by, created_at) VALUES ('63bd860b-c7e1-5bea-8f21-533a9d8b1c3b', '08bdd3c7-7dfb-536d-9f13-2b6e38de31e4', '2026-05-28', 'student', 'S1-G5A-003', 'Grade 5', 'PRESENT', '9e2fe031-f4a9-5d27-a8b6-eb767ab70c7a', '2026-05-28 09:00:00') ON CONFLICT (id) DO NOTHING;
INSERT INTO attendance_records (id, school_id, date, type, person_id, grade, status, marked_by, created_at) VALUES ('a6ac4531-e81a-5dc5-893a-e5d296e94c24', '08bdd3c7-7dfb-536d-9f13-2b6e38de31e4', '2026-05-27', 'student', 'S1-G5A-003', 'Grade 5', 'PRESENT', '9e2fe031-f4a9-5d27-a8b6-eb767ab70c7a', '2026-05-27 09:00:00') ON CONFLICT (id) DO NOTHING;
INSERT INTO attendance_records (id, school_id, date, type, person_id, grade, status, marked_by, created_at) VALUES ('bee74099-7a01-56e8-b52b-f571520c2dd2', '08bdd3c7-7dfb-536d-9f13-2b6e38de31e4', '2026-05-26', 'student', 'S1-G5A-003', 'Grade 5', 'PRESENT', '9e2fe031-f4a9-5d27-a8b6-eb767ab70c7a', '2026-05-26 09:00:00') ON CONFLICT (id) DO NOTHING;
INSERT INTO attendance_records (id, school_id, date, type, person_id, grade, status, marked_by, created_at) VALUES ('dded5198-1ff0-59ae-9aee-756f03f53075', '08bdd3c7-7dfb-536d-9f13-2b6e38de31e4', '2026-05-25', 'student', 'S1-G5A-003', 'Grade 5', 'PRESENT', '9e2fe031-f4a9-5d27-a8b6-eb767ab70c7a', '2026-05-25 09:00:00') ON CONFLICT (id) DO NOTHING;
INSERT INTO attendance_records (id, school_id, date, type, person_id, grade, status, marked_by, created_at) VALUES ('7a948ee4-7d2f-5fec-989b-66eddcad7da3', '08bdd3c7-7dfb-536d-9f13-2b6e38de31e4', '2026-05-23', 'student', 'S1-G5A-003', 'Grade 5', 'PRESENT', '9e2fe031-f4a9-5d27-a8b6-eb767ab70c7a', '2026-05-23 09:00:00') ON CONFLICT (id) DO NOTHING;
INSERT INTO attendance_records (id, school_id, date, type, person_id, grade, status, marked_by, created_at) VALUES ('522554d9-55af-538b-b13d-633017de3881', '08bdd3c7-7dfb-536d-9f13-2b6e38de31e4', '2026-05-22', 'student', 'S1-G5A-003', 'Grade 5', 'PRESENT', '9e2fe031-f4a9-5d27-a8b6-eb767ab70c7a', '2026-05-22 09:00:00') ON CONFLICT (id) DO NOTHING;
INSERT INTO attendance_records (id, school_id, date, type, person_id, grade, status, marked_by, created_at) VALUES ('2e08f93b-fd5a-5752-87b4-8ade4180c3d4', '08bdd3c7-7dfb-536d-9f13-2b6e38de31e4', '2026-05-21', 'student', 'S1-G5A-003', 'Grade 5', 'PRESENT', '9e2fe031-f4a9-5d27-a8b6-eb767ab70c7a', '2026-05-21 09:00:00') ON CONFLICT (id) DO NOTHING;
INSERT INTO attendance_records (id, school_id, date, type, person_id, grade, status, marked_by, created_at) VALUES ('a9b044d8-bf00-5864-bbe5-ec7af9268b2e', '08bdd3c7-7dfb-536d-9f13-2b6e38de31e4', '2026-05-20', 'student', 'S1-G5A-003', 'Grade 5', 'PRESENT', '9e2fe031-f4a9-5d27-a8b6-eb767ab70c7a', '2026-05-20 09:00:00') ON CONFLICT (id) DO NOTHING;
INSERT INTO attendance_records (id, school_id, date, type, person_id, grade, status, marked_by, created_at) VALUES ('c542df1e-8bf7-566f-91b3-61f500ff6570', '08bdd3c7-7dfb-536d-9f13-2b6e38de31e4', '2026-05-19', 'student', 'S1-G5A-003', 'Grade 5', 'PRESENT', '9e2fe031-f4a9-5d27-a8b6-eb767ab70c7a', '2026-05-19 09:00:00') ON CONFLICT (id) DO NOTHING;
INSERT INTO attendance_records (id, school_id, date, type, person_id, grade, status, marked_by, created_at) VALUES ('f1cee95b-d53f-5bfd-a25c-a176d0a4a92e', '08bdd3c7-7dfb-536d-9f13-2b6e38de31e4', '2026-05-18', 'student', 'S1-G5A-003', 'Grade 5', 'PRESENT', '9e2fe031-f4a9-5d27-a8b6-eb767ab70c7a', '2026-05-18 09:00:00') ON CONFLICT (id) DO NOTHING;
INSERT INTO attendance_records (id, school_id, date, type, person_id, grade, status, marked_by, created_at) VALUES ('c78a06c3-e634-550c-afa3-f59ae132403c', '08bdd3c7-7dfb-536d-9f13-2b6e38de31e4', '2026-05-16', 'student', 'S1-G5A-003', 'Grade 5', 'PRESENT', '9e2fe031-f4a9-5d27-a8b6-eb767ab70c7a', '2026-05-16 09:00:00') ON CONFLICT (id) DO NOTHING;
INSERT INTO attendance_records (id, school_id, date, type, person_id, grade, status, marked_by, created_at) VALUES ('c7533a85-88d8-5893-921c-70c7230fac96', '08bdd3c7-7dfb-536d-9f13-2b6e38de31e4', '2026-05-15', 'student', 'S1-G5A-003', 'Grade 5', 'LATE', '9e2fe031-f4a9-5d27-a8b6-eb767ab70c7a', '2026-05-15 09:00:00') ON CONFLICT (id) DO NOTHING;
INSERT INTO attendance_records (id, school_id, date, type, person_id, grade, status, marked_by, created_at) VALUES ('3e2c84a2-be57-520a-b105-d016b2ae37d7', '08bdd3c7-7dfb-536d-9f13-2b6e38de31e4', '2026-05-14', 'student', 'S1-G5A-003', 'Grade 5', 'PRESENT', '9e2fe031-f4a9-5d27-a8b6-eb767ab70c7a', '2026-05-14 09:00:00') ON CONFLICT (id) DO NOTHING;
INSERT INTO attendance_records (id, school_id, date, type, person_id, grade, status, marked_by, created_at) VALUES ('31b55422-c399-5691-bd21-856cb467d282', '08bdd3c7-7dfb-536d-9f13-2b6e38de31e4', '2026-05-13', 'student', 'S1-G5A-003', 'Grade 5', 'PRESENT', '9e2fe031-f4a9-5d27-a8b6-eb767ab70c7a', '2026-05-13 09:00:00') ON CONFLICT (id) DO NOTHING;
INSERT INTO attendance_records (id, school_id, date, type, person_id, grade, status, marked_by, created_at) VALUES ('ea7a89fc-050e-58ef-a6e2-80f1625eae80', '08bdd3c7-7dfb-536d-9f13-2b6e38de31e4', '2026-05-12', 'student', 'S1-G5A-003', 'Grade 5', 'PRESENT', '9e2fe031-f4a9-5d27-a8b6-eb767ab70c7a', '2026-05-12 09:00:00') ON CONFLICT (id) DO NOTHING;
INSERT INTO attendance_records (id, school_id, date, type, person_id, grade, status, marked_by, created_at) VALUES ('c6b72e2f-6f7d-5d23-9947-3bfc03df97c4', '08bdd3c7-7dfb-536d-9f13-2b6e38de31e4', '2026-05-11', 'student', 'S1-G5A-003', 'Grade 5', 'PRESENT', '9e2fe031-f4a9-5d27-a8b6-eb767ab70c7a', '2026-05-11 09:00:00') ON CONFLICT (id) DO NOTHING;
INSERT INTO attendance_records (id, school_id, date, type, person_id, grade, status, marked_by, created_at) VALUES ('fab18896-e1d3-5535-ab55-669ffa1a75f1', '08bdd3c7-7dfb-536d-9f13-2b6e38de31e4', '2026-05-09', 'student', 'S1-G5A-003', 'Grade 5', 'PRESENT', '9e2fe031-f4a9-5d27-a8b6-eb767ab70c7a', '2026-05-09 09:00:00') ON CONFLICT (id) DO NOTHING;
INSERT INTO attendance_records (id, school_id, date, type, person_id, grade, status, marked_by, created_at) VALUES ('89a78cb6-3539-51a4-a18b-d8d22f2db83a', '08bdd3c7-7dfb-536d-9f13-2b6e38de31e4', '2026-06-06', 'student', 'S1-G5A-004', 'Grade 5', 'PRESENT', '9e2fe031-f4a9-5d27-a8b6-eb767ab70c7a', '2026-06-06 09:00:00') ON CONFLICT (id) DO NOTHING;
INSERT INTO attendance_records (id, school_id, date, type, person_id, grade, status, marked_by, created_at) VALUES ('0d53a550-e4f0-56ef-9f19-1f4ad26d072b', '08bdd3c7-7dfb-536d-9f13-2b6e38de31e4', '2026-06-05', 'student', 'S1-G5A-004', 'Grade 5', 'PRESENT', '9e2fe031-f4a9-5d27-a8b6-eb767ab70c7a', '2026-06-05 09:00:00') ON CONFLICT (id) DO NOTHING;
INSERT INTO attendance_records (id, school_id, date, type, person_id, grade, status, marked_by, created_at) VALUES ('0fea8119-68c3-53d6-953b-ae53155fbbcc', '08bdd3c7-7dfb-536d-9f13-2b6e38de31e4', '2026-06-04', 'student', 'S1-G5A-004', 'Grade 5', 'ABSENT', '9e2fe031-f4a9-5d27-a8b6-eb767ab70c7a', '2026-06-04 09:00:00') ON CONFLICT (id) DO NOTHING;
INSERT INTO attendance_records (id, school_id, date, type, person_id, grade, status, marked_by, created_at) VALUES ('6101f6fa-7a85-5359-99d8-40f7d129b532', '08bdd3c7-7dfb-536d-9f13-2b6e38de31e4', '2026-06-03', 'student', 'S1-G5A-004', 'Grade 5', 'PRESENT', '9e2fe031-f4a9-5d27-a8b6-eb767ab70c7a', '2026-06-03 09:00:00') ON CONFLICT (id) DO NOTHING;
INSERT INTO attendance_records (id, school_id, date, type, person_id, grade, status, marked_by, created_at) VALUES ('ecf8ea0c-e8d4-5db4-895c-03d45e9e48bd', '08bdd3c7-7dfb-536d-9f13-2b6e38de31e4', '2026-06-02', 'student', 'S1-G5A-004', 'Grade 5', 'PRESENT', '9e2fe031-f4a9-5d27-a8b6-eb767ab70c7a', '2026-06-02 09:00:00') ON CONFLICT (id) DO NOTHING;
INSERT INTO attendance_records (id, school_id, date, type, person_id, grade, status, marked_by, created_at) VALUES ('53f66f88-5a11-5186-987a-26ccf8bb6248', '08bdd3c7-7dfb-536d-9f13-2b6e38de31e4', '2026-06-01', 'student', 'S1-G5A-004', 'Grade 5', 'PRESENT', '9e2fe031-f4a9-5d27-a8b6-eb767ab70c7a', '2026-06-01 09:00:00') ON CONFLICT (id) DO NOTHING;
INSERT INTO attendance_records (id, school_id, date, type, person_id, grade, status, marked_by, created_at) VALUES ('d6f369e7-20be-5c1b-a76d-971dc8c4d865', '08bdd3c7-7dfb-536d-9f13-2b6e38de31e4', '2026-05-30', 'student', 'S1-G5A-004', 'Grade 5', 'PRESENT', '9e2fe031-f4a9-5d27-a8b6-eb767ab70c7a', '2026-05-30 09:00:00') ON CONFLICT (id) DO NOTHING;
INSERT INTO attendance_records (id, school_id, date, type, person_id, grade, status, marked_by, created_at) VALUES ('88134e71-3632-57fe-b421-a64a4faf4801', '08bdd3c7-7dfb-536d-9f13-2b6e38de31e4', '2026-05-29', 'student', 'S1-G5A-004', 'Grade 5', 'PRESENT', '9e2fe031-f4a9-5d27-a8b6-eb767ab70c7a', '2026-05-29 09:00:00') ON CONFLICT (id) DO NOTHING;
INSERT INTO attendance_records (id, school_id, date, type, person_id, grade, status, marked_by, created_at) VALUES ('e4d7db5b-9df5-57fb-929f-7f4a001fd571', '08bdd3c7-7dfb-536d-9f13-2b6e38de31e4', '2026-05-28', 'student', 'S1-G5A-004', 'Grade 5', 'PRESENT', '9e2fe031-f4a9-5d27-a8b6-eb767ab70c7a', '2026-05-28 09:00:00') ON CONFLICT (id) DO NOTHING;
INSERT INTO attendance_records (id, school_id, date, type, person_id, grade, status, marked_by, created_at) VALUES ('3d4b73c3-d4ac-56a1-9fdd-d38367d24af4', '08bdd3c7-7dfb-536d-9f13-2b6e38de31e4', '2026-05-27', 'student', 'S1-G5A-004', 'Grade 5', 'PRESENT', '9e2fe031-f4a9-5d27-a8b6-eb767ab70c7a', '2026-05-27 09:00:00') ON CONFLICT (id) DO NOTHING;
INSERT INTO attendance_records (id, school_id, date, type, person_id, grade, status, marked_by, created_at) VALUES ('eb60ae62-8361-52c0-b055-b5aca5cf7ecd', '08bdd3c7-7dfb-536d-9f13-2b6e38de31e4', '2026-05-26', 'student', 'S1-G5A-004', 'Grade 5', 'PRESENT', '9e2fe031-f4a9-5d27-a8b6-eb767ab70c7a', '2026-05-26 09:00:00') ON CONFLICT (id) DO NOTHING;
INSERT INTO attendance_records (id, school_id, date, type, person_id, grade, status, marked_by, created_at) VALUES ('735f5bf6-b906-5b04-9319-42bf8b061523', '08bdd3c7-7dfb-536d-9f13-2b6e38de31e4', '2026-05-25', 'student', 'S1-G5A-004', 'Grade 5', 'PRESENT', '9e2fe031-f4a9-5d27-a8b6-eb767ab70c7a', '2026-05-25 09:00:00') ON CONFLICT (id) DO NOTHING;
INSERT INTO attendance_records (id, school_id, date, type, person_id, grade, status, marked_by, created_at) VALUES ('f7b3d7bd-e3ea-5d1a-82e9-49ada30d6659', '08bdd3c7-7dfb-536d-9f13-2b6e38de31e4', '2026-05-23', 'student', 'S1-G5A-004', 'Grade 5', 'PRESENT', '9e2fe031-f4a9-5d27-a8b6-eb767ab70c7a', '2026-05-23 09:00:00') ON CONFLICT (id) DO NOTHING;
INSERT INTO attendance_records (id, school_id, date, type, person_id, grade, status, marked_by, created_at) VALUES ('97726c67-d629-571c-a002-33c0e100f057', '08bdd3c7-7dfb-536d-9f13-2b6e38de31e4', '2026-05-22', 'student', 'S1-G5A-004', 'Grade 5', 'PRESENT', '9e2fe031-f4a9-5d27-a8b6-eb767ab70c7a', '2026-05-22 09:00:00') ON CONFLICT (id) DO NOTHING;
INSERT INTO attendance_records (id, school_id, date, type, person_id, grade, status, marked_by, created_at) VALUES ('da7ce427-0719-5ac5-9ae9-d0401dca0802', '08bdd3c7-7dfb-536d-9f13-2b6e38de31e4', '2026-05-21', 'student', 'S1-G5A-004', 'Grade 5', 'PRESENT', '9e2fe031-f4a9-5d27-a8b6-eb767ab70c7a', '2026-05-21 09:00:00') ON CONFLICT (id) DO NOTHING;
INSERT INTO attendance_records (id, school_id, date, type, person_id, grade, status, marked_by, created_at) VALUES ('9b89ec44-6f96-5794-b679-d3ca18db9914', '08bdd3c7-7dfb-536d-9f13-2b6e38de31e4', '2026-05-20', 'student', 'S1-G5A-004', 'Grade 5', 'PRESENT', '9e2fe031-f4a9-5d27-a8b6-eb767ab70c7a', '2026-05-20 09:00:00') ON CONFLICT (id) DO NOTHING;
INSERT INTO attendance_records (id, school_id, date, type, person_id, grade, status, marked_by, created_at) VALUES ('3455ce3a-56dc-583f-8228-f6f7f1e4b446', '08bdd3c7-7dfb-536d-9f13-2b6e38de31e4', '2026-05-19', 'student', 'S1-G5A-004', 'Grade 5', 'PRESENT', '9e2fe031-f4a9-5d27-a8b6-eb767ab70c7a', '2026-05-19 09:00:00') ON CONFLICT (id) DO NOTHING;
INSERT INTO attendance_records (id, school_id, date, type, person_id, grade, status, marked_by, created_at) VALUES ('546e678c-717d-5c20-beba-6c936050a99c', '08bdd3c7-7dfb-536d-9f13-2b6e38de31e4', '2026-05-18', 'student', 'S1-G5A-004', 'Grade 5', 'LATE', '9e2fe031-f4a9-5d27-a8b6-eb767ab70c7a', '2026-05-18 09:00:00') ON CONFLICT (id) DO NOTHING;
INSERT INTO attendance_records (id, school_id, date, type, person_id, grade, status, marked_by, created_at) VALUES ('ed0a7c92-c641-5883-8008-b1e36a9f4734', '08bdd3c7-7dfb-536d-9f13-2b6e38de31e4', '2026-05-16', 'student', 'S1-G5A-004', 'Grade 5', 'PRESENT', '9e2fe031-f4a9-5d27-a8b6-eb767ab70c7a', '2026-05-16 09:00:00') ON CONFLICT (id) DO NOTHING;
INSERT INTO attendance_records (id, school_id, date, type, person_id, grade, status, marked_by, created_at) VALUES ('4460815c-7c1c-54f7-8d32-1b1b9c8775ac', '08bdd3c7-7dfb-536d-9f13-2b6e38de31e4', '2026-05-15', 'student', 'S1-G5A-004', 'Grade 5', 'PRESENT', '9e2fe031-f4a9-5d27-a8b6-eb767ab70c7a', '2026-05-15 09:00:00') ON CONFLICT (id) DO NOTHING;
INSERT INTO attendance_records (id, school_id, date, type, person_id, grade, status, marked_by, created_at) VALUES ('61f918bd-4220-59ed-adea-f6f1ff413193', '08bdd3c7-7dfb-536d-9f13-2b6e38de31e4', '2026-05-14', 'student', 'S1-G5A-004', 'Grade 5', 'PRESENT', '9e2fe031-f4a9-5d27-a8b6-eb767ab70c7a', '2026-05-14 09:00:00') ON CONFLICT (id) DO NOTHING;
INSERT INTO attendance_records (id, school_id, date, type, person_id, grade, status, marked_by, created_at) VALUES ('3fa0c21e-05a7-5951-818f-cc9b3cb60729', '08bdd3c7-7dfb-536d-9f13-2b6e38de31e4', '2026-05-13', 'student', 'S1-G5A-004', 'Grade 5', 'PRESENT', '9e2fe031-f4a9-5d27-a8b6-eb767ab70c7a', '2026-05-13 09:00:00') ON CONFLICT (id) DO NOTHING;
INSERT INTO attendance_records (id, school_id, date, type, person_id, grade, status, marked_by, created_at) VALUES ('97de1259-a99d-5645-a7f5-5455ae8fe243', '08bdd3c7-7dfb-536d-9f13-2b6e38de31e4', '2026-05-12', 'student', 'S1-G5A-004', 'Grade 5', 'PRESENT', '9e2fe031-f4a9-5d27-a8b6-eb767ab70c7a', '2026-05-12 09:00:00') ON CONFLICT (id) DO NOTHING;
INSERT INTO attendance_records (id, school_id, date, type, person_id, grade, status, marked_by, created_at) VALUES ('64461cd6-9693-5a9e-9bb9-b0513b113825', '08bdd3c7-7dfb-536d-9f13-2b6e38de31e4', '2026-05-11', 'student', 'S1-G5A-004', 'Grade 5', 'PRESENT', '9e2fe031-f4a9-5d27-a8b6-eb767ab70c7a', '2026-05-11 09:00:00') ON CONFLICT (id) DO NOTHING;
INSERT INTO attendance_records (id, school_id, date, type, person_id, grade, status, marked_by, created_at) VALUES ('ae5f8aae-447d-5c49-87c0-a00b36d77b40', '08bdd3c7-7dfb-536d-9f13-2b6e38de31e4', '2026-05-09', 'student', 'S1-G5A-004', 'Grade 5', 'PRESENT', '9e2fe031-f4a9-5d27-a8b6-eb767ab70c7a', '2026-05-09 09:00:00') ON CONFLICT (id) DO NOTHING;
INSERT INTO attendance_records (id, school_id, date, type, person_id, grade, status, marked_by, created_at) VALUES ('611bb87e-14f5-5da8-9eb7-43940d8614fa', '08bdd3c7-7dfb-536d-9f13-2b6e38de31e4', '2026-06-06', 'student', 'S1-G8A-001', 'Grade 8', 'PRESENT', 'fc3f5b19-7024-5c5e-9f48-c1a1d3cee1f4', '2026-06-06 09:00:00') ON CONFLICT (id) DO NOTHING;
INSERT INTO attendance_records (id, school_id, date, type, person_id, grade, status, marked_by, created_at) VALUES ('9589cb15-85ae-5979-a7b0-b9745bf00d2b', '08bdd3c7-7dfb-536d-9f13-2b6e38de31e4', '2026-06-05', 'student', 'S1-G8A-001', 'Grade 8', 'PRESENT', 'fc3f5b19-7024-5c5e-9f48-c1a1d3cee1f4', '2026-06-05 09:00:00') ON CONFLICT (id) DO NOTHING;
INSERT INTO attendance_records (id, school_id, date, type, person_id, grade, status, marked_by, created_at) VALUES ('3150995b-55f4-5112-a4f4-f1223d2886ab', '08bdd3c7-7dfb-536d-9f13-2b6e38de31e4', '2026-06-04', 'student', 'S1-G8A-001', 'Grade 8', 'PRESENT', 'fc3f5b19-7024-5c5e-9f48-c1a1d3cee1f4', '2026-06-04 09:00:00') ON CONFLICT (id) DO NOTHING;
INSERT INTO attendance_records (id, school_id, date, type, person_id, grade, status, marked_by, created_at) VALUES ('e412eb5f-ff41-5103-bf93-937fbf947ecd', '08bdd3c7-7dfb-536d-9f13-2b6e38de31e4', '2026-06-03', 'student', 'S1-G8A-001', 'Grade 8', 'PRESENT', 'fc3f5b19-7024-5c5e-9f48-c1a1d3cee1f4', '2026-06-03 09:00:00') ON CONFLICT (id) DO NOTHING;
INSERT INTO attendance_records (id, school_id, date, type, person_id, grade, status, marked_by, created_at) VALUES ('a6648c50-868c-5311-befe-56a0c99caa62', '08bdd3c7-7dfb-536d-9f13-2b6e38de31e4', '2026-06-02', 'student', 'S1-G8A-001', 'Grade 8', 'ABSENT', 'fc3f5b19-7024-5c5e-9f48-c1a1d3cee1f4', '2026-06-02 09:00:00') ON CONFLICT (id) DO NOTHING;
INSERT INTO attendance_records (id, school_id, date, type, person_id, grade, status, marked_by, created_at) VALUES ('de8b1ca9-70a2-5d8e-ab2d-05c3f097d3af', '08bdd3c7-7dfb-536d-9f13-2b6e38de31e4', '2026-06-01', 'student', 'S1-G8A-001', 'Grade 8', 'PRESENT', 'fc3f5b19-7024-5c5e-9f48-c1a1d3cee1f4', '2026-06-01 09:00:00') ON CONFLICT (id) DO NOTHING;
INSERT INTO attendance_records (id, school_id, date, type, person_id, grade, status, marked_by, created_at) VALUES ('f2d634d0-86a9-5adf-8093-f0b97211a2fb', '08bdd3c7-7dfb-536d-9f13-2b6e38de31e4', '2026-05-30', 'student', 'S1-G8A-001', 'Grade 8', 'PRESENT', 'fc3f5b19-7024-5c5e-9f48-c1a1d3cee1f4', '2026-05-30 09:00:00') ON CONFLICT (id) DO NOTHING;
INSERT INTO attendance_records (id, school_id, date, type, person_id, grade, status, marked_by, created_at) VALUES ('b7a05412-d338-5353-8673-d90b3c7bfc29', '08bdd3c7-7dfb-536d-9f13-2b6e38de31e4', '2026-05-29', 'student', 'S1-G8A-001', 'Grade 8', 'PRESENT', 'fc3f5b19-7024-5c5e-9f48-c1a1d3cee1f4', '2026-05-29 09:00:00') ON CONFLICT (id) DO NOTHING;
INSERT INTO attendance_records (id, school_id, date, type, person_id, grade, status, marked_by, created_at) VALUES ('486d57c5-7f37-51e6-a15d-ccaf5980e56d', '08bdd3c7-7dfb-536d-9f13-2b6e38de31e4', '2026-05-28', 'student', 'S1-G8A-001', 'Grade 8', 'PRESENT', 'fc3f5b19-7024-5c5e-9f48-c1a1d3cee1f4', '2026-05-28 09:00:00') ON CONFLICT (id) DO NOTHING;
INSERT INTO attendance_records (id, school_id, date, type, person_id, grade, status, marked_by, created_at) VALUES ('de2fff12-03c3-51c5-abd3-856c51a3ed84', '08bdd3c7-7dfb-536d-9f13-2b6e38de31e4', '2026-05-27', 'student', 'S1-G8A-001', 'Grade 8', 'PRESENT', 'fc3f5b19-7024-5c5e-9f48-c1a1d3cee1f4', '2026-05-27 09:00:00') ON CONFLICT (id) DO NOTHING;
INSERT INTO attendance_records (id, school_id, date, type, person_id, grade, status, marked_by, created_at) VALUES ('d56e04ba-b631-576e-b411-5a3d210e3750', '08bdd3c7-7dfb-536d-9f13-2b6e38de31e4', '2026-05-26', 'student', 'S1-G8A-001', 'Grade 8', 'ABSENT', 'fc3f5b19-7024-5c5e-9f48-c1a1d3cee1f4', '2026-05-26 09:00:00') ON CONFLICT (id) DO NOTHING;
INSERT INTO attendance_records (id, school_id, date, type, person_id, grade, status, marked_by, created_at) VALUES ('b9119dc7-aa60-5f9e-826f-67c0989a037e', '08bdd3c7-7dfb-536d-9f13-2b6e38de31e4', '2026-05-25', 'student', 'S1-G8A-001', 'Grade 8', 'PRESENT', 'fc3f5b19-7024-5c5e-9f48-c1a1d3cee1f4', '2026-05-25 09:00:00') ON CONFLICT (id) DO NOTHING;
INSERT INTO attendance_records (id, school_id, date, type, person_id, grade, status, marked_by, created_at) VALUES ('4be30266-afc6-5df3-86c7-a7ff757ddd75', '08bdd3c7-7dfb-536d-9f13-2b6e38de31e4', '2026-05-23', 'student', 'S1-G8A-001', 'Grade 8', 'PRESENT', 'fc3f5b19-7024-5c5e-9f48-c1a1d3cee1f4', '2026-05-23 09:00:00') ON CONFLICT (id) DO NOTHING;
INSERT INTO attendance_records (id, school_id, date, type, person_id, grade, status, marked_by, created_at) VALUES ('451d5863-812c-500d-8f16-a7b0b88b16fa', '08bdd3c7-7dfb-536d-9f13-2b6e38de31e4', '2026-05-22', 'student', 'S1-G8A-001', 'Grade 8', 'PRESENT', 'fc3f5b19-7024-5c5e-9f48-c1a1d3cee1f4', '2026-05-22 09:00:00') ON CONFLICT (id) DO NOTHING;
INSERT INTO attendance_records (id, school_id, date, type, person_id, grade, status, marked_by, created_at) VALUES ('df93f3a9-46a0-5a8f-a488-ec48bc8749ac', '08bdd3c7-7dfb-536d-9f13-2b6e38de31e4', '2026-05-21', 'student', 'S1-G8A-001', 'Grade 8', 'PRESENT', 'fc3f5b19-7024-5c5e-9f48-c1a1d3cee1f4', '2026-05-21 09:00:00') ON CONFLICT (id) DO NOTHING;
INSERT INTO attendance_records (id, school_id, date, type, person_id, grade, status, marked_by, created_at) VALUES ('2418376d-78bc-5138-a545-43c5bcbe728c', '08bdd3c7-7dfb-536d-9f13-2b6e38de31e4', '2026-05-20', 'student', 'S1-G8A-001', 'Grade 8', 'PRESENT', 'fc3f5b19-7024-5c5e-9f48-c1a1d3cee1f4', '2026-05-20 09:00:00') ON CONFLICT (id) DO NOTHING;
INSERT INTO attendance_records (id, school_id, date, type, person_id, grade, status, marked_by, created_at) VALUES ('e1f5a6e8-6ed2-5529-ad49-478ffde4d36f', '08bdd3c7-7dfb-536d-9f13-2b6e38de31e4', '2026-05-19', 'student', 'S1-G8A-001', 'Grade 8', 'PRESENT', 'fc3f5b19-7024-5c5e-9f48-c1a1d3cee1f4', '2026-05-19 09:00:00') ON CONFLICT (id) DO NOTHING;
INSERT INTO attendance_records (id, school_id, date, type, person_id, grade, status, marked_by, created_at) VALUES ('5cd1e9b8-312b-5536-9545-aa0894980d28', '08bdd3c7-7dfb-536d-9f13-2b6e38de31e4', '2026-05-18', 'student', 'S1-G8A-001', 'Grade 8', 'PRESENT', 'fc3f5b19-7024-5c5e-9f48-c1a1d3cee1f4', '2026-05-18 09:00:00') ON CONFLICT (id) DO NOTHING;
INSERT INTO attendance_records (id, school_id, date, type, person_id, grade, status, marked_by, created_at) VALUES ('bf46a458-de1c-59d0-bfa5-7af6bfeb3971', '08bdd3c7-7dfb-536d-9f13-2b6e38de31e4', '2026-05-16', 'student', 'S1-G8A-001', 'Grade 8', 'PRESENT', 'fc3f5b19-7024-5c5e-9f48-c1a1d3cee1f4', '2026-05-16 09:00:00') ON CONFLICT (id) DO NOTHING;
INSERT INTO attendance_records (id, school_id, date, type, person_id, grade, status, marked_by, created_at) VALUES ('d468c68d-6829-5483-9fc8-5f0556075bd4', '08bdd3c7-7dfb-536d-9f13-2b6e38de31e4', '2026-05-15', 'student', 'S1-G8A-001', 'Grade 8', 'PRESENT', 'fc3f5b19-7024-5c5e-9f48-c1a1d3cee1f4', '2026-05-15 09:00:00') ON CONFLICT (id) DO NOTHING;
INSERT INTO attendance_records (id, school_id, date, type, person_id, grade, status, marked_by, created_at) VALUES ('ea9871ff-2a09-5d81-9cc9-549c0298a1d9', '08bdd3c7-7dfb-536d-9f13-2b6e38de31e4', '2026-05-14', 'student', 'S1-G8A-001', 'Grade 8', 'PRESENT', 'fc3f5b19-7024-5c5e-9f48-c1a1d3cee1f4', '2026-05-14 09:00:00') ON CONFLICT (id) DO NOTHING;
INSERT INTO attendance_records (id, school_id, date, type, person_id, grade, status, marked_by, created_at) VALUES ('0c76465f-5124-5dca-95b4-48e644940cd2', '08bdd3c7-7dfb-536d-9f13-2b6e38de31e4', '2026-05-13', 'student', 'S1-G8A-001', 'Grade 8', 'PRESENT', 'fc3f5b19-7024-5c5e-9f48-c1a1d3cee1f4', '2026-05-13 09:00:00') ON CONFLICT (id) DO NOTHING;
INSERT INTO attendance_records (id, school_id, date, type, person_id, grade, status, marked_by, created_at) VALUES ('500e8a86-9d77-5baa-9ca1-116c59ca3668', '08bdd3c7-7dfb-536d-9f13-2b6e38de31e4', '2026-05-12', 'student', 'S1-G8A-001', 'Grade 8', 'PRESENT', 'fc3f5b19-7024-5c5e-9f48-c1a1d3cee1f4', '2026-05-12 09:00:00') ON CONFLICT (id) DO NOTHING;
INSERT INTO attendance_records (id, school_id, date, type, person_id, grade, status, marked_by, created_at) VALUES ('b17ca4bd-c4f1-5ae5-970a-a6f22ed2a298', '08bdd3c7-7dfb-536d-9f13-2b6e38de31e4', '2026-05-11', 'student', 'S1-G8A-001', 'Grade 8', 'PRESENT', 'fc3f5b19-7024-5c5e-9f48-c1a1d3cee1f4', '2026-05-11 09:00:00') ON CONFLICT (id) DO NOTHING;
INSERT INTO attendance_records (id, school_id, date, type, person_id, grade, status, marked_by, created_at) VALUES ('5d740792-3804-564b-a19f-81ce1f8f7244', '08bdd3c7-7dfb-536d-9f13-2b6e38de31e4', '2026-05-09', 'student', 'S1-G8A-001', 'Grade 8', 'PRESENT', 'fc3f5b19-7024-5c5e-9f48-c1a1d3cee1f4', '2026-05-09 09:00:00') ON CONFLICT (id) DO NOTHING;
INSERT INTO attendance_records (id, school_id, date, type, person_id, grade, status, marked_by, created_at) VALUES ('6a47673c-a0ea-53c3-9595-9c8414dae268', '08bdd3c7-7dfb-536d-9f13-2b6e38de31e4', '2026-06-06', 'student', 'S1-G8A-002', 'Grade 8', 'PRESENT', 'fc3f5b19-7024-5c5e-9f48-c1a1d3cee1f4', '2026-06-06 09:00:00') ON CONFLICT (id) DO NOTHING;
INSERT INTO attendance_records (id, school_id, date, type, person_id, grade, status, marked_by, created_at) VALUES ('6996cb9d-5fec-5d3a-a895-0e10f48595e4', '08bdd3c7-7dfb-536d-9f13-2b6e38de31e4', '2026-06-05', 'student', 'S1-G8A-002', 'Grade 8', 'PRESENT', 'fc3f5b19-7024-5c5e-9f48-c1a1d3cee1f4', '2026-06-05 09:00:00') ON CONFLICT (id) DO NOTHING;
INSERT INTO attendance_records (id, school_id, date, type, person_id, grade, status, marked_by, created_at) VALUES ('41372b66-c5a3-568f-aaf5-8625b9bcad44', '08bdd3c7-7dfb-536d-9f13-2b6e38de31e4', '2026-06-04', 'student', 'S1-G8A-002', 'Grade 8', 'LATE', 'fc3f5b19-7024-5c5e-9f48-c1a1d3cee1f4', '2026-06-04 09:00:00') ON CONFLICT (id) DO NOTHING;
INSERT INTO attendance_records (id, school_id, date, type, person_id, grade, status, marked_by, created_at) VALUES ('f430f65a-c34e-5a97-a1f2-4b30646af469', '08bdd3c7-7dfb-536d-9f13-2b6e38de31e4', '2026-06-03', 'student', 'S1-G8A-002', 'Grade 8', 'PRESENT', 'fc3f5b19-7024-5c5e-9f48-c1a1d3cee1f4', '2026-06-03 09:00:00') ON CONFLICT (id) DO NOTHING;
INSERT INTO attendance_records (id, school_id, date, type, person_id, grade, status, marked_by, created_at) VALUES ('95d6fc51-16d2-5301-90a5-6678ac9eab8a', '08bdd3c7-7dfb-536d-9f13-2b6e38de31e4', '2026-06-02', 'student', 'S1-G8A-002', 'Grade 8', 'PRESENT', 'fc3f5b19-7024-5c5e-9f48-c1a1d3cee1f4', '2026-06-02 09:00:00') ON CONFLICT (id) DO NOTHING;
INSERT INTO attendance_records (id, school_id, date, type, person_id, grade, status, marked_by, created_at) VALUES ('4940c764-e1c2-5634-98fe-608c316bf35e', '08bdd3c7-7dfb-536d-9f13-2b6e38de31e4', '2026-06-01', 'student', 'S1-G8A-002', 'Grade 8', 'PRESENT', 'fc3f5b19-7024-5c5e-9f48-c1a1d3cee1f4', '2026-06-01 09:00:00') ON CONFLICT (id) DO NOTHING;
INSERT INTO attendance_records (id, school_id, date, type, person_id, grade, status, marked_by, created_at) VALUES ('4f81be49-d06c-552d-ae17-880d8cda891f', '08bdd3c7-7dfb-536d-9f13-2b6e38de31e4', '2026-05-30', 'student', 'S1-G8A-002', 'Grade 8', 'PRESENT', 'fc3f5b19-7024-5c5e-9f48-c1a1d3cee1f4', '2026-05-30 09:00:00') ON CONFLICT (id) DO NOTHING;
INSERT INTO attendance_records (id, school_id, date, type, person_id, grade, status, marked_by, created_at) VALUES ('1a50cea9-98db-5a99-85b4-140ec4c12dcc', '08bdd3c7-7dfb-536d-9f13-2b6e38de31e4', '2026-05-29', 'student', 'S1-G8A-002', 'Grade 8', 'PRESENT', 'fc3f5b19-7024-5c5e-9f48-c1a1d3cee1f4', '2026-05-29 09:00:00') ON CONFLICT (id) DO NOTHING;
INSERT INTO attendance_records (id, school_id, date, type, person_id, grade, status, marked_by, created_at) VALUES ('6d24f370-21f3-5864-b4ee-1deb5ab79273', '08bdd3c7-7dfb-536d-9f13-2b6e38de31e4', '2026-05-28', 'student', 'S1-G8A-002', 'Grade 8', 'PRESENT', 'fc3f5b19-7024-5c5e-9f48-c1a1d3cee1f4', '2026-05-28 09:00:00') ON CONFLICT (id) DO NOTHING;
INSERT INTO attendance_records (id, school_id, date, type, person_id, grade, status, marked_by, created_at) VALUES ('aa450017-f85e-5581-bec6-87ac2c401b2f', '08bdd3c7-7dfb-536d-9f13-2b6e38de31e4', '2026-05-27', 'student', 'S1-G8A-002', 'Grade 8', 'PRESENT', 'fc3f5b19-7024-5c5e-9f48-c1a1d3cee1f4', '2026-05-27 09:00:00') ON CONFLICT (id) DO NOTHING;
INSERT INTO attendance_records (id, school_id, date, type, person_id, grade, status, marked_by, created_at) VALUES ('2b6302ac-5e2c-5e6b-bab5-39236c1113ac', '08bdd3c7-7dfb-536d-9f13-2b6e38de31e4', '2026-05-26', 'student', 'S1-G8A-002', 'Grade 8', 'PRESENT', 'fc3f5b19-7024-5c5e-9f48-c1a1d3cee1f4', '2026-05-26 09:00:00') ON CONFLICT (id) DO NOTHING;
INSERT INTO attendance_records (id, school_id, date, type, person_id, grade, status, marked_by, created_at) VALUES ('4ae56924-d281-5c29-b5f1-ea8d8633dea8', '08bdd3c7-7dfb-536d-9f13-2b6e38de31e4', '2026-05-25', 'student', 'S1-G8A-002', 'Grade 8', 'PRESENT', 'fc3f5b19-7024-5c5e-9f48-c1a1d3cee1f4', '2026-05-25 09:00:00') ON CONFLICT (id) DO NOTHING;
INSERT INTO attendance_records (id, school_id, date, type, person_id, grade, status, marked_by, created_at) VALUES ('b3a1e6b5-8da8-5d6c-8bb1-e40c7501b822', '08bdd3c7-7dfb-536d-9f13-2b6e38de31e4', '2026-05-23', 'student', 'S1-G8A-002', 'Grade 8', 'PRESENT', 'fc3f5b19-7024-5c5e-9f48-c1a1d3cee1f4', '2026-05-23 09:00:00') ON CONFLICT (id) DO NOTHING;
INSERT INTO attendance_records (id, school_id, date, type, person_id, grade, status, marked_by, created_at) VALUES ('9fecb3d0-da17-5f67-a52a-c2db26f136aa', '08bdd3c7-7dfb-536d-9f13-2b6e38de31e4', '2026-05-22', 'student', 'S1-G8A-002', 'Grade 8', 'PRESENT', 'fc3f5b19-7024-5c5e-9f48-c1a1d3cee1f4', '2026-05-22 09:00:00') ON CONFLICT (id) DO NOTHING;
INSERT INTO attendance_records (id, school_id, date, type, person_id, grade, status, marked_by, created_at) VALUES ('6bbacab2-2b77-5d8c-8e2d-5653e95e724a', '08bdd3c7-7dfb-536d-9f13-2b6e38de31e4', '2026-05-21', 'student', 'S1-G8A-002', 'Grade 8', 'LATE', 'fc3f5b19-7024-5c5e-9f48-c1a1d3cee1f4', '2026-05-21 09:00:00') ON CONFLICT (id) DO NOTHING;
INSERT INTO attendance_records (id, school_id, date, type, person_id, grade, status, marked_by, created_at) VALUES ('51b54d15-32db-5028-880d-30b4093ac3e0', '08bdd3c7-7dfb-536d-9f13-2b6e38de31e4', '2026-05-20', 'student', 'S1-G8A-002', 'Grade 8', 'PRESENT', 'fc3f5b19-7024-5c5e-9f48-c1a1d3cee1f4', '2026-05-20 09:00:00') ON CONFLICT (id) DO NOTHING;
INSERT INTO attendance_records (id, school_id, date, type, person_id, grade, status, marked_by, created_at) VALUES ('ef7048fc-a057-5293-818b-2630a0f7778f', '08bdd3c7-7dfb-536d-9f13-2b6e38de31e4', '2026-05-19', 'student', 'S1-G8A-002', 'Grade 8', 'PRESENT', 'fc3f5b19-7024-5c5e-9f48-c1a1d3cee1f4', '2026-05-19 09:00:00') ON CONFLICT (id) DO NOTHING;
INSERT INTO attendance_records (id, school_id, date, type, person_id, grade, status, marked_by, created_at) VALUES ('7555e02c-27f8-50fc-b237-5229fb48e3f6', '08bdd3c7-7dfb-536d-9f13-2b6e38de31e4', '2026-05-18', 'student', 'S1-G8A-002', 'Grade 8', 'PRESENT', 'fc3f5b19-7024-5c5e-9f48-c1a1d3cee1f4', '2026-05-18 09:00:00') ON CONFLICT (id) DO NOTHING;
INSERT INTO attendance_records (id, school_id, date, type, person_id, grade, status, marked_by, created_at) VALUES ('789cf0aa-e2e5-57a7-a01a-612d486d8ae3', '08bdd3c7-7dfb-536d-9f13-2b6e38de31e4', '2026-05-16', 'student', 'S1-G8A-002', 'Grade 8', 'PRESENT', 'fc3f5b19-7024-5c5e-9f48-c1a1d3cee1f4', '2026-05-16 09:00:00') ON CONFLICT (id) DO NOTHING;
INSERT INTO attendance_records (id, school_id, date, type, person_id, grade, status, marked_by, created_at) VALUES ('4d8a2f60-2b88-540a-a552-bb2bab998e9c', '08bdd3c7-7dfb-536d-9f13-2b6e38de31e4', '2026-05-15', 'student', 'S1-G8A-002', 'Grade 8', 'PRESENT', 'fc3f5b19-7024-5c5e-9f48-c1a1d3cee1f4', '2026-05-15 09:00:00') ON CONFLICT (id) DO NOTHING;
INSERT INTO attendance_records (id, school_id, date, type, person_id, grade, status, marked_by, created_at) VALUES ('6eaa7b67-5987-5c5f-8710-d93005c658f6', '08bdd3c7-7dfb-536d-9f13-2b6e38de31e4', '2026-05-14', 'student', 'S1-G8A-002', 'Grade 8', 'PRESENT', 'fc3f5b19-7024-5c5e-9f48-c1a1d3cee1f4', '2026-05-14 09:00:00') ON CONFLICT (id) DO NOTHING;
INSERT INTO attendance_records (id, school_id, date, type, person_id, grade, status, marked_by, created_at) VALUES ('7ba2ce03-a7a1-538e-9aa0-97e427758e47', '08bdd3c7-7dfb-536d-9f13-2b6e38de31e4', '2026-05-13', 'student', 'S1-G8A-002', 'Grade 8', 'PRESENT', 'fc3f5b19-7024-5c5e-9f48-c1a1d3cee1f4', '2026-05-13 09:00:00') ON CONFLICT (id) DO NOTHING;
INSERT INTO attendance_records (id, school_id, date, type, person_id, grade, status, marked_by, created_at) VALUES ('9be50733-fe53-5895-9562-2cbd4fbfe6d3', '08bdd3c7-7dfb-536d-9f13-2b6e38de31e4', '2026-05-12', 'student', 'S1-G8A-002', 'Grade 8', 'ABSENT', 'fc3f5b19-7024-5c5e-9f48-c1a1d3cee1f4', '2026-05-12 09:00:00') ON CONFLICT (id) DO NOTHING;
INSERT INTO attendance_records (id, school_id, date, type, person_id, grade, status, marked_by, created_at) VALUES ('efafd344-78db-58a6-a38e-4cbdde0378ac', '08bdd3c7-7dfb-536d-9f13-2b6e38de31e4', '2026-05-11', 'student', 'S1-G8A-002', 'Grade 8', 'PRESENT', 'fc3f5b19-7024-5c5e-9f48-c1a1d3cee1f4', '2026-05-11 09:00:00') ON CONFLICT (id) DO NOTHING;
INSERT INTO attendance_records (id, school_id, date, type, person_id, grade, status, marked_by, created_at) VALUES ('075972fb-2696-5e96-8a54-df11318cf1d4', '08bdd3c7-7dfb-536d-9f13-2b6e38de31e4', '2026-05-09', 'student', 'S1-G8A-002', 'Grade 8', 'PRESENT', 'fc3f5b19-7024-5c5e-9f48-c1a1d3cee1f4', '2026-05-09 09:00:00') ON CONFLICT (id) DO NOTHING;
INSERT INTO attendance_records (id, school_id, date, type, person_id, grade, status, marked_by, created_at) VALUES ('7aa75bbd-9b3c-5861-9807-905629d320ef', '08bdd3c7-7dfb-536d-9f13-2b6e38de31e4', '2026-06-06', 'student', 'S1-G8A-003', 'Grade 8', 'PRESENT', 'fc3f5b19-7024-5c5e-9f48-c1a1d3cee1f4', '2026-06-06 09:00:00') ON CONFLICT (id) DO NOTHING;
INSERT INTO attendance_records (id, school_id, date, type, person_id, grade, status, marked_by, created_at) VALUES ('15147653-5bfd-554d-a56d-cd80d64a76c2', '08bdd3c7-7dfb-536d-9f13-2b6e38de31e4', '2026-06-05', 'student', 'S1-G8A-003', 'Grade 8', 'PRESENT', 'fc3f5b19-7024-5c5e-9f48-c1a1d3cee1f4', '2026-06-05 09:00:00') ON CONFLICT (id) DO NOTHING;
INSERT INTO attendance_records (id, school_id, date, type, person_id, grade, status, marked_by, created_at) VALUES ('fcd0014b-f4fe-5da2-a437-1bb4fdf88ac9', '08bdd3c7-7dfb-536d-9f13-2b6e38de31e4', '2026-06-04', 'student', 'S1-G8A-003', 'Grade 8', 'LATE', 'fc3f5b19-7024-5c5e-9f48-c1a1d3cee1f4', '2026-06-04 09:00:00') ON CONFLICT (id) DO NOTHING;
INSERT INTO attendance_records (id, school_id, date, type, person_id, grade, status, marked_by, created_at) VALUES ('05f60317-f25a-5511-a4bd-dc76e845db11', '08bdd3c7-7dfb-536d-9f13-2b6e38de31e4', '2026-06-03', 'student', 'S1-G8A-003', 'Grade 8', 'PRESENT', 'fc3f5b19-7024-5c5e-9f48-c1a1d3cee1f4', '2026-06-03 09:00:00') ON CONFLICT (id) DO NOTHING;
INSERT INTO attendance_records (id, school_id, date, type, person_id, grade, status, marked_by, created_at) VALUES ('e9d00775-4e9b-5d76-9434-68e863fd760c', '08bdd3c7-7dfb-536d-9f13-2b6e38de31e4', '2026-06-02', 'student', 'S1-G8A-003', 'Grade 8', 'LATE', 'fc3f5b19-7024-5c5e-9f48-c1a1d3cee1f4', '2026-06-02 09:00:00') ON CONFLICT (id) DO NOTHING;
INSERT INTO attendance_records (id, school_id, date, type, person_id, grade, status, marked_by, created_at) VALUES ('5cc64428-ddb1-5d8d-848a-cd440aae2751', '08bdd3c7-7dfb-536d-9f13-2b6e38de31e4', '2026-06-01', 'student', 'S1-G8A-003', 'Grade 8', 'PRESENT', 'fc3f5b19-7024-5c5e-9f48-c1a1d3cee1f4', '2026-06-01 09:00:00') ON CONFLICT (id) DO NOTHING;
INSERT INTO attendance_records (id, school_id, date, type, person_id, grade, status, marked_by, created_at) VALUES ('e02e27e1-c2ee-5a44-84a9-b530b40c61ae', '08bdd3c7-7dfb-536d-9f13-2b6e38de31e4', '2026-05-30', 'student', 'S1-G8A-003', 'Grade 8', 'PRESENT', 'fc3f5b19-7024-5c5e-9f48-c1a1d3cee1f4', '2026-05-30 09:00:00') ON CONFLICT (id) DO NOTHING;
INSERT INTO attendance_records (id, school_id, date, type, person_id, grade, status, marked_by, created_at) VALUES ('97ebea26-1de3-5544-a987-121ebfab9993', '08bdd3c7-7dfb-536d-9f13-2b6e38de31e4', '2026-05-29', 'student', 'S1-G8A-003', 'Grade 8', 'PRESENT', 'fc3f5b19-7024-5c5e-9f48-c1a1d3cee1f4', '2026-05-29 09:00:00') ON CONFLICT (id) DO NOTHING;
INSERT INTO attendance_records (id, school_id, date, type, person_id, grade, status, marked_by, created_at) VALUES ('685c5b75-2d7e-564d-801d-e88354902b5a', '08bdd3c7-7dfb-536d-9f13-2b6e38de31e4', '2026-05-28', 'student', 'S1-G8A-003', 'Grade 8', 'PRESENT', 'fc3f5b19-7024-5c5e-9f48-c1a1d3cee1f4', '2026-05-28 09:00:00') ON CONFLICT (id) DO NOTHING;
INSERT INTO attendance_records (id, school_id, date, type, person_id, grade, status, marked_by, created_at) VALUES ('9b7754b7-e1a2-551e-8f5a-3bb33370b1f4', '08bdd3c7-7dfb-536d-9f13-2b6e38de31e4', '2026-05-27', 'student', 'S1-G8A-003', 'Grade 8', 'PRESENT', 'fc3f5b19-7024-5c5e-9f48-c1a1d3cee1f4', '2026-05-27 09:00:00') ON CONFLICT (id) DO NOTHING;
INSERT INTO attendance_records (id, school_id, date, type, person_id, grade, status, marked_by, created_at) VALUES ('f71e887c-1b66-5dac-8286-003f3db85def', '08bdd3c7-7dfb-536d-9f13-2b6e38de31e4', '2026-05-26', 'student', 'S1-G8A-003', 'Grade 8', 'PRESENT', 'fc3f5b19-7024-5c5e-9f48-c1a1d3cee1f4', '2026-05-26 09:00:00') ON CONFLICT (id) DO NOTHING;
INSERT INTO attendance_records (id, school_id, date, type, person_id, grade, status, marked_by, created_at) VALUES ('422a0e58-fa21-5b41-aa1c-23747a61a21f', '08bdd3c7-7dfb-536d-9f13-2b6e38de31e4', '2026-05-25', 'student', 'S1-G8A-003', 'Grade 8', 'PRESENT', 'fc3f5b19-7024-5c5e-9f48-c1a1d3cee1f4', '2026-05-25 09:00:00') ON CONFLICT (id) DO NOTHING;
INSERT INTO attendance_records (id, school_id, date, type, person_id, grade, status, marked_by, created_at) VALUES ('2eccc4e0-6518-50ca-92c6-846e03d7db33', '08bdd3c7-7dfb-536d-9f13-2b6e38de31e4', '2026-05-23', 'student', 'S1-G8A-003', 'Grade 8', 'LATE', 'fc3f5b19-7024-5c5e-9f48-c1a1d3cee1f4', '2026-05-23 09:00:00') ON CONFLICT (id) DO NOTHING;
INSERT INTO attendance_records (id, school_id, date, type, person_id, grade, status, marked_by, created_at) VALUES ('46f6a7c6-9072-584a-bd02-66ebd946929e', '08bdd3c7-7dfb-536d-9f13-2b6e38de31e4', '2026-05-22', 'student', 'S1-G8A-003', 'Grade 8', 'PRESENT', 'fc3f5b19-7024-5c5e-9f48-c1a1d3cee1f4', '2026-05-22 09:00:00') ON CONFLICT (id) DO NOTHING;
INSERT INTO attendance_records (id, school_id, date, type, person_id, grade, status, marked_by, created_at) VALUES ('9ad8e251-016d-505a-9773-854ee3440329', '08bdd3c7-7dfb-536d-9f13-2b6e38de31e4', '2026-05-21', 'student', 'S1-G8A-003', 'Grade 8', 'PRESENT', 'fc3f5b19-7024-5c5e-9f48-c1a1d3cee1f4', '2026-05-21 09:00:00') ON CONFLICT (id) DO NOTHING;
INSERT INTO attendance_records (id, school_id, date, type, person_id, grade, status, marked_by, created_at) VALUES ('93c9f7b3-cb65-5dfb-99f9-a994b27cdb34', '08bdd3c7-7dfb-536d-9f13-2b6e38de31e4', '2026-05-20', 'student', 'S1-G8A-003', 'Grade 8', 'PRESENT', 'fc3f5b19-7024-5c5e-9f48-c1a1d3cee1f4', '2026-05-20 09:00:00') ON CONFLICT (id) DO NOTHING;
INSERT INTO attendance_records (id, school_id, date, type, person_id, grade, status, marked_by, created_at) VALUES ('3ceb80fc-15b7-5643-a8b7-3842e61048b1', '08bdd3c7-7dfb-536d-9f13-2b6e38de31e4', '2026-05-19', 'student', 'S1-G8A-003', 'Grade 8', 'PRESENT', 'fc3f5b19-7024-5c5e-9f48-c1a1d3cee1f4', '2026-05-19 09:00:00') ON CONFLICT (id) DO NOTHING;
INSERT INTO attendance_records (id, school_id, date, type, person_id, grade, status, marked_by, created_at) VALUES ('b4851456-109c-522a-aa83-2d7a67054897', '08bdd3c7-7dfb-536d-9f13-2b6e38de31e4', '2026-05-18', 'student', 'S1-G8A-003', 'Grade 8', 'PRESENT', 'fc3f5b19-7024-5c5e-9f48-c1a1d3cee1f4', '2026-05-18 09:00:00') ON CONFLICT (id) DO NOTHING;
INSERT INTO attendance_records (id, school_id, date, type, person_id, grade, status, marked_by, created_at) VALUES ('b135ff68-0ba3-532f-a79e-258d1c97a346', '08bdd3c7-7dfb-536d-9f13-2b6e38de31e4', '2026-05-16', 'student', 'S1-G8A-003', 'Grade 8', 'PRESENT', 'fc3f5b19-7024-5c5e-9f48-c1a1d3cee1f4', '2026-05-16 09:00:00') ON CONFLICT (id) DO NOTHING;
INSERT INTO attendance_records (id, school_id, date, type, person_id, grade, status, marked_by, created_at) VALUES ('55b02c94-8907-5fa9-9f13-56579259f6e3', '08bdd3c7-7dfb-536d-9f13-2b6e38de31e4', '2026-05-15', 'student', 'S1-G8A-003', 'Grade 8', 'PRESENT', 'fc3f5b19-7024-5c5e-9f48-c1a1d3cee1f4', '2026-05-15 09:00:00') ON CONFLICT (id) DO NOTHING;
INSERT INTO attendance_records (id, school_id, date, type, person_id, grade, status, marked_by, created_at) VALUES ('50864dac-63cc-5c10-926a-60cf0177491e', '08bdd3c7-7dfb-536d-9f13-2b6e38de31e4', '2026-05-14', 'student', 'S1-G8A-003', 'Grade 8', 'PRESENT', 'fc3f5b19-7024-5c5e-9f48-c1a1d3cee1f4', '2026-05-14 09:00:00') ON CONFLICT (id) DO NOTHING;
INSERT INTO attendance_records (id, school_id, date, type, person_id, grade, status, marked_by, created_at) VALUES ('7c88f11f-3a41-5d66-9713-3b6863cf7f70', '08bdd3c7-7dfb-536d-9f13-2b6e38de31e4', '2026-05-13', 'student', 'S1-G8A-003', 'Grade 8', 'PRESENT', 'fc3f5b19-7024-5c5e-9f48-c1a1d3cee1f4', '2026-05-13 09:00:00') ON CONFLICT (id) DO NOTHING;
INSERT INTO attendance_records (id, school_id, date, type, person_id, grade, status, marked_by, created_at) VALUES ('18f68150-852b-5a22-9ef3-b811b5a4c050', '08bdd3c7-7dfb-536d-9f13-2b6e38de31e4', '2026-05-12', 'student', 'S1-G8A-003', 'Grade 8', 'PRESENT', 'fc3f5b19-7024-5c5e-9f48-c1a1d3cee1f4', '2026-05-12 09:00:00') ON CONFLICT (id) DO NOTHING;
INSERT INTO attendance_records (id, school_id, date, type, person_id, grade, status, marked_by, created_at) VALUES ('9b5ee8f9-ff38-5b1a-8818-6f7be1148496', '08bdd3c7-7dfb-536d-9f13-2b6e38de31e4', '2026-05-11', 'student', 'S1-G8A-003', 'Grade 8', 'PRESENT', 'fc3f5b19-7024-5c5e-9f48-c1a1d3cee1f4', '2026-05-11 09:00:00') ON CONFLICT (id) DO NOTHING;
INSERT INTO attendance_records (id, school_id, date, type, person_id, grade, status, marked_by, created_at) VALUES ('46f085cf-93c6-578b-b8fc-1af40936bfad', '08bdd3c7-7dfb-536d-9f13-2b6e38de31e4', '2026-05-09', 'student', 'S1-G8A-003', 'Grade 8', 'PRESENT', 'fc3f5b19-7024-5c5e-9f48-c1a1d3cee1f4', '2026-05-09 09:00:00') ON CONFLICT (id) DO NOTHING;
INSERT INTO attendance_records (id, school_id, date, type, person_id, grade, status, marked_by, created_at) VALUES ('c29f2acd-bb64-56d7-af12-4daf26d17717', '08bdd3c7-7dfb-536d-9f13-2b6e38de31e4', '2026-06-06', 'student', 'S1-G8A-004', 'Grade 8', 'PRESENT', 'fc3f5b19-7024-5c5e-9f48-c1a1d3cee1f4', '2026-06-06 09:00:00') ON CONFLICT (id) DO NOTHING;
INSERT INTO attendance_records (id, school_id, date, type, person_id, grade, status, marked_by, created_at) VALUES ('1b5e274e-8aa6-5e01-a0f1-e91920d17b5f', '08bdd3c7-7dfb-536d-9f13-2b6e38de31e4', '2026-06-05', 'student', 'S1-G8A-004', 'Grade 8', 'PRESENT', 'fc3f5b19-7024-5c5e-9f48-c1a1d3cee1f4', '2026-06-05 09:00:00') ON CONFLICT (id) DO NOTHING;
INSERT INTO attendance_records (id, school_id, date, type, person_id, grade, status, marked_by, created_at) VALUES ('f74ecdfc-eed9-5970-8115-d66512a88fee', '08bdd3c7-7dfb-536d-9f13-2b6e38de31e4', '2026-06-04', 'student', 'S1-G8A-004', 'Grade 8', 'PRESENT', 'fc3f5b19-7024-5c5e-9f48-c1a1d3cee1f4', '2026-06-04 09:00:00') ON CONFLICT (id) DO NOTHING;
INSERT INTO attendance_records (id, school_id, date, type, person_id, grade, status, marked_by, created_at) VALUES ('e8bb0ae3-414e-5678-9007-fd08ca57198e', '08bdd3c7-7dfb-536d-9f13-2b6e38de31e4', '2026-06-03', 'student', 'S1-G8A-004', 'Grade 8', 'PRESENT', 'fc3f5b19-7024-5c5e-9f48-c1a1d3cee1f4', '2026-06-03 09:00:00') ON CONFLICT (id) DO NOTHING;
INSERT INTO attendance_records (id, school_id, date, type, person_id, grade, status, marked_by, created_at) VALUES ('f9f6e1c2-8295-5ede-b55e-4e6b54e247a8', '08bdd3c7-7dfb-536d-9f13-2b6e38de31e4', '2026-06-02', 'student', 'S1-G8A-004', 'Grade 8', 'PRESENT', 'fc3f5b19-7024-5c5e-9f48-c1a1d3cee1f4', '2026-06-02 09:00:00') ON CONFLICT (id) DO NOTHING;
INSERT INTO attendance_records (id, school_id, date, type, person_id, grade, status, marked_by, created_at) VALUES ('f0173769-f371-5b5b-b2d2-c65926e7c64f', '08bdd3c7-7dfb-536d-9f13-2b6e38de31e4', '2026-06-01', 'student', 'S1-G8A-004', 'Grade 8', 'PRESENT', 'fc3f5b19-7024-5c5e-9f48-c1a1d3cee1f4', '2026-06-01 09:00:00') ON CONFLICT (id) DO NOTHING;
INSERT INTO attendance_records (id, school_id, date, type, person_id, grade, status, marked_by, created_at) VALUES ('758f3604-f832-5ee4-b0be-f114dd4784b9', '08bdd3c7-7dfb-536d-9f13-2b6e38de31e4', '2026-05-30', 'student', 'S1-G8A-004', 'Grade 8', 'PRESENT', 'fc3f5b19-7024-5c5e-9f48-c1a1d3cee1f4', '2026-05-30 09:00:00') ON CONFLICT (id) DO NOTHING;
INSERT INTO attendance_records (id, school_id, date, type, person_id, grade, status, marked_by, created_at) VALUES ('2604c070-a224-5e4b-9612-dd3e36b3e18e', '08bdd3c7-7dfb-536d-9f13-2b6e38de31e4', '2026-05-29', 'student', 'S1-G8A-004', 'Grade 8', 'LATE', 'fc3f5b19-7024-5c5e-9f48-c1a1d3cee1f4', '2026-05-29 09:00:00') ON CONFLICT (id) DO NOTHING;
INSERT INTO attendance_records (id, school_id, date, type, person_id, grade, status, marked_by, created_at) VALUES ('b9b7deea-991e-5576-b0af-4fd5f41067d2', '08bdd3c7-7dfb-536d-9f13-2b6e38de31e4', '2026-05-28', 'student', 'S1-G8A-004', 'Grade 8', 'PRESENT', 'fc3f5b19-7024-5c5e-9f48-c1a1d3cee1f4', '2026-05-28 09:00:00') ON CONFLICT (id) DO NOTHING;
INSERT INTO attendance_records (id, school_id, date, type, person_id, grade, status, marked_by, created_at) VALUES ('5c8e7592-a917-51bd-bb43-81ad8fd1c616', '08bdd3c7-7dfb-536d-9f13-2b6e38de31e4', '2026-05-27', 'student', 'S1-G8A-004', 'Grade 8', 'PRESENT', 'fc3f5b19-7024-5c5e-9f48-c1a1d3cee1f4', '2026-05-27 09:00:00') ON CONFLICT (id) DO NOTHING;
INSERT INTO attendance_records (id, school_id, date, type, person_id, grade, status, marked_by, created_at) VALUES ('8a233710-734c-5eed-9ae2-6b2ab8682397', '08bdd3c7-7dfb-536d-9f13-2b6e38de31e4', '2026-05-26', 'student', 'S1-G8A-004', 'Grade 8', 'PRESENT', 'fc3f5b19-7024-5c5e-9f48-c1a1d3cee1f4', '2026-05-26 09:00:00') ON CONFLICT (id) DO NOTHING;
INSERT INTO attendance_records (id, school_id, date, type, person_id, grade, status, marked_by, created_at) VALUES ('0bcc46c1-cee4-5bf9-8ef2-9388e9cebc17', '08bdd3c7-7dfb-536d-9f13-2b6e38de31e4', '2026-05-25', 'student', 'S1-G8A-004', 'Grade 8', 'PRESENT', 'fc3f5b19-7024-5c5e-9f48-c1a1d3cee1f4', '2026-05-25 09:00:00') ON CONFLICT (id) DO NOTHING;
INSERT INTO attendance_records (id, school_id, date, type, person_id, grade, status, marked_by, created_at) VALUES ('8ee5cdc7-0c9a-5e99-add7-3820e1aa22d1', '08bdd3c7-7dfb-536d-9f13-2b6e38de31e4', '2026-05-23', 'student', 'S1-G8A-004', 'Grade 8', 'PRESENT', 'fc3f5b19-7024-5c5e-9f48-c1a1d3cee1f4', '2026-05-23 09:00:00') ON CONFLICT (id) DO NOTHING;
INSERT INTO attendance_records (id, school_id, date, type, person_id, grade, status, marked_by, created_at) VALUES ('02c5e7d4-2f69-5b41-98c2-e51674d4db5e', '08bdd3c7-7dfb-536d-9f13-2b6e38de31e4', '2026-05-22', 'student', 'S1-G8A-004', 'Grade 8', 'PRESENT', 'fc3f5b19-7024-5c5e-9f48-c1a1d3cee1f4', '2026-05-22 09:00:00') ON CONFLICT (id) DO NOTHING;
INSERT INTO attendance_records (id, school_id, date, type, person_id, grade, status, marked_by, created_at) VALUES ('89c2c6bb-1d15-58c1-a2b9-4fe9806e640f', '08bdd3c7-7dfb-536d-9f13-2b6e38de31e4', '2026-05-21', 'student', 'S1-G8A-004', 'Grade 8', 'PRESENT', 'fc3f5b19-7024-5c5e-9f48-c1a1d3cee1f4', '2026-05-21 09:00:00') ON CONFLICT (id) DO NOTHING;
INSERT INTO attendance_records (id, school_id, date, type, person_id, grade, status, marked_by, created_at) VALUES ('6920905d-0935-5b07-a84f-f731acb71de7', '08bdd3c7-7dfb-536d-9f13-2b6e38de31e4', '2026-05-20', 'student', 'S1-G8A-004', 'Grade 8', 'PRESENT', 'fc3f5b19-7024-5c5e-9f48-c1a1d3cee1f4', '2026-05-20 09:00:00') ON CONFLICT (id) DO NOTHING;
INSERT INTO attendance_records (id, school_id, date, type, person_id, grade, status, marked_by, created_at) VALUES ('116855c9-7ed3-5800-97e4-cd8414a75a6d', '08bdd3c7-7dfb-536d-9f13-2b6e38de31e4', '2026-05-19', 'student', 'S1-G8A-004', 'Grade 8', 'PRESENT', 'fc3f5b19-7024-5c5e-9f48-c1a1d3cee1f4', '2026-05-19 09:00:00') ON CONFLICT (id) DO NOTHING;
INSERT INTO attendance_records (id, school_id, date, type, person_id, grade, status, marked_by, created_at) VALUES ('b55cc80d-b1b6-5d27-8c58-109d5e072226', '08bdd3c7-7dfb-536d-9f13-2b6e38de31e4', '2026-05-18', 'student', 'S1-G8A-004', 'Grade 8', 'PRESENT', 'fc3f5b19-7024-5c5e-9f48-c1a1d3cee1f4', '2026-05-18 09:00:00') ON CONFLICT (id) DO NOTHING;
INSERT INTO attendance_records (id, school_id, date, type, person_id, grade, status, marked_by, created_at) VALUES ('d2611570-3b75-5fa8-b6ca-a75d0cd1f8e7', '08bdd3c7-7dfb-536d-9f13-2b6e38de31e4', '2026-05-16', 'student', 'S1-G8A-004', 'Grade 8', 'PRESENT', 'fc3f5b19-7024-5c5e-9f48-c1a1d3cee1f4', '2026-05-16 09:00:00') ON CONFLICT (id) DO NOTHING;
INSERT INTO attendance_records (id, school_id, date, type, person_id, grade, status, marked_by, created_at) VALUES ('a1efcd97-4bef-5370-b85e-1d7e836bb10f', '08bdd3c7-7dfb-536d-9f13-2b6e38de31e4', '2026-05-15', 'student', 'S1-G8A-004', 'Grade 8', 'PRESENT', 'fc3f5b19-7024-5c5e-9f48-c1a1d3cee1f4', '2026-05-15 09:00:00') ON CONFLICT (id) DO NOTHING;
INSERT INTO attendance_records (id, school_id, date, type, person_id, grade, status, marked_by, created_at) VALUES ('568c4de1-12c5-5236-95da-fe4be39ca058', '08bdd3c7-7dfb-536d-9f13-2b6e38de31e4', '2026-05-14', 'student', 'S1-G8A-004', 'Grade 8', 'PRESENT', 'fc3f5b19-7024-5c5e-9f48-c1a1d3cee1f4', '2026-05-14 09:00:00') ON CONFLICT (id) DO NOTHING;
INSERT INTO attendance_records (id, school_id, date, type, person_id, grade, status, marked_by, created_at) VALUES ('7a4e6a19-2c85-5d7d-b58a-71f120818bd4', '08bdd3c7-7dfb-536d-9f13-2b6e38de31e4', '2026-05-13', 'student', 'S1-G8A-004', 'Grade 8', 'PRESENT', 'fc3f5b19-7024-5c5e-9f48-c1a1d3cee1f4', '2026-05-13 09:00:00') ON CONFLICT (id) DO NOTHING;
INSERT INTO attendance_records (id, school_id, date, type, person_id, grade, status, marked_by, created_at) VALUES ('40cb68d0-0f13-573e-9455-e5889c2782e8', '08bdd3c7-7dfb-536d-9f13-2b6e38de31e4', '2026-05-12', 'student', 'S1-G8A-004', 'Grade 8', 'PRESENT', 'fc3f5b19-7024-5c5e-9f48-c1a1d3cee1f4', '2026-05-12 09:00:00') ON CONFLICT (id) DO NOTHING;
INSERT INTO attendance_records (id, school_id, date, type, person_id, grade, status, marked_by, created_at) VALUES ('05bd3c89-b62b-5cad-b112-5aaaa44739ef', '08bdd3c7-7dfb-536d-9f13-2b6e38de31e4', '2026-05-11', 'student', 'S1-G8A-004', 'Grade 8', 'PRESENT', 'fc3f5b19-7024-5c5e-9f48-c1a1d3cee1f4', '2026-05-11 09:00:00') ON CONFLICT (id) DO NOTHING;
INSERT INTO attendance_records (id, school_id, date, type, person_id, grade, status, marked_by, created_at) VALUES ('92853a89-b215-59d7-a58e-3e85921ecaf0', '08bdd3c7-7dfb-536d-9f13-2b6e38de31e4', '2026-05-09', 'student', 'S1-G8A-004', 'Grade 8', 'PRESENT', 'fc3f5b19-7024-5c5e-9f48-c1a1d3cee1f4', '2026-05-09 09:00:00') ON CONFLICT (id) DO NOTHING;
INSERT INTO attendance_records (id, school_id, date, type, person_id, grade, status, marked_by, created_at) VALUES ('4aa17a7f-83a8-5d0c-ba91-bbe2ee1bcbb0', '583885b4-4f8e-58d1-a6c2-e8a482b4314f', '2026-06-06', 'student', 'S2-G4A-001', 'Grade 4', 'PRESENT', '2437bc68-52b4-5399-b2b9-f9ec3a1d6837', '2026-06-06 09:00:00') ON CONFLICT (id) DO NOTHING;
INSERT INTO attendance_records (id, school_id, date, type, person_id, grade, status, marked_by, created_at) VALUES ('f11bdbcf-f695-5bbf-a027-50d3383332f0', '583885b4-4f8e-58d1-a6c2-e8a482b4314f', '2026-06-05', 'student', 'S2-G4A-001', 'Grade 4', 'PRESENT', '2437bc68-52b4-5399-b2b9-f9ec3a1d6837', '2026-06-05 09:00:00') ON CONFLICT (id) DO NOTHING;
INSERT INTO attendance_records (id, school_id, date, type, person_id, grade, status, marked_by, created_at) VALUES ('27d74a29-59e9-5bc4-98d4-300c966e2c58', '583885b4-4f8e-58d1-a6c2-e8a482b4314f', '2026-06-04', 'student', 'S2-G4A-001', 'Grade 4', 'PRESENT', '2437bc68-52b4-5399-b2b9-f9ec3a1d6837', '2026-06-04 09:00:00') ON CONFLICT (id) DO NOTHING;
INSERT INTO attendance_records (id, school_id, date, type, person_id, grade, status, marked_by, created_at) VALUES ('41890639-4b44-5772-80a0-5813c15274bc', '583885b4-4f8e-58d1-a6c2-e8a482b4314f', '2026-06-03', 'student', 'S2-G4A-001', 'Grade 4', 'PRESENT', '2437bc68-52b4-5399-b2b9-f9ec3a1d6837', '2026-06-03 09:00:00') ON CONFLICT (id) DO NOTHING;
INSERT INTO attendance_records (id, school_id, date, type, person_id, grade, status, marked_by, created_at) VALUES ('ee3e2cbf-3869-53f9-a107-42b10fe78155', '583885b4-4f8e-58d1-a6c2-e8a482b4314f', '2026-06-02', 'student', 'S2-G4A-001', 'Grade 4', 'PRESENT', '2437bc68-52b4-5399-b2b9-f9ec3a1d6837', '2026-06-02 09:00:00') ON CONFLICT (id) DO NOTHING;
INSERT INTO attendance_records (id, school_id, date, type, person_id, grade, status, marked_by, created_at) VALUES ('41e454f8-00d5-5827-956d-6b3e6389386b', '583885b4-4f8e-58d1-a6c2-e8a482b4314f', '2026-06-01', 'student', 'S2-G4A-001', 'Grade 4', 'PRESENT', '2437bc68-52b4-5399-b2b9-f9ec3a1d6837', '2026-06-01 09:00:00') ON CONFLICT (id) DO NOTHING;
INSERT INTO attendance_records (id, school_id, date, type, person_id, grade, status, marked_by, created_at) VALUES ('d6f41152-fea1-5c40-a3b2-6ecaf1a76dd1', '583885b4-4f8e-58d1-a6c2-e8a482b4314f', '2026-05-30', 'student', 'S2-G4A-001', 'Grade 4', 'PRESENT', '2437bc68-52b4-5399-b2b9-f9ec3a1d6837', '2026-05-30 09:00:00') ON CONFLICT (id) DO NOTHING;
INSERT INTO attendance_records (id, school_id, date, type, person_id, grade, status, marked_by, created_at) VALUES ('ea4d76a5-14f0-589c-b8a7-0e65d16e2f79', '583885b4-4f8e-58d1-a6c2-e8a482b4314f', '2026-05-29', 'student', 'S2-G4A-001', 'Grade 4', 'PRESENT', '2437bc68-52b4-5399-b2b9-f9ec3a1d6837', '2026-05-29 09:00:00') ON CONFLICT (id) DO NOTHING;
INSERT INTO attendance_records (id, school_id, date, type, person_id, grade, status, marked_by, created_at) VALUES ('ca297fff-6772-52e5-bb9d-7647f60edcdf', '583885b4-4f8e-58d1-a6c2-e8a482b4314f', '2026-05-28', 'student', 'S2-G4A-001', 'Grade 4', 'PRESENT', '2437bc68-52b4-5399-b2b9-f9ec3a1d6837', '2026-05-28 09:00:00') ON CONFLICT (id) DO NOTHING;
INSERT INTO attendance_records (id, school_id, date, type, person_id, grade, status, marked_by, created_at) VALUES ('c0d5bcd2-2583-5d03-9725-4cba0678de27', '583885b4-4f8e-58d1-a6c2-e8a482b4314f', '2026-05-27', 'student', 'S2-G4A-001', 'Grade 4', 'PRESENT', '2437bc68-52b4-5399-b2b9-f9ec3a1d6837', '2026-05-27 09:00:00') ON CONFLICT (id) DO NOTHING;
INSERT INTO attendance_records (id, school_id, date, type, person_id, grade, status, marked_by, created_at) VALUES ('bedceb04-ebf5-5e79-85f9-f550981dceb0', '583885b4-4f8e-58d1-a6c2-e8a482b4314f', '2026-05-26', 'student', 'S2-G4A-001', 'Grade 4', 'PRESENT', '2437bc68-52b4-5399-b2b9-f9ec3a1d6837', '2026-05-26 09:00:00') ON CONFLICT (id) DO NOTHING;
INSERT INTO attendance_records (id, school_id, date, type, person_id, grade, status, marked_by, created_at) VALUES ('f6cda05c-95a2-58ac-a176-91a3cac52729', '583885b4-4f8e-58d1-a6c2-e8a482b4314f', '2026-05-25', 'student', 'S2-G4A-001', 'Grade 4', 'PRESENT', '2437bc68-52b4-5399-b2b9-f9ec3a1d6837', '2026-05-25 09:00:00') ON CONFLICT (id) DO NOTHING;
INSERT INTO attendance_records (id, school_id, date, type, person_id, grade, status, marked_by, created_at) VALUES ('97a7b0c6-a394-5e24-a5aa-918bbfffbe71', '583885b4-4f8e-58d1-a6c2-e8a482b4314f', '2026-05-23', 'student', 'S2-G4A-001', 'Grade 4', 'PRESENT', '2437bc68-52b4-5399-b2b9-f9ec3a1d6837', '2026-05-23 09:00:00') ON CONFLICT (id) DO NOTHING;
INSERT INTO attendance_records (id, school_id, date, type, person_id, grade, status, marked_by, created_at) VALUES ('e94cd401-b8da-50ad-80eb-86e20573de2c', '583885b4-4f8e-58d1-a6c2-e8a482b4314f', '2026-05-22', 'student', 'S2-G4A-001', 'Grade 4', 'PRESENT', '2437bc68-52b4-5399-b2b9-f9ec3a1d6837', '2026-05-22 09:00:00') ON CONFLICT (id) DO NOTHING;
INSERT INTO attendance_records (id, school_id, date, type, person_id, grade, status, marked_by, created_at) VALUES ('3c425e27-135a-589e-a130-641aba798591', '583885b4-4f8e-58d1-a6c2-e8a482b4314f', '2026-05-21', 'student', 'S2-G4A-001', 'Grade 4', 'PRESENT', '2437bc68-52b4-5399-b2b9-f9ec3a1d6837', '2026-05-21 09:00:00') ON CONFLICT (id) DO NOTHING;
INSERT INTO attendance_records (id, school_id, date, type, person_id, grade, status, marked_by, created_at) VALUES ('82717bc8-5704-5fce-9f78-f72db0d3a2b4', '583885b4-4f8e-58d1-a6c2-e8a482b4314f', '2026-05-20', 'student', 'S2-G4A-001', 'Grade 4', 'PRESENT', '2437bc68-52b4-5399-b2b9-f9ec3a1d6837', '2026-05-20 09:00:00') ON CONFLICT (id) DO NOTHING;
INSERT INTO attendance_records (id, school_id, date, type, person_id, grade, status, marked_by, created_at) VALUES ('5a602a5c-3d24-5b05-8cf0-06dab070254f', '583885b4-4f8e-58d1-a6c2-e8a482b4314f', '2026-05-19', 'student', 'S2-G4A-001', 'Grade 4', 'PRESENT', '2437bc68-52b4-5399-b2b9-f9ec3a1d6837', '2026-05-19 09:00:00') ON CONFLICT (id) DO NOTHING;
INSERT INTO attendance_records (id, school_id, date, type, person_id, grade, status, marked_by, created_at) VALUES ('6c496b71-7b64-5a99-ba6b-588d1dcf5da7', '583885b4-4f8e-58d1-a6c2-e8a482b4314f', '2026-05-18', 'student', 'S2-G4A-001', 'Grade 4', 'PRESENT', '2437bc68-52b4-5399-b2b9-f9ec3a1d6837', '2026-05-18 09:00:00') ON CONFLICT (id) DO NOTHING;
INSERT INTO attendance_records (id, school_id, date, type, person_id, grade, status, marked_by, created_at) VALUES ('d71c67e3-7305-53b8-b13c-7e1509048455', '583885b4-4f8e-58d1-a6c2-e8a482b4314f', '2026-05-16', 'student', 'S2-G4A-001', 'Grade 4', 'PRESENT', '2437bc68-52b4-5399-b2b9-f9ec3a1d6837', '2026-05-16 09:00:00') ON CONFLICT (id) DO NOTHING;
INSERT INTO attendance_records (id, school_id, date, type, person_id, grade, status, marked_by, created_at) VALUES ('a0d5d0de-ca17-5fd6-9e81-5e5dbba692cd', '583885b4-4f8e-58d1-a6c2-e8a482b4314f', '2026-05-15', 'student', 'S2-G4A-001', 'Grade 4', 'PRESENT', '2437bc68-52b4-5399-b2b9-f9ec3a1d6837', '2026-05-15 09:00:00') ON CONFLICT (id) DO NOTHING;
INSERT INTO attendance_records (id, school_id, date, type, person_id, grade, status, marked_by, created_at) VALUES ('1e64c741-411f-5b77-8820-2fe7a222b921', '583885b4-4f8e-58d1-a6c2-e8a482b4314f', '2026-05-14', 'student', 'S2-G4A-001', 'Grade 4', 'PRESENT', '2437bc68-52b4-5399-b2b9-f9ec3a1d6837', '2026-05-14 09:00:00') ON CONFLICT (id) DO NOTHING;
INSERT INTO attendance_records (id, school_id, date, type, person_id, grade, status, marked_by, created_at) VALUES ('7e5c91b5-4de4-5b4e-ab6a-564ec770e143', '583885b4-4f8e-58d1-a6c2-e8a482b4314f', '2026-05-13', 'student', 'S2-G4A-001', 'Grade 4', 'LATE', '2437bc68-52b4-5399-b2b9-f9ec3a1d6837', '2026-05-13 09:00:00') ON CONFLICT (id) DO NOTHING;
INSERT INTO attendance_records (id, school_id, date, type, person_id, grade, status, marked_by, created_at) VALUES ('83248d3a-be25-5053-872c-afa752ff4474', '583885b4-4f8e-58d1-a6c2-e8a482b4314f', '2026-05-12', 'student', 'S2-G4A-001', 'Grade 4', 'PRESENT', '2437bc68-52b4-5399-b2b9-f9ec3a1d6837', '2026-05-12 09:00:00') ON CONFLICT (id) DO NOTHING;
INSERT INTO attendance_records (id, school_id, date, type, person_id, grade, status, marked_by, created_at) VALUES ('0057a8e0-4697-5708-8229-7157fa6cdb94', '583885b4-4f8e-58d1-a6c2-e8a482b4314f', '2026-05-11', 'student', 'S2-G4A-001', 'Grade 4', 'PRESENT', '2437bc68-52b4-5399-b2b9-f9ec3a1d6837', '2026-05-11 09:00:00') ON CONFLICT (id) DO NOTHING;
INSERT INTO attendance_records (id, school_id, date, type, person_id, grade, status, marked_by, created_at) VALUES ('ed064918-2591-552d-ae75-a558626a4868', '583885b4-4f8e-58d1-a6c2-e8a482b4314f', '2026-05-09', 'student', 'S2-G4A-001', 'Grade 4', 'ABSENT', '2437bc68-52b4-5399-b2b9-f9ec3a1d6837', '2026-05-09 09:00:00') ON CONFLICT (id) DO NOTHING;
INSERT INTO attendance_records (id, school_id, date, type, person_id, grade, status, marked_by, created_at) VALUES ('1dcb61bb-915a-5bd3-9bb7-1b0ef46ad93b', '583885b4-4f8e-58d1-a6c2-e8a482b4314f', '2026-06-06', 'student', 'S2-G4A-002', 'Grade 4', 'PRESENT', '2437bc68-52b4-5399-b2b9-f9ec3a1d6837', '2026-06-06 09:00:00') ON CONFLICT (id) DO NOTHING;
INSERT INTO attendance_records (id, school_id, date, type, person_id, grade, status, marked_by, created_at) VALUES ('86a01320-56de-5299-a9fb-88b99751bb3e', '583885b4-4f8e-58d1-a6c2-e8a482b4314f', '2026-06-05', 'student', 'S2-G4A-002', 'Grade 4', 'PRESENT', '2437bc68-52b4-5399-b2b9-f9ec3a1d6837', '2026-06-05 09:00:00') ON CONFLICT (id) DO NOTHING;
INSERT INTO attendance_records (id, school_id, date, type, person_id, grade, status, marked_by, created_at) VALUES ('f28c5aa8-d437-59c9-9dc1-e12c7c443498', '583885b4-4f8e-58d1-a6c2-e8a482b4314f', '2026-06-04', 'student', 'S2-G4A-002', 'Grade 4', 'PRESENT', '2437bc68-52b4-5399-b2b9-f9ec3a1d6837', '2026-06-04 09:00:00') ON CONFLICT (id) DO NOTHING;
INSERT INTO attendance_records (id, school_id, date, type, person_id, grade, status, marked_by, created_at) VALUES ('9385264d-ae41-5255-b555-b5fe99a52093', '583885b4-4f8e-58d1-a6c2-e8a482b4314f', '2026-06-03', 'student', 'S2-G4A-002', 'Grade 4', 'PRESENT', '2437bc68-52b4-5399-b2b9-f9ec3a1d6837', '2026-06-03 09:00:00') ON CONFLICT (id) DO NOTHING;
INSERT INTO attendance_records (id, school_id, date, type, person_id, grade, status, marked_by, created_at) VALUES ('a5fdeed9-cc9d-5d42-9066-cadd6a32c620', '583885b4-4f8e-58d1-a6c2-e8a482b4314f', '2026-06-02', 'student', 'S2-G4A-002', 'Grade 4', 'ABSENT', '2437bc68-52b4-5399-b2b9-f9ec3a1d6837', '2026-06-02 09:00:00') ON CONFLICT (id) DO NOTHING;
INSERT INTO attendance_records (id, school_id, date, type, person_id, grade, status, marked_by, created_at) VALUES ('0a550c88-9f84-5b14-af13-0b1eff018b8c', '583885b4-4f8e-58d1-a6c2-e8a482b4314f', '2026-06-01', 'student', 'S2-G4A-002', 'Grade 4', 'LATE', '2437bc68-52b4-5399-b2b9-f9ec3a1d6837', '2026-06-01 09:00:00') ON CONFLICT (id) DO NOTHING;
INSERT INTO attendance_records (id, school_id, date, type, person_id, grade, status, marked_by, created_at) VALUES ('6d74ccaf-cc8c-5b32-82f7-ee4ef1189c84', '583885b4-4f8e-58d1-a6c2-e8a482b4314f', '2026-05-30', 'student', 'S2-G4A-002', 'Grade 4', 'PRESENT', '2437bc68-52b4-5399-b2b9-f9ec3a1d6837', '2026-05-30 09:00:00') ON CONFLICT (id) DO NOTHING;
INSERT INTO attendance_records (id, school_id, date, type, person_id, grade, status, marked_by, created_at) VALUES ('21c9ea88-aedd-5309-b865-bcd9d88400af', '583885b4-4f8e-58d1-a6c2-e8a482b4314f', '2026-05-29', 'student', 'S2-G4A-002', 'Grade 4', 'PRESENT', '2437bc68-52b4-5399-b2b9-f9ec3a1d6837', '2026-05-29 09:00:00') ON CONFLICT (id) DO NOTHING;
INSERT INTO attendance_records (id, school_id, date, type, person_id, grade, status, marked_by, created_at) VALUES ('0047b8f5-c986-5411-b47d-b8d70d9a6c55', '583885b4-4f8e-58d1-a6c2-e8a482b4314f', '2026-05-28', 'student', 'S2-G4A-002', 'Grade 4', 'PRESENT', '2437bc68-52b4-5399-b2b9-f9ec3a1d6837', '2026-05-28 09:00:00') ON CONFLICT (id) DO NOTHING;
INSERT INTO attendance_records (id, school_id, date, type, person_id, grade, status, marked_by, created_at) VALUES ('bb00b177-86bf-50e0-b542-8d7f3a31cfd0', '583885b4-4f8e-58d1-a6c2-e8a482b4314f', '2026-05-27', 'student', 'S2-G4A-002', 'Grade 4', 'PRESENT', '2437bc68-52b4-5399-b2b9-f9ec3a1d6837', '2026-05-27 09:00:00') ON CONFLICT (id) DO NOTHING;
INSERT INTO attendance_records (id, school_id, date, type, person_id, grade, status, marked_by, created_at) VALUES ('3b2c758c-218d-5874-816b-c4c356d6f410', '583885b4-4f8e-58d1-a6c2-e8a482b4314f', '2026-05-26', 'student', 'S2-G4A-002', 'Grade 4', 'PRESENT', '2437bc68-52b4-5399-b2b9-f9ec3a1d6837', '2026-05-26 09:00:00') ON CONFLICT (id) DO NOTHING;
INSERT INTO attendance_records (id, school_id, date, type, person_id, grade, status, marked_by, created_at) VALUES ('5c8fc699-046f-574a-839d-acb8908d5a7b', '583885b4-4f8e-58d1-a6c2-e8a482b4314f', '2026-05-25', 'student', 'S2-G4A-002', 'Grade 4', 'PRESENT', '2437bc68-52b4-5399-b2b9-f9ec3a1d6837', '2026-05-25 09:00:00') ON CONFLICT (id) DO NOTHING;
INSERT INTO attendance_records (id, school_id, date, type, person_id, grade, status, marked_by, created_at) VALUES ('1cf43517-6a38-5d95-bf86-7e88f64e4d12', '583885b4-4f8e-58d1-a6c2-e8a482b4314f', '2026-05-23', 'student', 'S2-G4A-002', 'Grade 4', 'PRESENT', '2437bc68-52b4-5399-b2b9-f9ec3a1d6837', '2026-05-23 09:00:00') ON CONFLICT (id) DO NOTHING;
INSERT INTO attendance_records (id, school_id, date, type, person_id, grade, status, marked_by, created_at) VALUES ('63fed77a-f178-5378-bb45-c7024bd35946', '583885b4-4f8e-58d1-a6c2-e8a482b4314f', '2026-05-22', 'student', 'S2-G4A-002', 'Grade 4', 'PRESENT', '2437bc68-52b4-5399-b2b9-f9ec3a1d6837', '2026-05-22 09:00:00') ON CONFLICT (id) DO NOTHING;
INSERT INTO attendance_records (id, school_id, date, type, person_id, grade, status, marked_by, created_at) VALUES ('ee126942-77bf-5733-b510-d6c66d97b9f3', '583885b4-4f8e-58d1-a6c2-e8a482b4314f', '2026-05-21', 'student', 'S2-G4A-002', 'Grade 4', 'PRESENT', '2437bc68-52b4-5399-b2b9-f9ec3a1d6837', '2026-05-21 09:00:00') ON CONFLICT (id) DO NOTHING;
INSERT INTO attendance_records (id, school_id, date, type, person_id, grade, status, marked_by, created_at) VALUES ('9342da3a-f5ad-574f-ad20-5429b9c4572e', '583885b4-4f8e-58d1-a6c2-e8a482b4314f', '2026-05-20', 'student', 'S2-G4A-002', 'Grade 4', 'PRESENT', '2437bc68-52b4-5399-b2b9-f9ec3a1d6837', '2026-05-20 09:00:00') ON CONFLICT (id) DO NOTHING;
INSERT INTO attendance_records (id, school_id, date, type, person_id, grade, status, marked_by, created_at) VALUES ('509cd810-fd64-5bd4-8b88-7c6ced772abc', '583885b4-4f8e-58d1-a6c2-e8a482b4314f', '2026-05-19', 'student', 'S2-G4A-002', 'Grade 4', 'PRESENT', '2437bc68-52b4-5399-b2b9-f9ec3a1d6837', '2026-05-19 09:00:00') ON CONFLICT (id) DO NOTHING;
INSERT INTO attendance_records (id, school_id, date, type, person_id, grade, status, marked_by, created_at) VALUES ('fe863cfb-bdc1-5c66-8c47-c98a2ff72c92', '583885b4-4f8e-58d1-a6c2-e8a482b4314f', '2026-05-18', 'student', 'S2-G4A-002', 'Grade 4', 'PRESENT', '2437bc68-52b4-5399-b2b9-f9ec3a1d6837', '2026-05-18 09:00:00') ON CONFLICT (id) DO NOTHING;
INSERT INTO attendance_records (id, school_id, date, type, person_id, grade, status, marked_by, created_at) VALUES ('5026cb21-cd4e-5528-a4d3-09bbc7b4cd82', '583885b4-4f8e-58d1-a6c2-e8a482b4314f', '2026-05-16', 'student', 'S2-G4A-002', 'Grade 4', 'PRESENT', '2437bc68-52b4-5399-b2b9-f9ec3a1d6837', '2026-05-16 09:00:00') ON CONFLICT (id) DO NOTHING;
INSERT INTO attendance_records (id, school_id, date, type, person_id, grade, status, marked_by, created_at) VALUES ('844d8be0-a156-58b3-aeab-6f16ad0303d5', '583885b4-4f8e-58d1-a6c2-e8a482b4314f', '2026-05-15', 'student', 'S2-G4A-002', 'Grade 4', 'PRESENT', '2437bc68-52b4-5399-b2b9-f9ec3a1d6837', '2026-05-15 09:00:00') ON CONFLICT (id) DO NOTHING;
INSERT INTO attendance_records (id, school_id, date, type, person_id, grade, status, marked_by, created_at) VALUES ('0d0a0cfc-128a-5ec7-b217-ec60e68ca8f8', '583885b4-4f8e-58d1-a6c2-e8a482b4314f', '2026-05-14', 'student', 'S2-G4A-002', 'Grade 4', 'PRESENT', '2437bc68-52b4-5399-b2b9-f9ec3a1d6837', '2026-05-14 09:00:00') ON CONFLICT (id) DO NOTHING;
INSERT INTO attendance_records (id, school_id, date, type, person_id, grade, status, marked_by, created_at) VALUES ('0f0b95c8-b323-5156-9678-ad0f94e85b3d', '583885b4-4f8e-58d1-a6c2-e8a482b4314f', '2026-05-13', 'student', 'S2-G4A-002', 'Grade 4', 'PRESENT', '2437bc68-52b4-5399-b2b9-f9ec3a1d6837', '2026-05-13 09:00:00') ON CONFLICT (id) DO NOTHING;
INSERT INTO attendance_records (id, school_id, date, type, person_id, grade, status, marked_by, created_at) VALUES ('4d3d8d0e-70ad-5659-8935-48df7e01a469', '583885b4-4f8e-58d1-a6c2-e8a482b4314f', '2026-05-12', 'student', 'S2-G4A-002', 'Grade 4', 'PRESENT', '2437bc68-52b4-5399-b2b9-f9ec3a1d6837', '2026-05-12 09:00:00') ON CONFLICT (id) DO NOTHING;
INSERT INTO attendance_records (id, school_id, date, type, person_id, grade, status, marked_by, created_at) VALUES ('009e5303-da4b-50f4-9e60-74b14ce3281a', '583885b4-4f8e-58d1-a6c2-e8a482b4314f', '2026-05-11', 'student', 'S2-G4A-002', 'Grade 4', 'PRESENT', '2437bc68-52b4-5399-b2b9-f9ec3a1d6837', '2026-05-11 09:00:00') ON CONFLICT (id) DO NOTHING;
INSERT INTO attendance_records (id, school_id, date, type, person_id, grade, status, marked_by, created_at) VALUES ('ab697949-fda6-583d-82fd-dfae1955dc7a', '583885b4-4f8e-58d1-a6c2-e8a482b4314f', '2026-05-09', 'student', 'S2-G4A-002', 'Grade 4', 'PRESENT', '2437bc68-52b4-5399-b2b9-f9ec3a1d6837', '2026-05-09 09:00:00') ON CONFLICT (id) DO NOTHING;
INSERT INTO attendance_records (id, school_id, date, type, person_id, grade, status, marked_by, created_at) VALUES ('bdfa0906-7e68-5fc2-a91f-f87ac6bbf9ae', '583885b4-4f8e-58d1-a6c2-e8a482b4314f', '2026-06-06', 'student', 'S2-G4A-003', 'Grade 4', 'PRESENT', '2437bc68-52b4-5399-b2b9-f9ec3a1d6837', '2026-06-06 09:00:00') ON CONFLICT (id) DO NOTHING;
INSERT INTO attendance_records (id, school_id, date, type, person_id, grade, status, marked_by, created_at) VALUES ('177695d6-8673-573e-b777-054e8aee6c5c', '583885b4-4f8e-58d1-a6c2-e8a482b4314f', '2026-06-05', 'student', 'S2-G4A-003', 'Grade 4', 'LATE', '2437bc68-52b4-5399-b2b9-f9ec3a1d6837', '2026-06-05 09:00:00') ON CONFLICT (id) DO NOTHING;
INSERT INTO attendance_records (id, school_id, date, type, person_id, grade, status, marked_by, created_at) VALUES ('e2ca3407-cb92-51ca-9b97-b80f9f0c75d2', '583885b4-4f8e-58d1-a6c2-e8a482b4314f', '2026-06-04', 'student', 'S2-G4A-003', 'Grade 4', 'PRESENT', '2437bc68-52b4-5399-b2b9-f9ec3a1d6837', '2026-06-04 09:00:00') ON CONFLICT (id) DO NOTHING;
INSERT INTO attendance_records (id, school_id, date, type, person_id, grade, status, marked_by, created_at) VALUES ('509c88e8-62da-5aea-a453-35b012b80d84', '583885b4-4f8e-58d1-a6c2-e8a482b4314f', '2026-06-03', 'student', 'S2-G4A-003', 'Grade 4', 'PRESENT', '2437bc68-52b4-5399-b2b9-f9ec3a1d6837', '2026-06-03 09:00:00') ON CONFLICT (id) DO NOTHING;
INSERT INTO attendance_records (id, school_id, date, type, person_id, grade, status, marked_by, created_at) VALUES ('05cc5f64-b94c-5235-a9f5-f178d65a201c', '583885b4-4f8e-58d1-a6c2-e8a482b4314f', '2026-06-02', 'student', 'S2-G4A-003', 'Grade 4', 'PRESENT', '2437bc68-52b4-5399-b2b9-f9ec3a1d6837', '2026-06-02 09:00:00') ON CONFLICT (id) DO NOTHING;
INSERT INTO attendance_records (id, school_id, date, type, person_id, grade, status, marked_by, created_at) VALUES ('b8794127-290b-5e09-9526-8d161bdf5ccb', '583885b4-4f8e-58d1-a6c2-e8a482b4314f', '2026-06-01', 'student', 'S2-G4A-003', 'Grade 4', 'PRESENT', '2437bc68-52b4-5399-b2b9-f9ec3a1d6837', '2026-06-01 09:00:00') ON CONFLICT (id) DO NOTHING;
INSERT INTO attendance_records (id, school_id, date, type, person_id, grade, status, marked_by, created_at) VALUES ('aa819b33-6fc1-50d5-904e-15abeffe887e', '583885b4-4f8e-58d1-a6c2-e8a482b4314f', '2026-05-30', 'student', 'S2-G4A-003', 'Grade 4', 'PRESENT', '2437bc68-52b4-5399-b2b9-f9ec3a1d6837', '2026-05-30 09:00:00') ON CONFLICT (id) DO NOTHING;
INSERT INTO attendance_records (id, school_id, date, type, person_id, grade, status, marked_by, created_at) VALUES ('58073429-89f5-55e3-b12f-46402a699d3e', '583885b4-4f8e-58d1-a6c2-e8a482b4314f', '2026-05-29', 'student', 'S2-G4A-003', 'Grade 4', 'PRESENT', '2437bc68-52b4-5399-b2b9-f9ec3a1d6837', '2026-05-29 09:00:00') ON CONFLICT (id) DO NOTHING;
INSERT INTO attendance_records (id, school_id, date, type, person_id, grade, status, marked_by, created_at) VALUES ('bdcc37cc-d32e-50b0-9490-7055b2f62728', '583885b4-4f8e-58d1-a6c2-e8a482b4314f', '2026-05-28', 'student', 'S2-G4A-003', 'Grade 4', 'PRESENT', '2437bc68-52b4-5399-b2b9-f9ec3a1d6837', '2026-05-28 09:00:00') ON CONFLICT (id) DO NOTHING;
INSERT INTO attendance_records (id, school_id, date, type, person_id, grade, status, marked_by, created_at) VALUES ('d4542dea-73be-570c-8c99-d7692b35ca08', '583885b4-4f8e-58d1-a6c2-e8a482b4314f', '2026-05-27', 'student', 'S2-G4A-003', 'Grade 4', 'PRESENT', '2437bc68-52b4-5399-b2b9-f9ec3a1d6837', '2026-05-27 09:00:00') ON CONFLICT (id) DO NOTHING;
INSERT INTO attendance_records (id, school_id, date, type, person_id, grade, status, marked_by, created_at) VALUES ('fd36e469-3526-5962-9f3d-39f250d61e09', '583885b4-4f8e-58d1-a6c2-e8a482b4314f', '2026-05-26', 'student', 'S2-G4A-003', 'Grade 4', 'PRESENT', '2437bc68-52b4-5399-b2b9-f9ec3a1d6837', '2026-05-26 09:00:00') ON CONFLICT (id) DO NOTHING;
INSERT INTO attendance_records (id, school_id, date, type, person_id, grade, status, marked_by, created_at) VALUES ('9b2c57ae-93fe-5f40-8f5e-0fa57480d56b', '583885b4-4f8e-58d1-a6c2-e8a482b4314f', '2026-05-25', 'student', 'S2-G4A-003', 'Grade 4', 'PRESENT', '2437bc68-52b4-5399-b2b9-f9ec3a1d6837', '2026-05-25 09:00:00') ON CONFLICT (id) DO NOTHING;
INSERT INTO attendance_records (id, school_id, date, type, person_id, grade, status, marked_by, created_at) VALUES ('5dda2b6a-f4a6-5f40-89ac-45ef6d6e025f', '583885b4-4f8e-58d1-a6c2-e8a482b4314f', '2026-05-23', 'student', 'S2-G4A-003', 'Grade 4', 'PRESENT', '2437bc68-52b4-5399-b2b9-f9ec3a1d6837', '2026-05-23 09:00:00') ON CONFLICT (id) DO NOTHING;
INSERT INTO attendance_records (id, school_id, date, type, person_id, grade, status, marked_by, created_at) VALUES ('71039e9a-1cbb-5510-af20-5213921f3f8e', '583885b4-4f8e-58d1-a6c2-e8a482b4314f', '2026-05-22', 'student', 'S2-G4A-003', 'Grade 4', 'PRESENT', '2437bc68-52b4-5399-b2b9-f9ec3a1d6837', '2026-05-22 09:00:00') ON CONFLICT (id) DO NOTHING;
INSERT INTO attendance_records (id, school_id, date, type, person_id, grade, status, marked_by, created_at) VALUES ('227d0149-90ab-53ac-acb8-b386fb517b6e', '583885b4-4f8e-58d1-a6c2-e8a482b4314f', '2026-05-21', 'student', 'S2-G4A-003', 'Grade 4', 'PRESENT', '2437bc68-52b4-5399-b2b9-f9ec3a1d6837', '2026-05-21 09:00:00') ON CONFLICT (id) DO NOTHING;
INSERT INTO attendance_records (id, school_id, date, type, person_id, grade, status, marked_by, created_at) VALUES ('5965078f-cdb8-5e29-8652-29649d75b759', '583885b4-4f8e-58d1-a6c2-e8a482b4314f', '2026-05-20', 'student', 'S2-G4A-003', 'Grade 4', 'PRESENT', '2437bc68-52b4-5399-b2b9-f9ec3a1d6837', '2026-05-20 09:00:00') ON CONFLICT (id) DO NOTHING;
INSERT INTO attendance_records (id, school_id, date, type, person_id, grade, status, marked_by, created_at) VALUES ('2d0d1ffb-f676-52f1-82e7-9f3c565f4080', '583885b4-4f8e-58d1-a6c2-e8a482b4314f', '2026-05-19', 'student', 'S2-G4A-003', 'Grade 4', 'PRESENT', '2437bc68-52b4-5399-b2b9-f9ec3a1d6837', '2026-05-19 09:00:00') ON CONFLICT (id) DO NOTHING;
INSERT INTO attendance_records (id, school_id, date, type, person_id, grade, status, marked_by, created_at) VALUES ('824e0467-df7d-5db8-a260-5716c8521aad', '583885b4-4f8e-58d1-a6c2-e8a482b4314f', '2026-05-18', 'student', 'S2-G4A-003', 'Grade 4', 'PRESENT', '2437bc68-52b4-5399-b2b9-f9ec3a1d6837', '2026-05-18 09:00:00') ON CONFLICT (id) DO NOTHING;
INSERT INTO attendance_records (id, school_id, date, type, person_id, grade, status, marked_by, created_at) VALUES ('208d92ee-0e2f-5e09-8360-ce6e74d01e2c', '583885b4-4f8e-58d1-a6c2-e8a482b4314f', '2026-05-16', 'student', 'S2-G4A-003', 'Grade 4', 'LATE', '2437bc68-52b4-5399-b2b9-f9ec3a1d6837', '2026-05-16 09:00:00') ON CONFLICT (id) DO NOTHING;
INSERT INTO attendance_records (id, school_id, date, type, person_id, grade, status, marked_by, created_at) VALUES ('35ba32ae-dd2a-5f13-b8b9-b1aa73d15c5e', '583885b4-4f8e-58d1-a6c2-e8a482b4314f', '2026-05-15', 'student', 'S2-G4A-003', 'Grade 4', 'PRESENT', '2437bc68-52b4-5399-b2b9-f9ec3a1d6837', '2026-05-15 09:00:00') ON CONFLICT (id) DO NOTHING;
INSERT INTO attendance_records (id, school_id, date, type, person_id, grade, status, marked_by, created_at) VALUES ('64fd3416-1426-59c6-ac2a-d2e8e6dcdcfc', '583885b4-4f8e-58d1-a6c2-e8a482b4314f', '2026-05-14', 'student', 'S2-G4A-003', 'Grade 4', 'PRESENT', '2437bc68-52b4-5399-b2b9-f9ec3a1d6837', '2026-05-14 09:00:00') ON CONFLICT (id) DO NOTHING;
INSERT INTO attendance_records (id, school_id, date, type, person_id, grade, status, marked_by, created_at) VALUES ('5880dfa4-4bb7-539a-bd67-d21d732de07f', '583885b4-4f8e-58d1-a6c2-e8a482b4314f', '2026-05-13', 'student', 'S2-G4A-003', 'Grade 4', 'PRESENT', '2437bc68-52b4-5399-b2b9-f9ec3a1d6837', '2026-05-13 09:00:00') ON CONFLICT (id) DO NOTHING;
INSERT INTO attendance_records (id, school_id, date, type, person_id, grade, status, marked_by, created_at) VALUES ('931f1e93-2b69-585d-b359-04294b3d43e5', '583885b4-4f8e-58d1-a6c2-e8a482b4314f', '2026-05-12', 'student', 'S2-G4A-003', 'Grade 4', 'PRESENT', '2437bc68-52b4-5399-b2b9-f9ec3a1d6837', '2026-05-12 09:00:00') ON CONFLICT (id) DO NOTHING;
INSERT INTO attendance_records (id, school_id, date, type, person_id, grade, status, marked_by, created_at) VALUES ('b69695e1-a415-567f-9846-bfc7cfe7c5da', '583885b4-4f8e-58d1-a6c2-e8a482b4314f', '2026-05-11', 'student', 'S2-G4A-003', 'Grade 4', 'PRESENT', '2437bc68-52b4-5399-b2b9-f9ec3a1d6837', '2026-05-11 09:00:00') ON CONFLICT (id) DO NOTHING;
INSERT INTO attendance_records (id, school_id, date, type, person_id, grade, status, marked_by, created_at) VALUES ('3dc17c1b-c1e7-52c3-927d-053d464b876d', '583885b4-4f8e-58d1-a6c2-e8a482b4314f', '2026-05-09', 'student', 'S2-G4A-003', 'Grade 4', 'PRESENT', '2437bc68-52b4-5399-b2b9-f9ec3a1d6837', '2026-05-09 09:00:00') ON CONFLICT (id) DO NOTHING;
INSERT INTO attendance_records (id, school_id, date, type, person_id, grade, status, marked_by, created_at) VALUES ('49d58d73-7cd2-5aed-8619-30a8153d78f7', '583885b4-4f8e-58d1-a6c2-e8a482b4314f', '2026-06-06', 'student', 'S2-G6A-001', 'Grade 6', 'PRESENT', '67cd9de0-efa6-5b7f-86cb-9d3b35fbad3d', '2026-06-06 09:00:00') ON CONFLICT (id) DO NOTHING;
INSERT INTO attendance_records (id, school_id, date, type, person_id, grade, status, marked_by, created_at) VALUES ('d4f0efb4-80af-573d-8ef0-e86d655a9bad', '583885b4-4f8e-58d1-a6c2-e8a482b4314f', '2026-06-05', 'student', 'S2-G6A-001', 'Grade 6', 'PRESENT', '67cd9de0-efa6-5b7f-86cb-9d3b35fbad3d', '2026-06-05 09:00:00') ON CONFLICT (id) DO NOTHING;
INSERT INTO attendance_records (id, school_id, date, type, person_id, grade, status, marked_by, created_at) VALUES ('17fd0882-5b08-53e8-a6b1-f1041936f67a', '583885b4-4f8e-58d1-a6c2-e8a482b4314f', '2026-06-04', 'student', 'S2-G6A-001', 'Grade 6', 'PRESENT', '67cd9de0-efa6-5b7f-86cb-9d3b35fbad3d', '2026-06-04 09:00:00') ON CONFLICT (id) DO NOTHING;
INSERT INTO attendance_records (id, school_id, date, type, person_id, grade, status, marked_by, created_at) VALUES ('2c5dc8bd-a4a9-531e-aa00-669ca8e8bed6', '583885b4-4f8e-58d1-a6c2-e8a482b4314f', '2026-06-03', 'student', 'S2-G6A-001', 'Grade 6', 'PRESENT', '67cd9de0-efa6-5b7f-86cb-9d3b35fbad3d', '2026-06-03 09:00:00') ON CONFLICT (id) DO NOTHING;
INSERT INTO attendance_records (id, school_id, date, type, person_id, grade, status, marked_by, created_at) VALUES ('25507f82-648d-586f-9322-eae8612b13b6', '583885b4-4f8e-58d1-a6c2-e8a482b4314f', '2026-06-02', 'student', 'S2-G6A-001', 'Grade 6', 'PRESENT', '67cd9de0-efa6-5b7f-86cb-9d3b35fbad3d', '2026-06-02 09:00:00') ON CONFLICT (id) DO NOTHING;
INSERT INTO attendance_records (id, school_id, date, type, person_id, grade, status, marked_by, created_at) VALUES ('c976bde0-652e-5dea-a7cc-543fbf92f6ab', '583885b4-4f8e-58d1-a6c2-e8a482b4314f', '2026-06-01', 'student', 'S2-G6A-001', 'Grade 6', 'PRESENT', '67cd9de0-efa6-5b7f-86cb-9d3b35fbad3d', '2026-06-01 09:00:00') ON CONFLICT (id) DO NOTHING;
INSERT INTO attendance_records (id, school_id, date, type, person_id, grade, status, marked_by, created_at) VALUES ('08a663f0-d465-59f6-bfe8-094412eaa663', '583885b4-4f8e-58d1-a6c2-e8a482b4314f', '2026-05-30', 'student', 'S2-G6A-001', 'Grade 6', 'PRESENT', '67cd9de0-efa6-5b7f-86cb-9d3b35fbad3d', '2026-05-30 09:00:00') ON CONFLICT (id) DO NOTHING;
INSERT INTO attendance_records (id, school_id, date, type, person_id, grade, status, marked_by, created_at) VALUES ('159aa316-e9e9-5557-be40-6a483f0441ce', '583885b4-4f8e-58d1-a6c2-e8a482b4314f', '2026-05-29', 'student', 'S2-G6A-001', 'Grade 6', 'PRESENT', '67cd9de0-efa6-5b7f-86cb-9d3b35fbad3d', '2026-05-29 09:00:00') ON CONFLICT (id) DO NOTHING;
INSERT INTO attendance_records (id, school_id, date, type, person_id, grade, status, marked_by, created_at) VALUES ('dcd7de1b-afea-5b0d-b8cd-9aa5b8e1bac1', '583885b4-4f8e-58d1-a6c2-e8a482b4314f', '2026-05-28', 'student', 'S2-G6A-001', 'Grade 6', 'PRESENT', '67cd9de0-efa6-5b7f-86cb-9d3b35fbad3d', '2026-05-28 09:00:00') ON CONFLICT (id) DO NOTHING;
INSERT INTO attendance_records (id, school_id, date, type, person_id, grade, status, marked_by, created_at) VALUES ('2869e9da-17bd-5fcb-9799-9316a06f8e12', '583885b4-4f8e-58d1-a6c2-e8a482b4314f', '2026-05-27', 'student', 'S2-G6A-001', 'Grade 6', 'PRESENT', '67cd9de0-efa6-5b7f-86cb-9d3b35fbad3d', '2026-05-27 09:00:00') ON CONFLICT (id) DO NOTHING;
INSERT INTO attendance_records (id, school_id, date, type, person_id, grade, status, marked_by, created_at) VALUES ('a618c1df-e35f-554a-8c28-62b1e71450ab', '583885b4-4f8e-58d1-a6c2-e8a482b4314f', '2026-05-26', 'student', 'S2-G6A-001', 'Grade 6', 'PRESENT', '67cd9de0-efa6-5b7f-86cb-9d3b35fbad3d', '2026-05-26 09:00:00') ON CONFLICT (id) DO NOTHING;
INSERT INTO attendance_records (id, school_id, date, type, person_id, grade, status, marked_by, created_at) VALUES ('4dbf3ae2-00ba-5b2d-ad17-75a4913008ae', '583885b4-4f8e-58d1-a6c2-e8a482b4314f', '2026-05-25', 'student', 'S2-G6A-001', 'Grade 6', 'PRESENT', '67cd9de0-efa6-5b7f-86cb-9d3b35fbad3d', '2026-05-25 09:00:00') ON CONFLICT (id) DO NOTHING;
INSERT INTO attendance_records (id, school_id, date, type, person_id, grade, status, marked_by, created_at) VALUES ('5fe4f4d6-6e3c-5418-a57e-ae900a9994b9', '583885b4-4f8e-58d1-a6c2-e8a482b4314f', '2026-05-23', 'student', 'S2-G6A-001', 'Grade 6', 'PRESENT', '67cd9de0-efa6-5b7f-86cb-9d3b35fbad3d', '2026-05-23 09:00:00') ON CONFLICT (id) DO NOTHING;
INSERT INTO attendance_records (id, school_id, date, type, person_id, grade, status, marked_by, created_at) VALUES ('0cdb5938-e0bb-5791-a400-5ad6d49ce17d', '583885b4-4f8e-58d1-a6c2-e8a482b4314f', '2026-05-22', 'student', 'S2-G6A-001', 'Grade 6', 'PRESENT', '67cd9de0-efa6-5b7f-86cb-9d3b35fbad3d', '2026-05-22 09:00:00') ON CONFLICT (id) DO NOTHING;
INSERT INTO attendance_records (id, school_id, date, type, person_id, grade, status, marked_by, created_at) VALUES ('df23c441-ebef-57c7-8698-167b83a230dc', '583885b4-4f8e-58d1-a6c2-e8a482b4314f', '2026-05-21', 'student', 'S2-G6A-001', 'Grade 6', 'PRESENT', '67cd9de0-efa6-5b7f-86cb-9d3b35fbad3d', '2026-05-21 09:00:00') ON CONFLICT (id) DO NOTHING;
INSERT INTO attendance_records (id, school_id, date, type, person_id, grade, status, marked_by, created_at) VALUES ('a30a094d-d343-520e-91e5-8102b33a879c', '583885b4-4f8e-58d1-a6c2-e8a482b4314f', '2026-05-20', 'student', 'S2-G6A-001', 'Grade 6', 'PRESENT', '67cd9de0-efa6-5b7f-86cb-9d3b35fbad3d', '2026-05-20 09:00:00') ON CONFLICT (id) DO NOTHING;
INSERT INTO attendance_records (id, school_id, date, type, person_id, grade, status, marked_by, created_at) VALUES ('19ebdb4d-0dd5-5fbf-9a26-3bde9e13c49c', '583885b4-4f8e-58d1-a6c2-e8a482b4314f', '2026-05-19', 'student', 'S2-G6A-001', 'Grade 6', 'PRESENT', '67cd9de0-efa6-5b7f-86cb-9d3b35fbad3d', '2026-05-19 09:00:00') ON CONFLICT (id) DO NOTHING;
INSERT INTO attendance_records (id, school_id, date, type, person_id, grade, status, marked_by, created_at) VALUES ('36364b46-705c-5f6c-b539-3731a14bb364', '583885b4-4f8e-58d1-a6c2-e8a482b4314f', '2026-05-18', 'student', 'S2-G6A-001', 'Grade 6', 'PRESENT', '67cd9de0-efa6-5b7f-86cb-9d3b35fbad3d', '2026-05-18 09:00:00') ON CONFLICT (id) DO NOTHING;
INSERT INTO attendance_records (id, school_id, date, type, person_id, grade, status, marked_by, created_at) VALUES ('7437f8ff-fb18-51c1-8fa3-a7344c55b10b', '583885b4-4f8e-58d1-a6c2-e8a482b4314f', '2026-05-16', 'student', 'S2-G6A-001', 'Grade 6', 'PRESENT', '67cd9de0-efa6-5b7f-86cb-9d3b35fbad3d', '2026-05-16 09:00:00') ON CONFLICT (id) DO NOTHING;
INSERT INTO attendance_records (id, school_id, date, type, person_id, grade, status, marked_by, created_at) VALUES ('ad26bd14-a023-5f58-922d-010d2e36ac26', '583885b4-4f8e-58d1-a6c2-e8a482b4314f', '2026-05-15', 'student', 'S2-G6A-001', 'Grade 6', 'PRESENT', '67cd9de0-efa6-5b7f-86cb-9d3b35fbad3d', '2026-05-15 09:00:00') ON CONFLICT (id) DO NOTHING;
INSERT INTO attendance_records (id, school_id, date, type, person_id, grade, status, marked_by, created_at) VALUES ('a5c26930-07de-5773-9ad6-e1bc505dfb88', '583885b4-4f8e-58d1-a6c2-e8a482b4314f', '2026-05-14', 'student', 'S2-G6A-001', 'Grade 6', 'PRESENT', '67cd9de0-efa6-5b7f-86cb-9d3b35fbad3d', '2026-05-14 09:00:00') ON CONFLICT (id) DO NOTHING;
INSERT INTO attendance_records (id, school_id, date, type, person_id, grade, status, marked_by, created_at) VALUES ('45ae95aa-1b25-52d0-8ee2-8e552a40e344', '583885b4-4f8e-58d1-a6c2-e8a482b4314f', '2026-05-13', 'student', 'S2-G6A-001', 'Grade 6', 'PRESENT', '67cd9de0-efa6-5b7f-86cb-9d3b35fbad3d', '2026-05-13 09:00:00') ON CONFLICT (id) DO NOTHING;
INSERT INTO attendance_records (id, school_id, date, type, person_id, grade, status, marked_by, created_at) VALUES ('65a705e3-e817-5111-b674-f39eb65df5fe', '583885b4-4f8e-58d1-a6c2-e8a482b4314f', '2026-05-12', 'student', 'S2-G6A-001', 'Grade 6', 'PRESENT', '67cd9de0-efa6-5b7f-86cb-9d3b35fbad3d', '2026-05-12 09:00:00') ON CONFLICT (id) DO NOTHING;
INSERT INTO attendance_records (id, school_id, date, type, person_id, grade, status, marked_by, created_at) VALUES ('3c2a57e3-ade0-5658-9c2e-43b37e124633', '583885b4-4f8e-58d1-a6c2-e8a482b4314f', '2026-05-11', 'student', 'S2-G6A-001', 'Grade 6', 'PRESENT', '67cd9de0-efa6-5b7f-86cb-9d3b35fbad3d', '2026-05-11 09:00:00') ON CONFLICT (id) DO NOTHING;
INSERT INTO attendance_records (id, school_id, date, type, person_id, grade, status, marked_by, created_at) VALUES ('fde9d936-3f65-5fe6-8f20-ebb2b167d4e3', '583885b4-4f8e-58d1-a6c2-e8a482b4314f', '2026-05-09', 'student', 'S2-G6A-001', 'Grade 6', 'PRESENT', '67cd9de0-efa6-5b7f-86cb-9d3b35fbad3d', '2026-05-09 09:00:00') ON CONFLICT (id) DO NOTHING;
INSERT INTO attendance_records (id, school_id, date, type, person_id, grade, status, marked_by, created_at) VALUES ('b0135f7f-1f1c-594b-85a2-8bfaf763610e', '583885b4-4f8e-58d1-a6c2-e8a482b4314f', '2026-06-06', 'student', 'S2-G6A-002', 'Grade 6', 'PRESENT', '67cd9de0-efa6-5b7f-86cb-9d3b35fbad3d', '2026-06-06 09:00:00') ON CONFLICT (id) DO NOTHING;
INSERT INTO attendance_records (id, school_id, date, type, person_id, grade, status, marked_by, created_at) VALUES ('a7cc7c0d-6a1f-5e1c-b4bb-6ff55e0ad8bf', '583885b4-4f8e-58d1-a6c2-e8a482b4314f', '2026-06-05', 'student', 'S2-G6A-002', 'Grade 6', 'PRESENT', '67cd9de0-efa6-5b7f-86cb-9d3b35fbad3d', '2026-06-05 09:00:00') ON CONFLICT (id) DO NOTHING;
INSERT INTO attendance_records (id, school_id, date, type, person_id, grade, status, marked_by, created_at) VALUES ('20845182-119f-5e9e-8787-170e71295efb', '583885b4-4f8e-58d1-a6c2-e8a482b4314f', '2026-06-04', 'student', 'S2-G6A-002', 'Grade 6', 'PRESENT', '67cd9de0-efa6-5b7f-86cb-9d3b35fbad3d', '2026-06-04 09:00:00') ON CONFLICT (id) DO NOTHING;
INSERT INTO attendance_records (id, school_id, date, type, person_id, grade, status, marked_by, created_at) VALUES ('9047e499-72f4-5e2c-a213-b1d7bb9d349d', '583885b4-4f8e-58d1-a6c2-e8a482b4314f', '2026-06-03', 'student', 'S2-G6A-002', 'Grade 6', 'LATE', '67cd9de0-efa6-5b7f-86cb-9d3b35fbad3d', '2026-06-03 09:00:00') ON CONFLICT (id) DO NOTHING;
INSERT INTO attendance_records (id, school_id, date, type, person_id, grade, status, marked_by, created_at) VALUES ('4de53e15-a43c-57d0-9dcb-6c5ee95395c7', '583885b4-4f8e-58d1-a6c2-e8a482b4314f', '2026-06-02', 'student', 'S2-G6A-002', 'Grade 6', 'PRESENT', '67cd9de0-efa6-5b7f-86cb-9d3b35fbad3d', '2026-06-02 09:00:00') ON CONFLICT (id) DO NOTHING;
INSERT INTO attendance_records (id, school_id, date, type, person_id, grade, status, marked_by, created_at) VALUES ('080219a1-2d47-5b9a-9a9c-687929f5d65f', '583885b4-4f8e-58d1-a6c2-e8a482b4314f', '2026-06-01', 'student', 'S2-G6A-002', 'Grade 6', 'PRESENT', '67cd9de0-efa6-5b7f-86cb-9d3b35fbad3d', '2026-06-01 09:00:00') ON CONFLICT (id) DO NOTHING;
INSERT INTO attendance_records (id, school_id, date, type, person_id, grade, status, marked_by, created_at) VALUES ('bc725b42-1141-5250-ab67-e55766117a50', '583885b4-4f8e-58d1-a6c2-e8a482b4314f', '2026-05-30', 'student', 'S2-G6A-002', 'Grade 6', 'PRESENT', '67cd9de0-efa6-5b7f-86cb-9d3b35fbad3d', '2026-05-30 09:00:00') ON CONFLICT (id) DO NOTHING;
INSERT INTO attendance_records (id, school_id, date, type, person_id, grade, status, marked_by, created_at) VALUES ('9794b3ca-3313-5006-896f-22879085c7ba', '583885b4-4f8e-58d1-a6c2-e8a482b4314f', '2026-05-29', 'student', 'S2-G6A-002', 'Grade 6', 'PRESENT', '67cd9de0-efa6-5b7f-86cb-9d3b35fbad3d', '2026-05-29 09:00:00') ON CONFLICT (id) DO NOTHING;
INSERT INTO attendance_records (id, school_id, date, type, person_id, grade, status, marked_by, created_at) VALUES ('dfe17e20-212b-528a-b970-76e4de46d53e', '583885b4-4f8e-58d1-a6c2-e8a482b4314f', '2026-05-28', 'student', 'S2-G6A-002', 'Grade 6', 'PRESENT', '67cd9de0-efa6-5b7f-86cb-9d3b35fbad3d', '2026-05-28 09:00:00') ON CONFLICT (id) DO NOTHING;
INSERT INTO attendance_records (id, school_id, date, type, person_id, grade, status, marked_by, created_at) VALUES ('7e8f4f4a-28a9-5303-af31-77456e0356a1', '583885b4-4f8e-58d1-a6c2-e8a482b4314f', '2026-05-27', 'student', 'S2-G6A-002', 'Grade 6', 'PRESENT', '67cd9de0-efa6-5b7f-86cb-9d3b35fbad3d', '2026-05-27 09:00:00') ON CONFLICT (id) DO NOTHING;
INSERT INTO attendance_records (id, school_id, date, type, person_id, grade, status, marked_by, created_at) VALUES ('4232b5c1-6cce-5f5d-a83e-5ffd30bcf014', '583885b4-4f8e-58d1-a6c2-e8a482b4314f', '2026-05-26', 'student', 'S2-G6A-002', 'Grade 6', 'PRESENT', '67cd9de0-efa6-5b7f-86cb-9d3b35fbad3d', '2026-05-26 09:00:00') ON CONFLICT (id) DO NOTHING;
INSERT INTO attendance_records (id, school_id, date, type, person_id, grade, status, marked_by, created_at) VALUES ('1aebfdbd-cade-53a6-b7a8-8067133b0960', '583885b4-4f8e-58d1-a6c2-e8a482b4314f', '2026-05-25', 'student', 'S2-G6A-002', 'Grade 6', 'ABSENT', '67cd9de0-efa6-5b7f-86cb-9d3b35fbad3d', '2026-05-25 09:00:00') ON CONFLICT (id) DO NOTHING;
INSERT INTO attendance_records (id, school_id, date, type, person_id, grade, status, marked_by, created_at) VALUES ('4767618e-dcbe-5df4-a7d1-9d357652fdac', '583885b4-4f8e-58d1-a6c2-e8a482b4314f', '2026-05-23', 'student', 'S2-G6A-002', 'Grade 6', 'PRESENT', '67cd9de0-efa6-5b7f-86cb-9d3b35fbad3d', '2026-05-23 09:00:00') ON CONFLICT (id) DO NOTHING;
INSERT INTO attendance_records (id, school_id, date, type, person_id, grade, status, marked_by, created_at) VALUES ('8eaa4b32-68c5-5e05-9f74-c5dc8e151977', '583885b4-4f8e-58d1-a6c2-e8a482b4314f', '2026-05-22', 'student', 'S2-G6A-002', 'Grade 6', 'PRESENT', '67cd9de0-efa6-5b7f-86cb-9d3b35fbad3d', '2026-05-22 09:00:00') ON CONFLICT (id) DO NOTHING;
INSERT INTO attendance_records (id, school_id, date, type, person_id, grade, status, marked_by, created_at) VALUES ('bbe35549-39b0-5601-afb4-6ae4b70903ba', '583885b4-4f8e-58d1-a6c2-e8a482b4314f', '2026-05-21', 'student', 'S2-G6A-002', 'Grade 6', 'PRESENT', '67cd9de0-efa6-5b7f-86cb-9d3b35fbad3d', '2026-05-21 09:00:00') ON CONFLICT (id) DO NOTHING;
INSERT INTO attendance_records (id, school_id, date, type, person_id, grade, status, marked_by, created_at) VALUES ('752eada3-0846-50ff-8ffc-01f8a0ec2d6f', '583885b4-4f8e-58d1-a6c2-e8a482b4314f', '2026-05-20', 'student', 'S2-G6A-002', 'Grade 6', 'PRESENT', '67cd9de0-efa6-5b7f-86cb-9d3b35fbad3d', '2026-05-20 09:00:00') ON CONFLICT (id) DO NOTHING;
INSERT INTO attendance_records (id, school_id, date, type, person_id, grade, status, marked_by, created_at) VALUES ('e15383ef-86a8-5211-9943-7b97abce971a', '583885b4-4f8e-58d1-a6c2-e8a482b4314f', '2026-05-19', 'student', 'S2-G6A-002', 'Grade 6', 'PRESENT', '67cd9de0-efa6-5b7f-86cb-9d3b35fbad3d', '2026-05-19 09:00:00') ON CONFLICT (id) DO NOTHING;
INSERT INTO attendance_records (id, school_id, date, type, person_id, grade, status, marked_by, created_at) VALUES ('9973210d-4bdf-5d0e-a1c0-9f4ba487d401', '583885b4-4f8e-58d1-a6c2-e8a482b4314f', '2026-05-18', 'student', 'S2-G6A-002', 'Grade 6', 'PRESENT', '67cd9de0-efa6-5b7f-86cb-9d3b35fbad3d', '2026-05-18 09:00:00') ON CONFLICT (id) DO NOTHING;
INSERT INTO attendance_records (id, school_id, date, type, person_id, grade, status, marked_by, created_at) VALUES ('151dba64-6469-5d42-b3f6-fdcef0b02442', '583885b4-4f8e-58d1-a6c2-e8a482b4314f', '2026-05-16', 'student', 'S2-G6A-002', 'Grade 6', 'PRESENT', '67cd9de0-efa6-5b7f-86cb-9d3b35fbad3d', '2026-05-16 09:00:00') ON CONFLICT (id) DO NOTHING;
INSERT INTO attendance_records (id, school_id, date, type, person_id, grade, status, marked_by, created_at) VALUES ('4c65af0a-17a1-5533-8b13-d1d2d90aa164', '583885b4-4f8e-58d1-a6c2-e8a482b4314f', '2026-05-15', 'student', 'S2-G6A-002', 'Grade 6', 'PRESENT', '67cd9de0-efa6-5b7f-86cb-9d3b35fbad3d', '2026-05-15 09:00:00') ON CONFLICT (id) DO NOTHING;
INSERT INTO attendance_records (id, school_id, date, type, person_id, grade, status, marked_by, created_at) VALUES ('d62c2777-241b-5e0d-98f1-817fcff1f7f7', '583885b4-4f8e-58d1-a6c2-e8a482b4314f', '2026-05-14', 'student', 'S2-G6A-002', 'Grade 6', 'PRESENT', '67cd9de0-efa6-5b7f-86cb-9d3b35fbad3d', '2026-05-14 09:00:00') ON CONFLICT (id) DO NOTHING;
INSERT INTO attendance_records (id, school_id, date, type, person_id, grade, status, marked_by, created_at) VALUES ('739569b2-7668-5bfb-9234-15c331bf874c', '583885b4-4f8e-58d1-a6c2-e8a482b4314f', '2026-05-13', 'student', 'S2-G6A-002', 'Grade 6', 'PRESENT', '67cd9de0-efa6-5b7f-86cb-9d3b35fbad3d', '2026-05-13 09:00:00') ON CONFLICT (id) DO NOTHING;
INSERT INTO attendance_records (id, school_id, date, type, person_id, grade, status, marked_by, created_at) VALUES ('86405bc2-4f37-5561-a28f-febb04fe32fe', '583885b4-4f8e-58d1-a6c2-e8a482b4314f', '2026-05-12', 'student', 'S2-G6A-002', 'Grade 6', 'PRESENT', '67cd9de0-efa6-5b7f-86cb-9d3b35fbad3d', '2026-05-12 09:00:00') ON CONFLICT (id) DO NOTHING;
INSERT INTO attendance_records (id, school_id, date, type, person_id, grade, status, marked_by, created_at) VALUES ('9dce917f-769e-5d91-8d26-0aaae3f59f26', '583885b4-4f8e-58d1-a6c2-e8a482b4314f', '2026-05-11', 'student', 'S2-G6A-002', 'Grade 6', 'PRESENT', '67cd9de0-efa6-5b7f-86cb-9d3b35fbad3d', '2026-05-11 09:00:00') ON CONFLICT (id) DO NOTHING;
INSERT INTO attendance_records (id, school_id, date, type, person_id, grade, status, marked_by, created_at) VALUES ('a0b6d7c5-ffc4-53e1-8628-e1dcb0d55de3', '583885b4-4f8e-58d1-a6c2-e8a482b4314f', '2026-05-09', 'student', 'S2-G6A-002', 'Grade 6', 'PRESENT', '67cd9de0-efa6-5b7f-86cb-9d3b35fbad3d', '2026-05-09 09:00:00') ON CONFLICT (id) DO NOTHING;
INSERT INTO attendance_records (id, school_id, date, type, person_id, grade, status, marked_by, created_at) VALUES ('c57e5a6a-6f88-59cd-9f50-42b87c02998a', '583885b4-4f8e-58d1-a6c2-e8a482b4314f', '2026-06-06', 'student', 'S2-G6A-003', 'Grade 6', 'PRESENT', '67cd9de0-efa6-5b7f-86cb-9d3b35fbad3d', '2026-06-06 09:00:00') ON CONFLICT (id) DO NOTHING;
INSERT INTO attendance_records (id, school_id, date, type, person_id, grade, status, marked_by, created_at) VALUES ('7ba1b048-3caa-5020-8219-ac8aa0d4da7e', '583885b4-4f8e-58d1-a6c2-e8a482b4314f', '2026-06-05', 'student', 'S2-G6A-003', 'Grade 6', 'PRESENT', '67cd9de0-efa6-5b7f-86cb-9d3b35fbad3d', '2026-06-05 09:00:00') ON CONFLICT (id) DO NOTHING;
INSERT INTO attendance_records (id, school_id, date, type, person_id, grade, status, marked_by, created_at) VALUES ('2c80d3aa-6403-59a2-81e2-1eb1974f7ae1', '583885b4-4f8e-58d1-a6c2-e8a482b4314f', '2026-06-04', 'student', 'S2-G6A-003', 'Grade 6', 'PRESENT', '67cd9de0-efa6-5b7f-86cb-9d3b35fbad3d', '2026-06-04 09:00:00') ON CONFLICT (id) DO NOTHING;
INSERT INTO attendance_records (id, school_id, date, type, person_id, grade, status, marked_by, created_at) VALUES ('8fabd684-c4ad-54b6-af19-566d138352fd', '583885b4-4f8e-58d1-a6c2-e8a482b4314f', '2026-06-03', 'student', 'S2-G6A-003', 'Grade 6', 'PRESENT', '67cd9de0-efa6-5b7f-86cb-9d3b35fbad3d', '2026-06-03 09:00:00') ON CONFLICT (id) DO NOTHING;
INSERT INTO attendance_records (id, school_id, date, type, person_id, grade, status, marked_by, created_at) VALUES ('5d6293a6-6d79-521f-bcf2-ffc7c01eee23', '583885b4-4f8e-58d1-a6c2-e8a482b4314f', '2026-06-02', 'student', 'S2-G6A-003', 'Grade 6', 'PRESENT', '67cd9de0-efa6-5b7f-86cb-9d3b35fbad3d', '2026-06-02 09:00:00') ON CONFLICT (id) DO NOTHING;
INSERT INTO attendance_records (id, school_id, date, type, person_id, grade, status, marked_by, created_at) VALUES ('829414e1-f24b-5fc3-93cd-dbcbaeb3eb4d', '583885b4-4f8e-58d1-a6c2-e8a482b4314f', '2026-06-01', 'student', 'S2-G6A-003', 'Grade 6', 'PRESENT', '67cd9de0-efa6-5b7f-86cb-9d3b35fbad3d', '2026-06-01 09:00:00') ON CONFLICT (id) DO NOTHING;
INSERT INTO attendance_records (id, school_id, date, type, person_id, grade, status, marked_by, created_at) VALUES ('333cca1b-d5e0-5242-8e3c-e6845b5a74f6', '583885b4-4f8e-58d1-a6c2-e8a482b4314f', '2026-05-30', 'student', 'S2-G6A-003', 'Grade 6', 'PRESENT', '67cd9de0-efa6-5b7f-86cb-9d3b35fbad3d', '2026-05-30 09:00:00') ON CONFLICT (id) DO NOTHING;
INSERT INTO attendance_records (id, school_id, date, type, person_id, grade, status, marked_by, created_at) VALUES ('2a283b88-6283-5e24-9e4a-b420823f35df', '583885b4-4f8e-58d1-a6c2-e8a482b4314f', '2026-05-29', 'student', 'S2-G6A-003', 'Grade 6', 'PRESENT', '67cd9de0-efa6-5b7f-86cb-9d3b35fbad3d', '2026-05-29 09:00:00') ON CONFLICT (id) DO NOTHING;
INSERT INTO attendance_records (id, school_id, date, type, person_id, grade, status, marked_by, created_at) VALUES ('f737d294-cf40-573a-99ee-e1ac9516e332', '583885b4-4f8e-58d1-a6c2-e8a482b4314f', '2026-05-28', 'student', 'S2-G6A-003', 'Grade 6', 'PRESENT', '67cd9de0-efa6-5b7f-86cb-9d3b35fbad3d', '2026-05-28 09:00:00') ON CONFLICT (id) DO NOTHING;
INSERT INTO attendance_records (id, school_id, date, type, person_id, grade, status, marked_by, created_at) VALUES ('8e253c6c-85a6-5633-b933-f78f96f8ee46', '583885b4-4f8e-58d1-a6c2-e8a482b4314f', '2026-05-27', 'student', 'S2-G6A-003', 'Grade 6', 'PRESENT', '67cd9de0-efa6-5b7f-86cb-9d3b35fbad3d', '2026-05-27 09:00:00') ON CONFLICT (id) DO NOTHING;
INSERT INTO attendance_records (id, school_id, date, type, person_id, grade, status, marked_by, created_at) VALUES ('6c90e0a7-8f3b-5f23-8d51-2c191901b2dc', '583885b4-4f8e-58d1-a6c2-e8a482b4314f', '2026-05-26', 'student', 'S2-G6A-003', 'Grade 6', 'LATE', '67cd9de0-efa6-5b7f-86cb-9d3b35fbad3d', '2026-05-26 09:00:00') ON CONFLICT (id) DO NOTHING;
INSERT INTO attendance_records (id, school_id, date, type, person_id, grade, status, marked_by, created_at) VALUES ('db220ad3-e12c-5e08-8d80-621973e7de5c', '583885b4-4f8e-58d1-a6c2-e8a482b4314f', '2026-05-25', 'student', 'S2-G6A-003', 'Grade 6', 'PRESENT', '67cd9de0-efa6-5b7f-86cb-9d3b35fbad3d', '2026-05-25 09:00:00') ON CONFLICT (id) DO NOTHING;
INSERT INTO attendance_records (id, school_id, date, type, person_id, grade, status, marked_by, created_at) VALUES ('e9756ff6-9569-5d1e-abdb-f946767f69c0', '583885b4-4f8e-58d1-a6c2-e8a482b4314f', '2026-05-23', 'student', 'S2-G6A-003', 'Grade 6', 'PRESENT', '67cd9de0-efa6-5b7f-86cb-9d3b35fbad3d', '2026-05-23 09:00:00') ON CONFLICT (id) DO NOTHING;
INSERT INTO attendance_records (id, school_id, date, type, person_id, grade, status, marked_by, created_at) VALUES ('c2d3b9ad-4c34-5b60-bb31-7cc7285cdb73', '583885b4-4f8e-58d1-a6c2-e8a482b4314f', '2026-05-22', 'student', 'S2-G6A-003', 'Grade 6', 'PRESENT', '67cd9de0-efa6-5b7f-86cb-9d3b35fbad3d', '2026-05-22 09:00:00') ON CONFLICT (id) DO NOTHING;
INSERT INTO attendance_records (id, school_id, date, type, person_id, grade, status, marked_by, created_at) VALUES ('71db5c9e-f370-55ae-9290-c0a82c0d1b9c', '583885b4-4f8e-58d1-a6c2-e8a482b4314f', '2026-05-21', 'student', 'S2-G6A-003', 'Grade 6', 'PRESENT', '67cd9de0-efa6-5b7f-86cb-9d3b35fbad3d', '2026-05-21 09:00:00') ON CONFLICT (id) DO NOTHING;
INSERT INTO attendance_records (id, school_id, date, type, person_id, grade, status, marked_by, created_at) VALUES ('e3a9365a-7c3d-594d-a809-1eefeadeab5c', '583885b4-4f8e-58d1-a6c2-e8a482b4314f', '2026-05-20', 'student', 'S2-G6A-003', 'Grade 6', 'PRESENT', '67cd9de0-efa6-5b7f-86cb-9d3b35fbad3d', '2026-05-20 09:00:00') ON CONFLICT (id) DO NOTHING;
INSERT INTO attendance_records (id, school_id, date, type, person_id, grade, status, marked_by, created_at) VALUES ('ba880117-d80d-598a-98e4-6f3a4f5de3b4', '583885b4-4f8e-58d1-a6c2-e8a482b4314f', '2026-05-19', 'student', 'S2-G6A-003', 'Grade 6', 'PRESENT', '67cd9de0-efa6-5b7f-86cb-9d3b35fbad3d', '2026-05-19 09:00:00') ON CONFLICT (id) DO NOTHING;
INSERT INTO attendance_records (id, school_id, date, type, person_id, grade, status, marked_by, created_at) VALUES ('3fccda1f-4ecc-5334-8302-53dbbe52430c', '583885b4-4f8e-58d1-a6c2-e8a482b4314f', '2026-05-18', 'student', 'S2-G6A-003', 'Grade 6', 'PRESENT', '67cd9de0-efa6-5b7f-86cb-9d3b35fbad3d', '2026-05-18 09:00:00') ON CONFLICT (id) DO NOTHING;
INSERT INTO attendance_records (id, school_id, date, type, person_id, grade, status, marked_by, created_at) VALUES ('abe392fd-3987-5db2-a058-4c9dcff216d1', '583885b4-4f8e-58d1-a6c2-e8a482b4314f', '2026-05-16', 'student', 'S2-G6A-003', 'Grade 6', 'PRESENT', '67cd9de0-efa6-5b7f-86cb-9d3b35fbad3d', '2026-05-16 09:00:00') ON CONFLICT (id) DO NOTHING;
INSERT INTO attendance_records (id, school_id, date, type, person_id, grade, status, marked_by, created_at) VALUES ('8cd15c66-d49c-5367-b017-71f6a2b34a25', '583885b4-4f8e-58d1-a6c2-e8a482b4314f', '2026-05-15', 'student', 'S2-G6A-003', 'Grade 6', 'PRESENT', '67cd9de0-efa6-5b7f-86cb-9d3b35fbad3d', '2026-05-15 09:00:00') ON CONFLICT (id) DO NOTHING;
INSERT INTO attendance_records (id, school_id, date, type, person_id, grade, status, marked_by, created_at) VALUES ('15c67c6d-1253-5493-84da-ca45786f9088', '583885b4-4f8e-58d1-a6c2-e8a482b4314f', '2026-05-14', 'student', 'S2-G6A-003', 'Grade 6', 'PRESENT', '67cd9de0-efa6-5b7f-86cb-9d3b35fbad3d', '2026-05-14 09:00:00') ON CONFLICT (id) DO NOTHING;
INSERT INTO attendance_records (id, school_id, date, type, person_id, grade, status, marked_by, created_at) VALUES ('79dd7e25-0505-5926-93ca-bce6dd855904', '583885b4-4f8e-58d1-a6c2-e8a482b4314f', '2026-05-13', 'student', 'S2-G6A-003', 'Grade 6', 'PRESENT', '67cd9de0-efa6-5b7f-86cb-9d3b35fbad3d', '2026-05-13 09:00:00') ON CONFLICT (id) DO NOTHING;
INSERT INTO attendance_records (id, school_id, date, type, person_id, grade, status, marked_by, created_at) VALUES ('8c261f62-11a1-540e-b4a4-937c67477871', '583885b4-4f8e-58d1-a6c2-e8a482b4314f', '2026-05-12', 'student', 'S2-G6A-003', 'Grade 6', 'PRESENT', '67cd9de0-efa6-5b7f-86cb-9d3b35fbad3d', '2026-05-12 09:00:00') ON CONFLICT (id) DO NOTHING;
INSERT INTO attendance_records (id, school_id, date, type, person_id, grade, status, marked_by, created_at) VALUES ('60242039-c166-5912-8d0e-931765de0029', '583885b4-4f8e-58d1-a6c2-e8a482b4314f', '2026-05-11', 'student', 'S2-G6A-003', 'Grade 6', 'PRESENT', '67cd9de0-efa6-5b7f-86cb-9d3b35fbad3d', '2026-05-11 09:00:00') ON CONFLICT (id) DO NOTHING;
INSERT INTO attendance_records (id, school_id, date, type, person_id, grade, status, marked_by, created_at) VALUES ('c833e173-d4be-5018-9347-17fd71b64a6c', '583885b4-4f8e-58d1-a6c2-e8a482b4314f', '2026-05-09', 'student', 'S2-G6A-003', 'Grade 6', 'PRESENT', '67cd9de0-efa6-5b7f-86cb-9d3b35fbad3d', '2026-05-09 09:00:00') ON CONFLICT (id) DO NOTHING;
INSERT INTO attendance_records (id, school_id, date, type, person_id, grade, status, marked_by, created_at) VALUES ('cda726ee-1c51-59c9-9a8f-0a05f1e88fe0', '583885b4-4f8e-58d1-a6c2-e8a482b4314f', '2026-06-06', 'student', 'S2-G6B-001', 'Grade 6', 'PRESENT', '67cd9de0-efa6-5b7f-86cb-9d3b35fbad3d', '2026-06-06 09:00:00') ON CONFLICT (id) DO NOTHING;
INSERT INTO attendance_records (id, school_id, date, type, person_id, grade, status, marked_by, created_at) VALUES ('041b2e05-d581-527b-ae55-0c2299aa3c37', '583885b4-4f8e-58d1-a6c2-e8a482b4314f', '2026-06-05', 'student', 'S2-G6B-001', 'Grade 6', 'PRESENT', '67cd9de0-efa6-5b7f-86cb-9d3b35fbad3d', '2026-06-05 09:00:00') ON CONFLICT (id) DO NOTHING;
INSERT INTO attendance_records (id, school_id, date, type, person_id, grade, status, marked_by, created_at) VALUES ('4533ba77-b560-52b1-999d-b8d8fcaaf54d', '583885b4-4f8e-58d1-a6c2-e8a482b4314f', '2026-06-04', 'student', 'S2-G6B-001', 'Grade 6', 'PRESENT', '67cd9de0-efa6-5b7f-86cb-9d3b35fbad3d', '2026-06-04 09:00:00') ON CONFLICT (id) DO NOTHING;
INSERT INTO attendance_records (id, school_id, date, type, person_id, grade, status, marked_by, created_at) VALUES ('573d2f53-e796-5326-b0e0-7772ccea1f7a', '583885b4-4f8e-58d1-a6c2-e8a482b4314f', '2026-06-03', 'student', 'S2-G6B-001', 'Grade 6', 'PRESENT', '67cd9de0-efa6-5b7f-86cb-9d3b35fbad3d', '2026-06-03 09:00:00') ON CONFLICT (id) DO NOTHING;
INSERT INTO attendance_records (id, school_id, date, type, person_id, grade, status, marked_by, created_at) VALUES ('0171f7bd-235d-5cad-b876-5b034ecd9609', '583885b4-4f8e-58d1-a6c2-e8a482b4314f', '2026-06-02', 'student', 'S2-G6B-001', 'Grade 6', 'ABSENT', '67cd9de0-efa6-5b7f-86cb-9d3b35fbad3d', '2026-06-02 09:00:00') ON CONFLICT (id) DO NOTHING;
INSERT INTO attendance_records (id, school_id, date, type, person_id, grade, status, marked_by, created_at) VALUES ('16eb0ae5-8ed0-5cf5-ba52-0399c6579a49', '583885b4-4f8e-58d1-a6c2-e8a482b4314f', '2026-06-01', 'student', 'S2-G6B-001', 'Grade 6', 'PRESENT', '67cd9de0-efa6-5b7f-86cb-9d3b35fbad3d', '2026-06-01 09:00:00') ON CONFLICT (id) DO NOTHING;
INSERT INTO attendance_records (id, school_id, date, type, person_id, grade, status, marked_by, created_at) VALUES ('bf1b953d-222e-53a7-be15-a55b310ccc1f', '583885b4-4f8e-58d1-a6c2-e8a482b4314f', '2026-05-30', 'student', 'S2-G6B-001', 'Grade 6', 'PRESENT', '67cd9de0-efa6-5b7f-86cb-9d3b35fbad3d', '2026-05-30 09:00:00') ON CONFLICT (id) DO NOTHING;
INSERT INTO attendance_records (id, school_id, date, type, person_id, grade, status, marked_by, created_at) VALUES ('e93a70e7-0dd5-5705-a7d8-5116a69ebe72', '583885b4-4f8e-58d1-a6c2-e8a482b4314f', '2026-05-29', 'student', 'S2-G6B-001', 'Grade 6', 'PRESENT', '67cd9de0-efa6-5b7f-86cb-9d3b35fbad3d', '2026-05-29 09:00:00') ON CONFLICT (id) DO NOTHING;
INSERT INTO attendance_records (id, school_id, date, type, person_id, grade, status, marked_by, created_at) VALUES ('6c5277f2-8837-592b-80d7-4b11c32d5cba', '583885b4-4f8e-58d1-a6c2-e8a482b4314f', '2026-05-28', 'student', 'S2-G6B-001', 'Grade 6', 'PRESENT', '67cd9de0-efa6-5b7f-86cb-9d3b35fbad3d', '2026-05-28 09:00:00') ON CONFLICT (id) DO NOTHING;
INSERT INTO attendance_records (id, school_id, date, type, person_id, grade, status, marked_by, created_at) VALUES ('fdc95d2b-e02c-576d-8dab-02eba38ef05c', '583885b4-4f8e-58d1-a6c2-e8a482b4314f', '2026-05-27', 'student', 'S2-G6B-001', 'Grade 6', 'PRESENT', '67cd9de0-efa6-5b7f-86cb-9d3b35fbad3d', '2026-05-27 09:00:00') ON CONFLICT (id) DO NOTHING;
INSERT INTO attendance_records (id, school_id, date, type, person_id, grade, status, marked_by, created_at) VALUES ('2bc3639c-38f9-5e5e-bf18-63a5ac410d8c', '583885b4-4f8e-58d1-a6c2-e8a482b4314f', '2026-05-26', 'student', 'S2-G6B-001', 'Grade 6', 'PRESENT', '67cd9de0-efa6-5b7f-86cb-9d3b35fbad3d', '2026-05-26 09:00:00') ON CONFLICT (id) DO NOTHING;
INSERT INTO attendance_records (id, school_id, date, type, person_id, grade, status, marked_by, created_at) VALUES ('08b94a19-46ff-5125-86d5-ebb84c93a519', '583885b4-4f8e-58d1-a6c2-e8a482b4314f', '2026-05-25', 'student', 'S2-G6B-001', 'Grade 6', 'PRESENT', '67cd9de0-efa6-5b7f-86cb-9d3b35fbad3d', '2026-05-25 09:00:00') ON CONFLICT (id) DO NOTHING;
INSERT INTO attendance_records (id, school_id, date, type, person_id, grade, status, marked_by, created_at) VALUES ('2e992c8b-4fd8-52a9-b7d7-fabf1941c756', '583885b4-4f8e-58d1-a6c2-e8a482b4314f', '2026-05-23', 'student', 'S2-G6B-001', 'Grade 6', 'PRESENT', '67cd9de0-efa6-5b7f-86cb-9d3b35fbad3d', '2026-05-23 09:00:00') ON CONFLICT (id) DO NOTHING;
INSERT INTO attendance_records (id, school_id, date, type, person_id, grade, status, marked_by, created_at) VALUES ('8a91c955-5e9a-5554-ab3e-52ab0ae6a706', '583885b4-4f8e-58d1-a6c2-e8a482b4314f', '2026-05-22', 'student', 'S2-G6B-001', 'Grade 6', 'PRESENT', '67cd9de0-efa6-5b7f-86cb-9d3b35fbad3d', '2026-05-22 09:00:00') ON CONFLICT (id) DO NOTHING;
INSERT INTO attendance_records (id, school_id, date, type, person_id, grade, status, marked_by, created_at) VALUES ('8e12e73c-864a-56e2-a9e7-fcbb3fa115d7', '583885b4-4f8e-58d1-a6c2-e8a482b4314f', '2026-05-21', 'student', 'S2-G6B-001', 'Grade 6', 'PRESENT', '67cd9de0-efa6-5b7f-86cb-9d3b35fbad3d', '2026-05-21 09:00:00') ON CONFLICT (id) DO NOTHING;
INSERT INTO attendance_records (id, school_id, date, type, person_id, grade, status, marked_by, created_at) VALUES ('9fa43cf0-0098-5683-bfd1-a7cb65bd1134', '583885b4-4f8e-58d1-a6c2-e8a482b4314f', '2026-05-20', 'student', 'S2-G6B-001', 'Grade 6', 'PRESENT', '67cd9de0-efa6-5b7f-86cb-9d3b35fbad3d', '2026-05-20 09:00:00') ON CONFLICT (id) DO NOTHING;
INSERT INTO attendance_records (id, school_id, date, type, person_id, grade, status, marked_by, created_at) VALUES ('07aabb64-0c45-5df0-99dd-03ac099c484e', '583885b4-4f8e-58d1-a6c2-e8a482b4314f', '2026-05-19', 'student', 'S2-G6B-001', 'Grade 6', 'PRESENT', '67cd9de0-efa6-5b7f-86cb-9d3b35fbad3d', '2026-05-19 09:00:00') ON CONFLICT (id) DO NOTHING;
INSERT INTO attendance_records (id, school_id, date, type, person_id, grade, status, marked_by, created_at) VALUES ('2b51f225-d13f-542a-b079-3670243c5507', '583885b4-4f8e-58d1-a6c2-e8a482b4314f', '2026-05-18', 'student', 'S2-G6B-001', 'Grade 6', 'PRESENT', '67cd9de0-efa6-5b7f-86cb-9d3b35fbad3d', '2026-05-18 09:00:00') ON CONFLICT (id) DO NOTHING;
INSERT INTO attendance_records (id, school_id, date, type, person_id, grade, status, marked_by, created_at) VALUES ('e0180ff5-7d8f-5c2b-94e6-b675af57ff7f', '583885b4-4f8e-58d1-a6c2-e8a482b4314f', '2026-05-16', 'student', 'S2-G6B-001', 'Grade 6', 'PRESENT', '67cd9de0-efa6-5b7f-86cb-9d3b35fbad3d', '2026-05-16 09:00:00') ON CONFLICT (id) DO NOTHING;
INSERT INTO attendance_records (id, school_id, date, type, person_id, grade, status, marked_by, created_at) VALUES ('25777735-f584-5bc9-b8ab-abfbb77161ec', '583885b4-4f8e-58d1-a6c2-e8a482b4314f', '2026-05-15', 'student', 'S2-G6B-001', 'Grade 6', 'PRESENT', '67cd9de0-efa6-5b7f-86cb-9d3b35fbad3d', '2026-05-15 09:00:00') ON CONFLICT (id) DO NOTHING;
INSERT INTO attendance_records (id, school_id, date, type, person_id, grade, status, marked_by, created_at) VALUES ('c1e1da38-e75c-577d-961f-b2a623b24af2', '583885b4-4f8e-58d1-a6c2-e8a482b4314f', '2026-05-14', 'student', 'S2-G6B-001', 'Grade 6', 'PRESENT', '67cd9de0-efa6-5b7f-86cb-9d3b35fbad3d', '2026-05-14 09:00:00') ON CONFLICT (id) DO NOTHING;
INSERT INTO attendance_records (id, school_id, date, type, person_id, grade, status, marked_by, created_at) VALUES ('ca564729-f208-56f4-be9f-eee765fb1aba', '583885b4-4f8e-58d1-a6c2-e8a482b4314f', '2026-05-13', 'student', 'S2-G6B-001', 'Grade 6', 'PRESENT', '67cd9de0-efa6-5b7f-86cb-9d3b35fbad3d', '2026-05-13 09:00:00') ON CONFLICT (id) DO NOTHING;
INSERT INTO attendance_records (id, school_id, date, type, person_id, grade, status, marked_by, created_at) VALUES ('c726b4f6-59bc-5256-b7fa-a63f60e3a842', '583885b4-4f8e-58d1-a6c2-e8a482b4314f', '2026-05-12', 'student', 'S2-G6B-001', 'Grade 6', 'LATE', '67cd9de0-efa6-5b7f-86cb-9d3b35fbad3d', '2026-05-12 09:00:00') ON CONFLICT (id) DO NOTHING;
INSERT INTO attendance_records (id, school_id, date, type, person_id, grade, status, marked_by, created_at) VALUES ('dd9e6084-82f4-5ff5-8c64-495058a1ec95', '583885b4-4f8e-58d1-a6c2-e8a482b4314f', '2026-05-11', 'student', 'S2-G6B-001', 'Grade 6', 'PRESENT', '67cd9de0-efa6-5b7f-86cb-9d3b35fbad3d', '2026-05-11 09:00:00') ON CONFLICT (id) DO NOTHING;
INSERT INTO attendance_records (id, school_id, date, type, person_id, grade, status, marked_by, created_at) VALUES ('e9b1cfa8-df63-5a77-8491-5b74c7c58f29', '583885b4-4f8e-58d1-a6c2-e8a482b4314f', '2026-05-09', 'student', 'S2-G6B-001', 'Grade 6', 'PRESENT', '67cd9de0-efa6-5b7f-86cb-9d3b35fbad3d', '2026-05-09 09:00:00') ON CONFLICT (id) DO NOTHING;
INSERT INTO attendance_records (id, school_id, date, type, person_id, grade, status, marked_by, created_at) VALUES ('89fdbf2a-7f9c-5f53-a6e8-49d5f75ea3ac', '583885b4-4f8e-58d1-a6c2-e8a482b4314f', '2026-06-06', 'student', 'S2-G9A-001', 'Grade 9', 'PRESENT', 'f4fe343b-dd17-57ab-97e6-a9c58a269c84', '2026-06-06 09:00:00') ON CONFLICT (id) DO NOTHING;
INSERT INTO attendance_records (id, school_id, date, type, person_id, grade, status, marked_by, created_at) VALUES ('61f1eeb8-ad75-55cb-ba0c-5e10f454ce79', '583885b4-4f8e-58d1-a6c2-e8a482b4314f', '2026-06-05', 'student', 'S2-G9A-001', 'Grade 9', 'PRESENT', 'f4fe343b-dd17-57ab-97e6-a9c58a269c84', '2026-06-05 09:00:00') ON CONFLICT (id) DO NOTHING;
INSERT INTO attendance_records (id, school_id, date, type, person_id, grade, status, marked_by, created_at) VALUES ('291fa760-c758-580e-bf59-3045754c6921', '583885b4-4f8e-58d1-a6c2-e8a482b4314f', '2026-06-04', 'student', 'S2-G9A-001', 'Grade 9', 'PRESENT', 'f4fe343b-dd17-57ab-97e6-a9c58a269c84', '2026-06-04 09:00:00') ON CONFLICT (id) DO NOTHING;
INSERT INTO attendance_records (id, school_id, date, type, person_id, grade, status, marked_by, created_at) VALUES ('713a285f-988b-5661-94f9-c2b1dd753ce5', '583885b4-4f8e-58d1-a6c2-e8a482b4314f', '2026-06-03', 'student', 'S2-G9A-001', 'Grade 9', 'PRESENT', 'f4fe343b-dd17-57ab-97e6-a9c58a269c84', '2026-06-03 09:00:00') ON CONFLICT (id) DO NOTHING;
INSERT INTO attendance_records (id, school_id, date, type, person_id, grade, status, marked_by, created_at) VALUES ('95d26b3c-a6c7-5fc4-be3c-b4d18fd894b6', '583885b4-4f8e-58d1-a6c2-e8a482b4314f', '2026-06-02', 'student', 'S2-G9A-001', 'Grade 9', 'PRESENT', 'f4fe343b-dd17-57ab-97e6-a9c58a269c84', '2026-06-02 09:00:00') ON CONFLICT (id) DO NOTHING;
INSERT INTO attendance_records (id, school_id, date, type, person_id, grade, status, marked_by, created_at) VALUES ('a8d7ba3c-0911-5d07-b2ba-27c016c184ac', '583885b4-4f8e-58d1-a6c2-e8a482b4314f', '2026-06-01', 'student', 'S2-G9A-001', 'Grade 9', 'PRESENT', 'f4fe343b-dd17-57ab-97e6-a9c58a269c84', '2026-06-01 09:00:00') ON CONFLICT (id) DO NOTHING;
INSERT INTO attendance_records (id, school_id, date, type, person_id, grade, status, marked_by, created_at) VALUES ('ff634d30-b0f1-5c8a-ba5f-c4dbfbb8ede5', '583885b4-4f8e-58d1-a6c2-e8a482b4314f', '2026-05-30', 'student', 'S2-G9A-001', 'Grade 9', 'PRESENT', 'f4fe343b-dd17-57ab-97e6-a9c58a269c84', '2026-05-30 09:00:00') ON CONFLICT (id) DO NOTHING;
INSERT INTO attendance_records (id, school_id, date, type, person_id, grade, status, marked_by, created_at) VALUES ('c994e87c-c0aa-57b3-947d-a6ee83908a21', '583885b4-4f8e-58d1-a6c2-e8a482b4314f', '2026-05-29', 'student', 'S2-G9A-001', 'Grade 9', 'PRESENT', 'f4fe343b-dd17-57ab-97e6-a9c58a269c84', '2026-05-29 09:00:00') ON CONFLICT (id) DO NOTHING;
INSERT INTO attendance_records (id, school_id, date, type, person_id, grade, status, marked_by, created_at) VALUES ('cbae3405-ebed-5f02-b5de-db150e6dead1', '583885b4-4f8e-58d1-a6c2-e8a482b4314f', '2026-05-28', 'student', 'S2-G9A-001', 'Grade 9', 'PRESENT', 'f4fe343b-dd17-57ab-97e6-a9c58a269c84', '2026-05-28 09:00:00') ON CONFLICT (id) DO NOTHING;
INSERT INTO attendance_records (id, school_id, date, type, person_id, grade, status, marked_by, created_at) VALUES ('9e74166c-7b4c-5cfe-a864-0145085a3d26', '583885b4-4f8e-58d1-a6c2-e8a482b4314f', '2026-05-27', 'student', 'S2-G9A-001', 'Grade 9', 'PRESENT', 'f4fe343b-dd17-57ab-97e6-a9c58a269c84', '2026-05-27 09:00:00') ON CONFLICT (id) DO NOTHING;
INSERT INTO attendance_records (id, school_id, date, type, person_id, grade, status, marked_by, created_at) VALUES ('f9074da2-ed22-5ff0-8dec-d16dac69182e', '583885b4-4f8e-58d1-a6c2-e8a482b4314f', '2026-05-26', 'student', 'S2-G9A-001', 'Grade 9', 'PRESENT', 'f4fe343b-dd17-57ab-97e6-a9c58a269c84', '2026-05-26 09:00:00') ON CONFLICT (id) DO NOTHING;
INSERT INTO attendance_records (id, school_id, date, type, person_id, grade, status, marked_by, created_at) VALUES ('0e688ce7-93a0-5855-b172-62b7174591dc', '583885b4-4f8e-58d1-a6c2-e8a482b4314f', '2026-05-25', 'student', 'S2-G9A-001', 'Grade 9', 'PRESENT', 'f4fe343b-dd17-57ab-97e6-a9c58a269c84', '2026-05-25 09:00:00') ON CONFLICT (id) DO NOTHING;
INSERT INTO attendance_records (id, school_id, date, type, person_id, grade, status, marked_by, created_at) VALUES ('b5e3e7fc-e06c-5f9a-9081-562e8d3c29fb', '583885b4-4f8e-58d1-a6c2-e8a482b4314f', '2026-05-23', 'student', 'S2-G9A-001', 'Grade 9', 'PRESENT', 'f4fe343b-dd17-57ab-97e6-a9c58a269c84', '2026-05-23 09:00:00') ON CONFLICT (id) DO NOTHING;
INSERT INTO attendance_records (id, school_id, date, type, person_id, grade, status, marked_by, created_at) VALUES ('0f7821f8-233f-5ccc-b420-c4ce2e7f6db7', '583885b4-4f8e-58d1-a6c2-e8a482b4314f', '2026-05-22', 'student', 'S2-G9A-001', 'Grade 9', 'PRESENT', 'f4fe343b-dd17-57ab-97e6-a9c58a269c84', '2026-05-22 09:00:00') ON CONFLICT (id) DO NOTHING;
INSERT INTO attendance_records (id, school_id, date, type, person_id, grade, status, marked_by, created_at) VALUES ('84dce45b-a928-5499-b9be-95020e83d799', '583885b4-4f8e-58d1-a6c2-e8a482b4314f', '2026-05-21', 'student', 'S2-G9A-001', 'Grade 9', 'PRESENT', 'f4fe343b-dd17-57ab-97e6-a9c58a269c84', '2026-05-21 09:00:00') ON CONFLICT (id) DO NOTHING;
INSERT INTO attendance_records (id, school_id, date, type, person_id, grade, status, marked_by, created_at) VALUES ('102b476e-d4cb-5158-ad66-00d043e74b1b', '583885b4-4f8e-58d1-a6c2-e8a482b4314f', '2026-05-20', 'student', 'S2-G9A-001', 'Grade 9', 'PRESENT', 'f4fe343b-dd17-57ab-97e6-a9c58a269c84', '2026-05-20 09:00:00') ON CONFLICT (id) DO NOTHING;
INSERT INTO attendance_records (id, school_id, date, type, person_id, grade, status, marked_by, created_at) VALUES ('afad7030-1270-513e-9f97-47e47325edcc', '583885b4-4f8e-58d1-a6c2-e8a482b4314f', '2026-05-19', 'student', 'S2-G9A-001', 'Grade 9', 'PRESENT', 'f4fe343b-dd17-57ab-97e6-a9c58a269c84', '2026-05-19 09:00:00') ON CONFLICT (id) DO NOTHING;
INSERT INTO attendance_records (id, school_id, date, type, person_id, grade, status, marked_by, created_at) VALUES ('5a3c84a0-1090-5292-9d9a-71ffff9616c2', '583885b4-4f8e-58d1-a6c2-e8a482b4314f', '2026-05-18', 'student', 'S2-G9A-001', 'Grade 9', 'PRESENT', 'f4fe343b-dd17-57ab-97e6-a9c58a269c84', '2026-05-18 09:00:00') ON CONFLICT (id) DO NOTHING;
INSERT INTO attendance_records (id, school_id, date, type, person_id, grade, status, marked_by, created_at) VALUES ('a1963312-44c5-5de1-b260-3818f5e057a9', '583885b4-4f8e-58d1-a6c2-e8a482b4314f', '2026-05-16', 'student', 'S2-G9A-001', 'Grade 9', 'PRESENT', 'f4fe343b-dd17-57ab-97e6-a9c58a269c84', '2026-05-16 09:00:00') ON CONFLICT (id) DO NOTHING;
INSERT INTO attendance_records (id, school_id, date, type, person_id, grade, status, marked_by, created_at) VALUES ('b3372bac-ff06-5ca1-9352-29ea52f8100b', '583885b4-4f8e-58d1-a6c2-e8a482b4314f', '2026-05-15', 'student', 'S2-G9A-001', 'Grade 9', 'LATE', 'f4fe343b-dd17-57ab-97e6-a9c58a269c84', '2026-05-15 09:00:00') ON CONFLICT (id) DO NOTHING;
INSERT INTO attendance_records (id, school_id, date, type, person_id, grade, status, marked_by, created_at) VALUES ('a3f5e389-0558-578b-a184-b306b6429629', '583885b4-4f8e-58d1-a6c2-e8a482b4314f', '2026-05-14', 'student', 'S2-G9A-001', 'Grade 9', 'PRESENT', 'f4fe343b-dd17-57ab-97e6-a9c58a269c84', '2026-05-14 09:00:00') ON CONFLICT (id) DO NOTHING;
INSERT INTO attendance_records (id, school_id, date, type, person_id, grade, status, marked_by, created_at) VALUES ('d2eff66a-2267-5d39-96c9-3fa43ca9a3ac', '583885b4-4f8e-58d1-a6c2-e8a482b4314f', '2026-05-13', 'student', 'S2-G9A-001', 'Grade 9', 'PRESENT', 'f4fe343b-dd17-57ab-97e6-a9c58a269c84', '2026-05-13 09:00:00') ON CONFLICT (id) DO NOTHING;
INSERT INTO attendance_records (id, school_id, date, type, person_id, grade, status, marked_by, created_at) VALUES ('9f41151b-0dab-5f34-8a47-0938e350732b', '583885b4-4f8e-58d1-a6c2-e8a482b4314f', '2026-05-12', 'student', 'S2-G9A-001', 'Grade 9', 'PRESENT', 'f4fe343b-dd17-57ab-97e6-a9c58a269c84', '2026-05-12 09:00:00') ON CONFLICT (id) DO NOTHING;
INSERT INTO attendance_records (id, school_id, date, type, person_id, grade, status, marked_by, created_at) VALUES ('6ea0f769-fdc6-5275-95a7-f49b1f505cb6', '583885b4-4f8e-58d1-a6c2-e8a482b4314f', '2026-05-11', 'student', 'S2-G9A-001', 'Grade 9', 'PRESENT', 'f4fe343b-dd17-57ab-97e6-a9c58a269c84', '2026-05-11 09:00:00') ON CONFLICT (id) DO NOTHING;
INSERT INTO attendance_records (id, school_id, date, type, person_id, grade, status, marked_by, created_at) VALUES ('3e054954-b9ee-5bb9-8594-b7ad8e07db80', '583885b4-4f8e-58d1-a6c2-e8a482b4314f', '2026-05-09', 'student', 'S2-G9A-001', 'Grade 9', 'PRESENT', 'f4fe343b-dd17-57ab-97e6-a9c58a269c84', '2026-05-09 09:00:00') ON CONFLICT (id) DO NOTHING;
INSERT INTO attendance_records (id, school_id, date, type, person_id, grade, status, marked_by, created_at) VALUES ('88286578-657c-528b-9490-290cec482841', '583885b4-4f8e-58d1-a6c2-e8a482b4314f', '2026-06-06', 'student', 'S2-G9A-002', 'Grade 9', 'PRESENT', 'f4fe343b-dd17-57ab-97e6-a9c58a269c84', '2026-06-06 09:00:00') ON CONFLICT (id) DO NOTHING;
INSERT INTO attendance_records (id, school_id, date, type, person_id, grade, status, marked_by, created_at) VALUES ('ce133a18-41a3-59f9-b38e-1a673938d0e9', '583885b4-4f8e-58d1-a6c2-e8a482b4314f', '2026-06-05', 'student', 'S2-G9A-002', 'Grade 9', 'PRESENT', 'f4fe343b-dd17-57ab-97e6-a9c58a269c84', '2026-06-05 09:00:00') ON CONFLICT (id) DO NOTHING;
INSERT INTO attendance_records (id, school_id, date, type, person_id, grade, status, marked_by, created_at) VALUES ('db276c25-ba9e-50f5-bb7e-a1897f92cc98', '583885b4-4f8e-58d1-a6c2-e8a482b4314f', '2026-06-04', 'student', 'S2-G9A-002', 'Grade 9', 'PRESENT', 'f4fe343b-dd17-57ab-97e6-a9c58a269c84', '2026-06-04 09:00:00') ON CONFLICT (id) DO NOTHING;
INSERT INTO attendance_records (id, school_id, date, type, person_id, grade, status, marked_by, created_at) VALUES ('6d1f9c45-c629-5f78-9c3d-4904883fd31a', '583885b4-4f8e-58d1-a6c2-e8a482b4314f', '2026-06-03', 'student', 'S2-G9A-002', 'Grade 9', 'PRESENT', 'f4fe343b-dd17-57ab-97e6-a9c58a269c84', '2026-06-03 09:00:00') ON CONFLICT (id) DO NOTHING;
INSERT INTO attendance_records (id, school_id, date, type, person_id, grade, status, marked_by, created_at) VALUES ('fae35a49-8f4a-54da-a82f-694a2402c402', '583885b4-4f8e-58d1-a6c2-e8a482b4314f', '2026-06-02', 'student', 'S2-G9A-002', 'Grade 9', 'PRESENT', 'f4fe343b-dd17-57ab-97e6-a9c58a269c84', '2026-06-02 09:00:00') ON CONFLICT (id) DO NOTHING;
INSERT INTO attendance_records (id, school_id, date, type, person_id, grade, status, marked_by, created_at) VALUES ('e8dff2ec-115f-5d56-8302-7d2496dd858c', '583885b4-4f8e-58d1-a6c2-e8a482b4314f', '2026-06-01', 'student', 'S2-G9A-002', 'Grade 9', 'PRESENT', 'f4fe343b-dd17-57ab-97e6-a9c58a269c84', '2026-06-01 09:00:00') ON CONFLICT (id) DO NOTHING;
INSERT INTO attendance_records (id, school_id, date, type, person_id, grade, status, marked_by, created_at) VALUES ('a4be6dec-0fcf-5bed-a45b-ec197ed774ea', '583885b4-4f8e-58d1-a6c2-e8a482b4314f', '2026-05-30', 'student', 'S2-G9A-002', 'Grade 9', 'PRESENT', 'f4fe343b-dd17-57ab-97e6-a9c58a269c84', '2026-05-30 09:00:00') ON CONFLICT (id) DO NOTHING;
INSERT INTO attendance_records (id, school_id, date, type, person_id, grade, status, marked_by, created_at) VALUES ('54f199bc-31c9-5221-a9b6-8a14e8dcb292', '583885b4-4f8e-58d1-a6c2-e8a482b4314f', '2026-05-29', 'student', 'S2-G9A-002', 'Grade 9', 'PRESENT', 'f4fe343b-dd17-57ab-97e6-a9c58a269c84', '2026-05-29 09:00:00') ON CONFLICT (id) DO NOTHING;
INSERT INTO attendance_records (id, school_id, date, type, person_id, grade, status, marked_by, created_at) VALUES ('3e4124d0-a479-56ab-839b-23f16c7f0af1', '583885b4-4f8e-58d1-a6c2-e8a482b4314f', '2026-05-28', 'student', 'S2-G9A-002', 'Grade 9', 'PRESENT', 'f4fe343b-dd17-57ab-97e6-a9c58a269c84', '2026-05-28 09:00:00') ON CONFLICT (id) DO NOTHING;
INSERT INTO attendance_records (id, school_id, date, type, person_id, grade, status, marked_by, created_at) VALUES ('f7a94ef1-84c0-5db3-8218-c333af8e1066', '583885b4-4f8e-58d1-a6c2-e8a482b4314f', '2026-05-27', 'student', 'S2-G9A-002', 'Grade 9', 'PRESENT', 'f4fe343b-dd17-57ab-97e6-a9c58a269c84', '2026-05-27 09:00:00') ON CONFLICT (id) DO NOTHING;
INSERT INTO attendance_records (id, school_id, date, type, person_id, grade, status, marked_by, created_at) VALUES ('ece7ccad-7ee1-51d2-9746-20a7303ea1f1', '583885b4-4f8e-58d1-a6c2-e8a482b4314f', '2026-05-26', 'student', 'S2-G9A-002', 'Grade 9', 'LATE', 'f4fe343b-dd17-57ab-97e6-a9c58a269c84', '2026-05-26 09:00:00') ON CONFLICT (id) DO NOTHING;
INSERT INTO attendance_records (id, school_id, date, type, person_id, grade, status, marked_by, created_at) VALUES ('ab8321b1-04c8-559e-baba-6be9bdd5ccb4', '583885b4-4f8e-58d1-a6c2-e8a482b4314f', '2026-05-25', 'student', 'S2-G9A-002', 'Grade 9', 'PRESENT', 'f4fe343b-dd17-57ab-97e6-a9c58a269c84', '2026-05-25 09:00:00') ON CONFLICT (id) DO NOTHING;
INSERT INTO attendance_records (id, school_id, date, type, person_id, grade, status, marked_by, created_at) VALUES ('c27660d6-27d5-5422-ac20-9681358d7faf', '583885b4-4f8e-58d1-a6c2-e8a482b4314f', '2026-05-23', 'student', 'S2-G9A-002', 'Grade 9', 'LATE', 'f4fe343b-dd17-57ab-97e6-a9c58a269c84', '2026-05-23 09:00:00') ON CONFLICT (id) DO NOTHING;
INSERT INTO attendance_records (id, school_id, date, type, person_id, grade, status, marked_by, created_at) VALUES ('a9631ebf-d8b2-5809-bc3b-95b207ec5b0f', '583885b4-4f8e-58d1-a6c2-e8a482b4314f', '2026-05-22', 'student', 'S2-G9A-002', 'Grade 9', 'PRESENT', 'f4fe343b-dd17-57ab-97e6-a9c58a269c84', '2026-05-22 09:00:00') ON CONFLICT (id) DO NOTHING;
INSERT INTO attendance_records (id, school_id, date, type, person_id, grade, status, marked_by, created_at) VALUES ('a1f1a769-427e-51fa-9ee0-638e8704ae4e', '583885b4-4f8e-58d1-a6c2-e8a482b4314f', '2026-05-21', 'student', 'S2-G9A-002', 'Grade 9', 'ABSENT', 'f4fe343b-dd17-57ab-97e6-a9c58a269c84', '2026-05-21 09:00:00') ON CONFLICT (id) DO NOTHING;
INSERT INTO attendance_records (id, school_id, date, type, person_id, grade, status, marked_by, created_at) VALUES ('e8ffa40a-c196-5718-b94c-1d76e5ae7063', '583885b4-4f8e-58d1-a6c2-e8a482b4314f', '2026-05-20', 'student', 'S2-G9A-002', 'Grade 9', 'PRESENT', 'f4fe343b-dd17-57ab-97e6-a9c58a269c84', '2026-05-20 09:00:00') ON CONFLICT (id) DO NOTHING;
INSERT INTO attendance_records (id, school_id, date, type, person_id, grade, status, marked_by, created_at) VALUES ('c7896c30-bd5c-5f48-893f-243635349a81', '583885b4-4f8e-58d1-a6c2-e8a482b4314f', '2026-05-19', 'student', 'S2-G9A-002', 'Grade 9', 'PRESENT', 'f4fe343b-dd17-57ab-97e6-a9c58a269c84', '2026-05-19 09:00:00') ON CONFLICT (id) DO NOTHING;
INSERT INTO attendance_records (id, school_id, date, type, person_id, grade, status, marked_by, created_at) VALUES ('0977bd0f-d9c5-57fb-b4ad-7bae4cc5896b', '583885b4-4f8e-58d1-a6c2-e8a482b4314f', '2026-05-18', 'student', 'S2-G9A-002', 'Grade 9', 'PRESENT', 'f4fe343b-dd17-57ab-97e6-a9c58a269c84', '2026-05-18 09:00:00') ON CONFLICT (id) DO NOTHING;
INSERT INTO attendance_records (id, school_id, date, type, person_id, grade, status, marked_by, created_at) VALUES ('f204a1dc-70b0-5c3c-b516-0b7c816e1160', '583885b4-4f8e-58d1-a6c2-e8a482b4314f', '2026-05-16', 'student', 'S2-G9A-002', 'Grade 9', 'PRESENT', 'f4fe343b-dd17-57ab-97e6-a9c58a269c84', '2026-05-16 09:00:00') ON CONFLICT (id) DO NOTHING;
INSERT INTO attendance_records (id, school_id, date, type, person_id, grade, status, marked_by, created_at) VALUES ('ad3c421a-8e12-52d0-a2e4-75cbe0636dbb', '583885b4-4f8e-58d1-a6c2-e8a482b4314f', '2026-05-15', 'student', 'S2-G9A-002', 'Grade 9', 'PRESENT', 'f4fe343b-dd17-57ab-97e6-a9c58a269c84', '2026-05-15 09:00:00') ON CONFLICT (id) DO NOTHING;
INSERT INTO attendance_records (id, school_id, date, type, person_id, grade, status, marked_by, created_at) VALUES ('39f8972a-7bec-524f-9658-4ccf943d119d', '583885b4-4f8e-58d1-a6c2-e8a482b4314f', '2026-05-14', 'student', 'S2-G9A-002', 'Grade 9', 'PRESENT', 'f4fe343b-dd17-57ab-97e6-a9c58a269c84', '2026-05-14 09:00:00') ON CONFLICT (id) DO NOTHING;
INSERT INTO attendance_records (id, school_id, date, type, person_id, grade, status, marked_by, created_at) VALUES ('14c8e0a6-bc41-5e18-a240-b4c4c121debd', '583885b4-4f8e-58d1-a6c2-e8a482b4314f', '2026-05-13', 'student', 'S2-G9A-002', 'Grade 9', 'PRESENT', 'f4fe343b-dd17-57ab-97e6-a9c58a269c84', '2026-05-13 09:00:00') ON CONFLICT (id) DO NOTHING;
INSERT INTO attendance_records (id, school_id, date, type, person_id, grade, status, marked_by, created_at) VALUES ('c66c7f8f-98c9-59cd-bcfe-a77f054c3681', '583885b4-4f8e-58d1-a6c2-e8a482b4314f', '2026-05-12', 'student', 'S2-G9A-002', 'Grade 9', 'LATE', 'f4fe343b-dd17-57ab-97e6-a9c58a269c84', '2026-05-12 09:00:00') ON CONFLICT (id) DO NOTHING;
INSERT INTO attendance_records (id, school_id, date, type, person_id, grade, status, marked_by, created_at) VALUES ('b7db982c-5756-546a-ba37-9c5b01271d48', '583885b4-4f8e-58d1-a6c2-e8a482b4314f', '2026-05-11', 'student', 'S2-G9A-002', 'Grade 9', 'PRESENT', 'f4fe343b-dd17-57ab-97e6-a9c58a269c84', '2026-05-11 09:00:00') ON CONFLICT (id) DO NOTHING;
INSERT INTO attendance_records (id, school_id, date, type, person_id, grade, status, marked_by, created_at) VALUES ('b31c7d8b-088f-5cf1-b86f-f8285d6159b1', '583885b4-4f8e-58d1-a6c2-e8a482b4314f', '2026-05-09', 'student', 'S2-G9A-002', 'Grade 9', 'PRESENT', 'f4fe343b-dd17-57ab-97e6-a9c58a269c84', '2026-05-09 09:00:00') ON CONFLICT (id) DO NOTHING;
INSERT INTO attendance_records (id, school_id, date, type, person_id, grade, status, marked_by, created_at) VALUES ('9d3d0c19-2d97-55bf-ac47-fe472ccf0ae8', '583885b4-4f8e-58d1-a6c2-e8a482b4314f', '2026-06-06', 'student', 'S2-G9A-003', 'Grade 9', 'PRESENT', 'f4fe343b-dd17-57ab-97e6-a9c58a269c84', '2026-06-06 09:00:00') ON CONFLICT (id) DO NOTHING;
INSERT INTO attendance_records (id, school_id, date, type, person_id, grade, status, marked_by, created_at) VALUES ('53845cfb-eae4-5b39-8a27-921892c011b6', '583885b4-4f8e-58d1-a6c2-e8a482b4314f', '2026-06-05', 'student', 'S2-G9A-003', 'Grade 9', 'PRESENT', 'f4fe343b-dd17-57ab-97e6-a9c58a269c84', '2026-06-05 09:00:00') ON CONFLICT (id) DO NOTHING;
INSERT INTO attendance_records (id, school_id, date, type, person_id, grade, status, marked_by, created_at) VALUES ('ebb1d21d-6d2b-5c61-8434-ae2105c41637', '583885b4-4f8e-58d1-a6c2-e8a482b4314f', '2026-06-04', 'student', 'S2-G9A-003', 'Grade 9', 'PRESENT', 'f4fe343b-dd17-57ab-97e6-a9c58a269c84', '2026-06-04 09:00:00') ON CONFLICT (id) DO NOTHING;
INSERT INTO attendance_records (id, school_id, date, type, person_id, grade, status, marked_by, created_at) VALUES ('8c84d986-1738-517f-915c-8681b60239ad', '583885b4-4f8e-58d1-a6c2-e8a482b4314f', '2026-06-03', 'student', 'S2-G9A-003', 'Grade 9', 'PRESENT', 'f4fe343b-dd17-57ab-97e6-a9c58a269c84', '2026-06-03 09:00:00') ON CONFLICT (id) DO NOTHING;
INSERT INTO attendance_records (id, school_id, date, type, person_id, grade, status, marked_by, created_at) VALUES ('602bf954-2351-5548-b5f6-7db5582151ee', '583885b4-4f8e-58d1-a6c2-e8a482b4314f', '2026-06-02', 'student', 'S2-G9A-003', 'Grade 9', 'PRESENT', 'f4fe343b-dd17-57ab-97e6-a9c58a269c84', '2026-06-02 09:00:00') ON CONFLICT (id) DO NOTHING;
INSERT INTO attendance_records (id, school_id, date, type, person_id, grade, status, marked_by, created_at) VALUES ('213b352f-8f33-5193-bd9b-507a75ad202e', '583885b4-4f8e-58d1-a6c2-e8a482b4314f', '2026-06-01', 'student', 'S2-G9A-003', 'Grade 9', 'PRESENT', 'f4fe343b-dd17-57ab-97e6-a9c58a269c84', '2026-06-01 09:00:00') ON CONFLICT (id) DO NOTHING;
INSERT INTO attendance_records (id, school_id, date, type, person_id, grade, status, marked_by, created_at) VALUES ('8394a45d-be50-508f-997a-13b1e656a7d3', '583885b4-4f8e-58d1-a6c2-e8a482b4314f', '2026-05-30', 'student', 'S2-G9A-003', 'Grade 9', 'PRESENT', 'f4fe343b-dd17-57ab-97e6-a9c58a269c84', '2026-05-30 09:00:00') ON CONFLICT (id) DO NOTHING;
INSERT INTO attendance_records (id, school_id, date, type, person_id, grade, status, marked_by, created_at) VALUES ('758bf392-a9bf-5b4f-83df-a751f8b8877c', '583885b4-4f8e-58d1-a6c2-e8a482b4314f', '2026-05-29', 'student', 'S2-G9A-003', 'Grade 9', 'PRESENT', 'f4fe343b-dd17-57ab-97e6-a9c58a269c84', '2026-05-29 09:00:00') ON CONFLICT (id) DO NOTHING;
INSERT INTO attendance_records (id, school_id, date, type, person_id, grade, status, marked_by, created_at) VALUES ('2e325e38-c3e5-5aa6-a711-7502977abbff', '583885b4-4f8e-58d1-a6c2-e8a482b4314f', '2026-05-28', 'student', 'S2-G9A-003', 'Grade 9', 'PRESENT', 'f4fe343b-dd17-57ab-97e6-a9c58a269c84', '2026-05-28 09:00:00') ON CONFLICT (id) DO NOTHING;
INSERT INTO attendance_records (id, school_id, date, type, person_id, grade, status, marked_by, created_at) VALUES ('43440f25-e336-596c-beaa-03be7abf19e6', '583885b4-4f8e-58d1-a6c2-e8a482b4314f', '2026-05-27', 'student', 'S2-G9A-003', 'Grade 9', 'PRESENT', 'f4fe343b-dd17-57ab-97e6-a9c58a269c84', '2026-05-27 09:00:00') ON CONFLICT (id) DO NOTHING;
INSERT INTO attendance_records (id, school_id, date, type, person_id, grade, status, marked_by, created_at) VALUES ('30e8b7d6-578d-5d0b-8bd5-91e0b3d9b3ec', '583885b4-4f8e-58d1-a6c2-e8a482b4314f', '2026-05-26', 'student', 'S2-G9A-003', 'Grade 9', 'PRESENT', 'f4fe343b-dd17-57ab-97e6-a9c58a269c84', '2026-05-26 09:00:00') ON CONFLICT (id) DO NOTHING;
INSERT INTO attendance_records (id, school_id, date, type, person_id, grade, status, marked_by, created_at) VALUES ('bc4516f5-238d-592b-83e5-2a88b2c6ed66', '583885b4-4f8e-58d1-a6c2-e8a482b4314f', '2026-05-25', 'student', 'S2-G9A-003', 'Grade 9', 'PRESENT', 'f4fe343b-dd17-57ab-97e6-a9c58a269c84', '2026-05-25 09:00:00') ON CONFLICT (id) DO NOTHING;
INSERT INTO attendance_records (id, school_id, date, type, person_id, grade, status, marked_by, created_at) VALUES ('4e3a085e-afce-507b-a992-83f56886d556', '583885b4-4f8e-58d1-a6c2-e8a482b4314f', '2026-05-23', 'student', 'S2-G9A-003', 'Grade 9', 'PRESENT', 'f4fe343b-dd17-57ab-97e6-a9c58a269c84', '2026-05-23 09:00:00') ON CONFLICT (id) DO NOTHING;
INSERT INTO attendance_records (id, school_id, date, type, person_id, grade, status, marked_by, created_at) VALUES ('a609ea04-d208-551a-8d84-68f4bfb1f7b5', '583885b4-4f8e-58d1-a6c2-e8a482b4314f', '2026-05-22', 'student', 'S2-G9A-003', 'Grade 9', 'PRESENT', 'f4fe343b-dd17-57ab-97e6-a9c58a269c84', '2026-05-22 09:00:00') ON CONFLICT (id) DO NOTHING;
INSERT INTO attendance_records (id, school_id, date, type, person_id, grade, status, marked_by, created_at) VALUES ('62a60746-79a7-5ba5-9485-c014686619b7', '583885b4-4f8e-58d1-a6c2-e8a482b4314f', '2026-05-21', 'student', 'S2-G9A-003', 'Grade 9', 'PRESENT', 'f4fe343b-dd17-57ab-97e6-a9c58a269c84', '2026-05-21 09:00:00') ON CONFLICT (id) DO NOTHING;
INSERT INTO attendance_records (id, school_id, date, type, person_id, grade, status, marked_by, created_at) VALUES ('e65c741d-d4db-5e18-961c-507d879e9062', '583885b4-4f8e-58d1-a6c2-e8a482b4314f', '2026-05-20', 'student', 'S2-G9A-003', 'Grade 9', 'PRESENT', 'f4fe343b-dd17-57ab-97e6-a9c58a269c84', '2026-05-20 09:00:00') ON CONFLICT (id) DO NOTHING;
INSERT INTO attendance_records (id, school_id, date, type, person_id, grade, status, marked_by, created_at) VALUES ('3a3c7dfe-63be-5854-9d2f-fa6e780442e4', '583885b4-4f8e-58d1-a6c2-e8a482b4314f', '2026-05-19', 'student', 'S2-G9A-003', 'Grade 9', 'PRESENT', 'f4fe343b-dd17-57ab-97e6-a9c58a269c84', '2026-05-19 09:00:00') ON CONFLICT (id) DO NOTHING;
INSERT INTO attendance_records (id, school_id, date, type, person_id, grade, status, marked_by, created_at) VALUES ('13e67a8c-7a20-5715-be0d-4b5da2082042', '583885b4-4f8e-58d1-a6c2-e8a482b4314f', '2026-05-18', 'student', 'S2-G9A-003', 'Grade 9', 'PRESENT', 'f4fe343b-dd17-57ab-97e6-a9c58a269c84', '2026-05-18 09:00:00') ON CONFLICT (id) DO NOTHING;
INSERT INTO attendance_records (id, school_id, date, type, person_id, grade, status, marked_by, created_at) VALUES ('c9e7c342-15ce-5d93-ac4e-9a4fe71f7b76', '583885b4-4f8e-58d1-a6c2-e8a482b4314f', '2026-05-16', 'student', 'S2-G9A-003', 'Grade 9', 'PRESENT', 'f4fe343b-dd17-57ab-97e6-a9c58a269c84', '2026-05-16 09:00:00') ON CONFLICT (id) DO NOTHING;
INSERT INTO attendance_records (id, school_id, date, type, person_id, grade, status, marked_by, created_at) VALUES ('9e787e3f-7001-5895-93d5-4dea249f3715', '583885b4-4f8e-58d1-a6c2-e8a482b4314f', '2026-05-15', 'student', 'S2-G9A-003', 'Grade 9', 'PRESENT', 'f4fe343b-dd17-57ab-97e6-a9c58a269c84', '2026-05-15 09:00:00') ON CONFLICT (id) DO NOTHING;
INSERT INTO attendance_records (id, school_id, date, type, person_id, grade, status, marked_by, created_at) VALUES ('7c87a7ec-db89-5c4f-9365-0722c545c3d0', '583885b4-4f8e-58d1-a6c2-e8a482b4314f', '2026-05-14', 'student', 'S2-G9A-003', 'Grade 9', 'PRESENT', 'f4fe343b-dd17-57ab-97e6-a9c58a269c84', '2026-05-14 09:00:00') ON CONFLICT (id) DO NOTHING;
INSERT INTO attendance_records (id, school_id, date, type, person_id, grade, status, marked_by, created_at) VALUES ('6a3025f0-566d-56aa-867c-c3f473a30c42', '583885b4-4f8e-58d1-a6c2-e8a482b4314f', '2026-05-13', 'student', 'S2-G9A-003', 'Grade 9', 'PRESENT', 'f4fe343b-dd17-57ab-97e6-a9c58a269c84', '2026-05-13 09:00:00') ON CONFLICT (id) DO NOTHING;
INSERT INTO attendance_records (id, school_id, date, type, person_id, grade, status, marked_by, created_at) VALUES ('bab8cb6a-86f7-537c-a611-80609895cf2c', '583885b4-4f8e-58d1-a6c2-e8a482b4314f', '2026-05-12', 'student', 'S2-G9A-003', 'Grade 9', 'PRESENT', 'f4fe343b-dd17-57ab-97e6-a9c58a269c84', '2026-05-12 09:00:00') ON CONFLICT (id) DO NOTHING;
INSERT INTO attendance_records (id, school_id, date, type, person_id, grade, status, marked_by, created_at) VALUES ('41cf76fd-a091-514f-ae5b-b98843b6d958', '583885b4-4f8e-58d1-a6c2-e8a482b4314f', '2026-05-11', 'student', 'S2-G9A-003', 'Grade 9', 'PRESENT', 'f4fe343b-dd17-57ab-97e6-a9c58a269c84', '2026-05-11 09:00:00') ON CONFLICT (id) DO NOTHING;
INSERT INTO attendance_records (id, school_id, date, type, person_id, grade, status, marked_by, created_at) VALUES ('dc113f93-ff15-522e-b3bb-e330edd9aa71', '583885b4-4f8e-58d1-a6c2-e8a482b4314f', '2026-05-09', 'student', 'S2-G9A-003', 'Grade 9', 'PRESENT', 'f4fe343b-dd17-57ab-97e6-a9c58a269c84', '2026-05-09 09:00:00') ON CONFLICT (id) DO NOTHING;
INSERT INTO attendance_records (id, school_id, date, type, person_id, grade, status, marked_by, created_at) VALUES ('68638ca2-c887-5ee4-8cf3-ba93dfd86f9b', '583885b4-4f8e-58d1-a6c2-e8a482b4314f', '2026-06-06', 'student', 'S2-G9A-004', 'Grade 9', 'PRESENT', 'f4fe343b-dd17-57ab-97e6-a9c58a269c84', '2026-06-06 09:00:00') ON CONFLICT (id) DO NOTHING;
INSERT INTO attendance_records (id, school_id, date, type, person_id, grade, status, marked_by, created_at) VALUES ('3ce17c0d-9d43-591e-83f3-c7e4fd3b90ff', '583885b4-4f8e-58d1-a6c2-e8a482b4314f', '2026-06-05', 'student', 'S2-G9A-004', 'Grade 9', 'PRESENT', 'f4fe343b-dd17-57ab-97e6-a9c58a269c84', '2026-06-05 09:00:00') ON CONFLICT (id) DO NOTHING;
INSERT INTO attendance_records (id, school_id, date, type, person_id, grade, status, marked_by, created_at) VALUES ('e32501aa-5dc6-5fa7-a694-ded33c54b6c9', '583885b4-4f8e-58d1-a6c2-e8a482b4314f', '2026-06-04', 'student', 'S2-G9A-004', 'Grade 9', 'PRESENT', 'f4fe343b-dd17-57ab-97e6-a9c58a269c84', '2026-06-04 09:00:00') ON CONFLICT (id) DO NOTHING;
INSERT INTO attendance_records (id, school_id, date, type, person_id, grade, status, marked_by, created_at) VALUES ('595dc174-ae17-5d9f-8cfe-4dbe7aea5157', '583885b4-4f8e-58d1-a6c2-e8a482b4314f', '2026-06-03', 'student', 'S2-G9A-004', 'Grade 9', 'PRESENT', 'f4fe343b-dd17-57ab-97e6-a9c58a269c84', '2026-06-03 09:00:00') ON CONFLICT (id) DO NOTHING;
INSERT INTO attendance_records (id, school_id, date, type, person_id, grade, status, marked_by, created_at) VALUES ('7144239a-526a-52e3-9c2d-b00a8272349e', '583885b4-4f8e-58d1-a6c2-e8a482b4314f', '2026-06-02', 'student', 'S2-G9A-004', 'Grade 9', 'PRESENT', 'f4fe343b-dd17-57ab-97e6-a9c58a269c84', '2026-06-02 09:00:00') ON CONFLICT (id) DO NOTHING;
INSERT INTO attendance_records (id, school_id, date, type, person_id, grade, status, marked_by, created_at) VALUES ('def4b592-b0a2-586b-abe6-f0eb30c4c6f1', '583885b4-4f8e-58d1-a6c2-e8a482b4314f', '2026-06-01', 'student', 'S2-G9A-004', 'Grade 9', 'PRESENT', 'f4fe343b-dd17-57ab-97e6-a9c58a269c84', '2026-06-01 09:00:00') ON CONFLICT (id) DO NOTHING;
INSERT INTO attendance_records (id, school_id, date, type, person_id, grade, status, marked_by, created_at) VALUES ('4ecb90c0-d1a3-54b7-a396-fc3a50af7759', '583885b4-4f8e-58d1-a6c2-e8a482b4314f', '2026-05-30', 'student', 'S2-G9A-004', 'Grade 9', 'PRESENT', 'f4fe343b-dd17-57ab-97e6-a9c58a269c84', '2026-05-30 09:00:00') ON CONFLICT (id) DO NOTHING;
INSERT INTO attendance_records (id, school_id, date, type, person_id, grade, status, marked_by, created_at) VALUES ('912cd03e-e5ea-5c30-b9de-a3bc432ec715', '583885b4-4f8e-58d1-a6c2-e8a482b4314f', '2026-05-29', 'student', 'S2-G9A-004', 'Grade 9', 'PRESENT', 'f4fe343b-dd17-57ab-97e6-a9c58a269c84', '2026-05-29 09:00:00') ON CONFLICT (id) DO NOTHING;
INSERT INTO attendance_records (id, school_id, date, type, person_id, grade, status, marked_by, created_at) VALUES ('648f8d32-0521-5818-ba76-53823e466b80', '583885b4-4f8e-58d1-a6c2-e8a482b4314f', '2026-05-28', 'student', 'S2-G9A-004', 'Grade 9', 'PRESENT', 'f4fe343b-dd17-57ab-97e6-a9c58a269c84', '2026-05-28 09:00:00') ON CONFLICT (id) DO NOTHING;
INSERT INTO attendance_records (id, school_id, date, type, person_id, grade, status, marked_by, created_at) VALUES ('a36fece7-fade-5e66-8667-625be5a7224e', '583885b4-4f8e-58d1-a6c2-e8a482b4314f', '2026-05-27', 'student', 'S2-G9A-004', 'Grade 9', 'PRESENT', 'f4fe343b-dd17-57ab-97e6-a9c58a269c84', '2026-05-27 09:00:00') ON CONFLICT (id) DO NOTHING;
INSERT INTO attendance_records (id, school_id, date, type, person_id, grade, status, marked_by, created_at) VALUES ('5d759856-3729-5940-9767-afd2f085037a', '583885b4-4f8e-58d1-a6c2-e8a482b4314f', '2026-05-26', 'student', 'S2-G9A-004', 'Grade 9', 'PRESENT', 'f4fe343b-dd17-57ab-97e6-a9c58a269c84', '2026-05-26 09:00:00') ON CONFLICT (id) DO NOTHING;
INSERT INTO attendance_records (id, school_id, date, type, person_id, grade, status, marked_by, created_at) VALUES ('8c471ac7-2ced-5ffe-a1b3-ebb4afd92092', '583885b4-4f8e-58d1-a6c2-e8a482b4314f', '2026-05-25', 'student', 'S2-G9A-004', 'Grade 9', 'PRESENT', 'f4fe343b-dd17-57ab-97e6-a9c58a269c84', '2026-05-25 09:00:00') ON CONFLICT (id) DO NOTHING;
INSERT INTO attendance_records (id, school_id, date, type, person_id, grade, status, marked_by, created_at) VALUES ('d92aeb87-a479-5002-9d16-3efec039ba2e', '583885b4-4f8e-58d1-a6c2-e8a482b4314f', '2026-05-23', 'student', 'S2-G9A-004', 'Grade 9', 'PRESENT', 'f4fe343b-dd17-57ab-97e6-a9c58a269c84', '2026-05-23 09:00:00') ON CONFLICT (id) DO NOTHING;
INSERT INTO attendance_records (id, school_id, date, type, person_id, grade, status, marked_by, created_at) VALUES ('e67213a6-43e0-59ba-bee2-eb06bb4fa4d6', '583885b4-4f8e-58d1-a6c2-e8a482b4314f', '2026-05-22', 'student', 'S2-G9A-004', 'Grade 9', 'PRESENT', 'f4fe343b-dd17-57ab-97e6-a9c58a269c84', '2026-05-22 09:00:00') ON CONFLICT (id) DO NOTHING;
INSERT INTO attendance_records (id, school_id, date, type, person_id, grade, status, marked_by, created_at) VALUES ('26fd6ba3-9994-51d3-b280-35fb0cab6829', '583885b4-4f8e-58d1-a6c2-e8a482b4314f', '2026-05-21', 'student', 'S2-G9A-004', 'Grade 9', 'PRESENT', 'f4fe343b-dd17-57ab-97e6-a9c58a269c84', '2026-05-21 09:00:00') ON CONFLICT (id) DO NOTHING;
INSERT INTO attendance_records (id, school_id, date, type, person_id, grade, status, marked_by, created_at) VALUES ('c029b730-4b7c-565c-af07-6a68775b9d6d', '583885b4-4f8e-58d1-a6c2-e8a482b4314f', '2026-05-20', 'student', 'S2-G9A-004', 'Grade 9', 'PRESENT', 'f4fe343b-dd17-57ab-97e6-a9c58a269c84', '2026-05-20 09:00:00') ON CONFLICT (id) DO NOTHING;
INSERT INTO attendance_records (id, school_id, date, type, person_id, grade, status, marked_by, created_at) VALUES ('af113758-e05d-5ae4-8158-2223b02c212b', '583885b4-4f8e-58d1-a6c2-e8a482b4314f', '2026-05-19', 'student', 'S2-G9A-004', 'Grade 9', 'PRESENT', 'f4fe343b-dd17-57ab-97e6-a9c58a269c84', '2026-05-19 09:00:00') ON CONFLICT (id) DO NOTHING;
INSERT INTO attendance_records (id, school_id, date, type, person_id, grade, status, marked_by, created_at) VALUES ('449f7a0b-56cf-57a8-bde5-fce79cb3459b', '583885b4-4f8e-58d1-a6c2-e8a482b4314f', '2026-05-18', 'student', 'S2-G9A-004', 'Grade 9', 'PRESENT', 'f4fe343b-dd17-57ab-97e6-a9c58a269c84', '2026-05-18 09:00:00') ON CONFLICT (id) DO NOTHING;
INSERT INTO attendance_records (id, school_id, date, type, person_id, grade, status, marked_by, created_at) VALUES ('bab90494-caa0-5a7a-b6aa-5371b1b7d2ab', '583885b4-4f8e-58d1-a6c2-e8a482b4314f', '2026-05-16', 'student', 'S2-G9A-004', 'Grade 9', 'PRESENT', 'f4fe343b-dd17-57ab-97e6-a9c58a269c84', '2026-05-16 09:00:00') ON CONFLICT (id) DO NOTHING;
INSERT INTO attendance_records (id, school_id, date, type, person_id, grade, status, marked_by, created_at) VALUES ('271b1115-35d2-5ad4-bbee-41b08eb68a9d', '583885b4-4f8e-58d1-a6c2-e8a482b4314f', '2026-05-15', 'student', 'S2-G9A-004', 'Grade 9', 'PRESENT', 'f4fe343b-dd17-57ab-97e6-a9c58a269c84', '2026-05-15 09:00:00') ON CONFLICT (id) DO NOTHING;
INSERT INTO attendance_records (id, school_id, date, type, person_id, grade, status, marked_by, created_at) VALUES ('cd28a415-1f46-50f6-94eb-dd7cc4454658', '583885b4-4f8e-58d1-a6c2-e8a482b4314f', '2026-05-14', 'student', 'S2-G9A-004', 'Grade 9', 'PRESENT', 'f4fe343b-dd17-57ab-97e6-a9c58a269c84', '2026-05-14 09:00:00') ON CONFLICT (id) DO NOTHING;
INSERT INTO attendance_records (id, school_id, date, type, person_id, grade, status, marked_by, created_at) VALUES ('513b280a-f651-59d7-9ee4-e45927928544', '583885b4-4f8e-58d1-a6c2-e8a482b4314f', '2026-05-13', 'student', 'S2-G9A-004', 'Grade 9', 'PRESENT', 'f4fe343b-dd17-57ab-97e6-a9c58a269c84', '2026-05-13 09:00:00') ON CONFLICT (id) DO NOTHING;
INSERT INTO attendance_records (id, school_id, date, type, person_id, grade, status, marked_by, created_at) VALUES ('d1ccd76b-d2c1-5818-ade7-294b9600d25d', '583885b4-4f8e-58d1-a6c2-e8a482b4314f', '2026-05-12', 'student', 'S2-G9A-004', 'Grade 9', 'PRESENT', 'f4fe343b-dd17-57ab-97e6-a9c58a269c84', '2026-05-12 09:00:00') ON CONFLICT (id) DO NOTHING;
INSERT INTO attendance_records (id, school_id, date, type, person_id, grade, status, marked_by, created_at) VALUES ('72499437-2214-5bf6-a273-39904998e38a', '583885b4-4f8e-58d1-a6c2-e8a482b4314f', '2026-05-11', 'student', 'S2-G9A-004', 'Grade 9', 'PRESENT', 'f4fe343b-dd17-57ab-97e6-a9c58a269c84', '2026-05-11 09:00:00') ON CONFLICT (id) DO NOTHING;
INSERT INTO attendance_records (id, school_id, date, type, person_id, grade, status, marked_by, created_at) VALUES ('e65c6aba-791e-57be-82b2-10ee067d5dd2', '583885b4-4f8e-58d1-a6c2-e8a482b4314f', '2026-05-09', 'student', 'S2-G9A-004', 'Grade 9', 'PRESENT', 'f4fe343b-dd17-57ab-97e6-a9c58a269c84', '2026-05-09 09:00:00') ON CONFLICT (id) DO NOTHING;
INSERT INTO attendance_records (id, school_id, date, type, person_id, grade, status, marked_by, created_at) VALUES ('db4c42c2-71c9-51b7-abd2-6dfbf475ea04', '583885b4-4f8e-58d1-a6c2-e8a482b4314f', '2026-06-06', 'student', 'S2-G9A-005', 'Grade 9', 'PRESENT', 'f4fe343b-dd17-57ab-97e6-a9c58a269c84', '2026-06-06 09:00:00') ON CONFLICT (id) DO NOTHING;
INSERT INTO attendance_records (id, school_id, date, type, person_id, grade, status, marked_by, created_at) VALUES ('b30216f3-f2fb-5767-a1b1-4b359e89d853', '583885b4-4f8e-58d1-a6c2-e8a482b4314f', '2026-06-05', 'student', 'S2-G9A-005', 'Grade 9', 'PRESENT', 'f4fe343b-dd17-57ab-97e6-a9c58a269c84', '2026-06-05 09:00:00') ON CONFLICT (id) DO NOTHING;
INSERT INTO attendance_records (id, school_id, date, type, person_id, grade, status, marked_by, created_at) VALUES ('021cac00-cf9f-534a-a3fd-6a05de522637', '583885b4-4f8e-58d1-a6c2-e8a482b4314f', '2026-06-04', 'student', 'S2-G9A-005', 'Grade 9', 'PRESENT', 'f4fe343b-dd17-57ab-97e6-a9c58a269c84', '2026-06-04 09:00:00') ON CONFLICT (id) DO NOTHING;
INSERT INTO attendance_records (id, school_id, date, type, person_id, grade, status, marked_by, created_at) VALUES ('da980af7-4273-5c21-ba84-766c98e4a727', '583885b4-4f8e-58d1-a6c2-e8a482b4314f', '2026-06-03', 'student', 'S2-G9A-005', 'Grade 9', 'PRESENT', 'f4fe343b-dd17-57ab-97e6-a9c58a269c84', '2026-06-03 09:00:00') ON CONFLICT (id) DO NOTHING;
INSERT INTO attendance_records (id, school_id, date, type, person_id, grade, status, marked_by, created_at) VALUES ('7350a1ca-7cff-5b48-a80c-be3fc5894c7f', '583885b4-4f8e-58d1-a6c2-e8a482b4314f', '2026-06-02', 'student', 'S2-G9A-005', 'Grade 9', 'PRESENT', 'f4fe343b-dd17-57ab-97e6-a9c58a269c84', '2026-06-02 09:00:00') ON CONFLICT (id) DO NOTHING;
INSERT INTO attendance_records (id, school_id, date, type, person_id, grade, status, marked_by, created_at) VALUES ('c812cbbc-2d4b-57cc-b774-2dd00ad95c19', '583885b4-4f8e-58d1-a6c2-e8a482b4314f', '2026-06-01', 'student', 'S2-G9A-005', 'Grade 9', 'PRESENT', 'f4fe343b-dd17-57ab-97e6-a9c58a269c84', '2026-06-01 09:00:00') ON CONFLICT (id) DO NOTHING;
INSERT INTO attendance_records (id, school_id, date, type, person_id, grade, status, marked_by, created_at) VALUES ('421b3ba0-bd8e-5dc9-b765-19d966f61bcd', '583885b4-4f8e-58d1-a6c2-e8a482b4314f', '2026-05-30', 'student', 'S2-G9A-005', 'Grade 9', 'PRESENT', 'f4fe343b-dd17-57ab-97e6-a9c58a269c84', '2026-05-30 09:00:00') ON CONFLICT (id) DO NOTHING;
INSERT INTO attendance_records (id, school_id, date, type, person_id, grade, status, marked_by, created_at) VALUES ('50eac060-e2fe-560d-be4a-858b8e07c99d', '583885b4-4f8e-58d1-a6c2-e8a482b4314f', '2026-05-29', 'student', 'S2-G9A-005', 'Grade 9', 'PRESENT', 'f4fe343b-dd17-57ab-97e6-a9c58a269c84', '2026-05-29 09:00:00') ON CONFLICT (id) DO NOTHING;
INSERT INTO attendance_records (id, school_id, date, type, person_id, grade, status, marked_by, created_at) VALUES ('3e0c2c9b-939c-5470-b0f0-b12c24099a02', '583885b4-4f8e-58d1-a6c2-e8a482b4314f', '2026-05-28', 'student', 'S2-G9A-005', 'Grade 9', 'LATE', 'f4fe343b-dd17-57ab-97e6-a9c58a269c84', '2026-05-28 09:00:00') ON CONFLICT (id) DO NOTHING;
INSERT INTO attendance_records (id, school_id, date, type, person_id, grade, status, marked_by, created_at) VALUES ('aad8a24c-88b3-5f8a-96c6-99d8ede03ef4', '583885b4-4f8e-58d1-a6c2-e8a482b4314f', '2026-05-27', 'student', 'S2-G9A-005', 'Grade 9', 'PRESENT', 'f4fe343b-dd17-57ab-97e6-a9c58a269c84', '2026-05-27 09:00:00') ON CONFLICT (id) DO NOTHING;
INSERT INTO attendance_records (id, school_id, date, type, person_id, grade, status, marked_by, created_at) VALUES ('a3ebffe7-654e-58f8-acc2-30f352f9fd1e', '583885b4-4f8e-58d1-a6c2-e8a482b4314f', '2026-05-26', 'student', 'S2-G9A-005', 'Grade 9', 'PRESENT', 'f4fe343b-dd17-57ab-97e6-a9c58a269c84', '2026-05-26 09:00:00') ON CONFLICT (id) DO NOTHING;
INSERT INTO attendance_records (id, school_id, date, type, person_id, grade, status, marked_by, created_at) VALUES ('80f1976f-c7ee-552f-b385-df4b6cf08e59', '583885b4-4f8e-58d1-a6c2-e8a482b4314f', '2026-05-25', 'student', 'S2-G9A-005', 'Grade 9', 'PRESENT', 'f4fe343b-dd17-57ab-97e6-a9c58a269c84', '2026-05-25 09:00:00') ON CONFLICT (id) DO NOTHING;
INSERT INTO attendance_records (id, school_id, date, type, person_id, grade, status, marked_by, created_at) VALUES ('f9645a69-d42f-5698-b1ef-1e8e9e9c8f5b', '583885b4-4f8e-58d1-a6c2-e8a482b4314f', '2026-05-23', 'student', 'S2-G9A-005', 'Grade 9', 'PRESENT', 'f4fe343b-dd17-57ab-97e6-a9c58a269c84', '2026-05-23 09:00:00') ON CONFLICT (id) DO NOTHING;
INSERT INTO attendance_records (id, school_id, date, type, person_id, grade, status, marked_by, created_at) VALUES ('34c07e6e-a092-579d-89eb-b4a71788181d', '583885b4-4f8e-58d1-a6c2-e8a482b4314f', '2026-05-22', 'student', 'S2-G9A-005', 'Grade 9', 'PRESENT', 'f4fe343b-dd17-57ab-97e6-a9c58a269c84', '2026-05-22 09:00:00') ON CONFLICT (id) DO NOTHING;
INSERT INTO attendance_records (id, school_id, date, type, person_id, grade, status, marked_by, created_at) VALUES ('4e232c5e-e068-5102-9147-48a85c3f4279', '583885b4-4f8e-58d1-a6c2-e8a482b4314f', '2026-05-21', 'student', 'S2-G9A-005', 'Grade 9', 'PRESENT', 'f4fe343b-dd17-57ab-97e6-a9c58a269c84', '2026-05-21 09:00:00') ON CONFLICT (id) DO NOTHING;
INSERT INTO attendance_records (id, school_id, date, type, person_id, grade, status, marked_by, created_at) VALUES ('5fd5eba1-9761-5918-9eee-eddaa89391a1', '583885b4-4f8e-58d1-a6c2-e8a482b4314f', '2026-05-20', 'student', 'S2-G9A-005', 'Grade 9', 'PRESENT', 'f4fe343b-dd17-57ab-97e6-a9c58a269c84', '2026-05-20 09:00:00') ON CONFLICT (id) DO NOTHING;
INSERT INTO attendance_records (id, school_id, date, type, person_id, grade, status, marked_by, created_at) VALUES ('efb87b8c-d30c-5a4c-80be-4ecd02342bb4', '583885b4-4f8e-58d1-a6c2-e8a482b4314f', '2026-05-19', 'student', 'S2-G9A-005', 'Grade 9', 'PRESENT', 'f4fe343b-dd17-57ab-97e6-a9c58a269c84', '2026-05-19 09:00:00') ON CONFLICT (id) DO NOTHING;
INSERT INTO attendance_records (id, school_id, date, type, person_id, grade, status, marked_by, created_at) VALUES ('8f6b60fd-3992-564c-b05d-cf53d8c47186', '583885b4-4f8e-58d1-a6c2-e8a482b4314f', '2026-05-18', 'student', 'S2-G9A-005', 'Grade 9', 'PRESENT', 'f4fe343b-dd17-57ab-97e6-a9c58a269c84', '2026-05-18 09:00:00') ON CONFLICT (id) DO NOTHING;
INSERT INTO attendance_records (id, school_id, date, type, person_id, grade, status, marked_by, created_at) VALUES ('2fc45998-400e-51e9-a5de-f54da467e2a6', '583885b4-4f8e-58d1-a6c2-e8a482b4314f', '2026-05-16', 'student', 'S2-G9A-005', 'Grade 9', 'PRESENT', 'f4fe343b-dd17-57ab-97e6-a9c58a269c84', '2026-05-16 09:00:00') ON CONFLICT (id) DO NOTHING;
INSERT INTO attendance_records (id, school_id, date, type, person_id, grade, status, marked_by, created_at) VALUES ('280a83f6-b1a8-5012-8c13-6b6c857bf9c4', '583885b4-4f8e-58d1-a6c2-e8a482b4314f', '2026-05-15', 'student', 'S2-G9A-005', 'Grade 9', 'PRESENT', 'f4fe343b-dd17-57ab-97e6-a9c58a269c84', '2026-05-15 09:00:00') ON CONFLICT (id) DO NOTHING;
INSERT INTO attendance_records (id, school_id, date, type, person_id, grade, status, marked_by, created_at) VALUES ('37d6888b-3ddc-5686-846c-c6d66727752d', '583885b4-4f8e-58d1-a6c2-e8a482b4314f', '2026-05-14', 'student', 'S2-G9A-005', 'Grade 9', 'PRESENT', 'f4fe343b-dd17-57ab-97e6-a9c58a269c84', '2026-05-14 09:00:00') ON CONFLICT (id) DO NOTHING;
INSERT INTO attendance_records (id, school_id, date, type, person_id, grade, status, marked_by, created_at) VALUES ('c25165ed-dc0c-5397-b90a-4440c9aee9b3', '583885b4-4f8e-58d1-a6c2-e8a482b4314f', '2026-05-13', 'student', 'S2-G9A-005', 'Grade 9', 'PRESENT', 'f4fe343b-dd17-57ab-97e6-a9c58a269c84', '2026-05-13 09:00:00') ON CONFLICT (id) DO NOTHING;
INSERT INTO attendance_records (id, school_id, date, type, person_id, grade, status, marked_by, created_at) VALUES ('4941a77e-131c-5734-ba1c-6e50afb27672', '583885b4-4f8e-58d1-a6c2-e8a482b4314f', '2026-05-12', 'student', 'S2-G9A-005', 'Grade 9', 'PRESENT', 'f4fe343b-dd17-57ab-97e6-a9c58a269c84', '2026-05-12 09:00:00') ON CONFLICT (id) DO NOTHING;
INSERT INTO attendance_records (id, school_id, date, type, person_id, grade, status, marked_by, created_at) VALUES ('24263bdd-1459-508e-9523-3683f2aeddff', '583885b4-4f8e-58d1-a6c2-e8a482b4314f', '2026-05-11', 'student', 'S2-G9A-005', 'Grade 9', 'PRESENT', 'f4fe343b-dd17-57ab-97e6-a9c58a269c84', '2026-05-11 09:00:00') ON CONFLICT (id) DO NOTHING;
INSERT INTO attendance_records (id, school_id, date, type, person_id, grade, status, marked_by, created_at) VALUES ('8cd862b1-7c28-5721-8820-de1d5bf9726a', '583885b4-4f8e-58d1-a6c2-e8a482b4314f', '2026-05-09', 'student', 'S2-G9A-005', 'Grade 9', 'PRESENT', 'f4fe343b-dd17-57ab-97e6-a9c58a269c84', '2026-05-09 09:00:00') ON CONFLICT (id) DO NOTHING;
INSERT INTO attendance_records (id, school_id, date, type, person_id, grade, status, marked_by, created_at) VALUES ('bbe344f6-5e7a-5929-b63b-7d302cf4b25e', '583885b4-4f8e-58d1-a6c2-e8a482b4314f', '2026-06-06', 'student', 'S2-G9A-006', 'Grade 9', 'PRESENT', 'f4fe343b-dd17-57ab-97e6-a9c58a269c84', '2026-06-06 09:00:00') ON CONFLICT (id) DO NOTHING;
INSERT INTO attendance_records (id, school_id, date, type, person_id, grade, status, marked_by, created_at) VALUES ('19f70281-330f-511d-a57e-8091b69b28dd', '583885b4-4f8e-58d1-a6c2-e8a482b4314f', '2026-06-05', 'student', 'S2-G9A-006', 'Grade 9', 'PRESENT', 'f4fe343b-dd17-57ab-97e6-a9c58a269c84', '2026-06-05 09:00:00') ON CONFLICT (id) DO NOTHING;
INSERT INTO attendance_records (id, school_id, date, type, person_id, grade, status, marked_by, created_at) VALUES ('21f1d6b4-dfa6-500d-8e13-07f1a5f2a910', '583885b4-4f8e-58d1-a6c2-e8a482b4314f', '2026-06-04', 'student', 'S2-G9A-006', 'Grade 9', 'PRESENT', 'f4fe343b-dd17-57ab-97e6-a9c58a269c84', '2026-06-04 09:00:00') ON CONFLICT (id) DO NOTHING;
INSERT INTO attendance_records (id, school_id, date, type, person_id, grade, status, marked_by, created_at) VALUES ('21ae828e-c233-58ed-b10b-ce01a7ad44bb', '583885b4-4f8e-58d1-a6c2-e8a482b4314f', '2026-06-03', 'student', 'S2-G9A-006', 'Grade 9', 'PRESENT', 'f4fe343b-dd17-57ab-97e6-a9c58a269c84', '2026-06-03 09:00:00') ON CONFLICT (id) DO NOTHING;
INSERT INTO attendance_records (id, school_id, date, type, person_id, grade, status, marked_by, created_at) VALUES ('2732cb4a-40fe-5d94-894c-fce9092e45f5', '583885b4-4f8e-58d1-a6c2-e8a482b4314f', '2026-06-02', 'student', 'S2-G9A-006', 'Grade 9', 'PRESENT', 'f4fe343b-dd17-57ab-97e6-a9c58a269c84', '2026-06-02 09:00:00') ON CONFLICT (id) DO NOTHING;
INSERT INTO attendance_records (id, school_id, date, type, person_id, grade, status, marked_by, created_at) VALUES ('7966310c-99e7-534e-8ebe-b6e95a9341c2', '583885b4-4f8e-58d1-a6c2-e8a482b4314f', '2026-06-01', 'student', 'S2-G9A-006', 'Grade 9', 'PRESENT', 'f4fe343b-dd17-57ab-97e6-a9c58a269c84', '2026-06-01 09:00:00') ON CONFLICT (id) DO NOTHING;
INSERT INTO attendance_records (id, school_id, date, type, person_id, grade, status, marked_by, created_at) VALUES ('29d794d9-50b1-53d1-9df2-c835551e3bf0', '583885b4-4f8e-58d1-a6c2-e8a482b4314f', '2026-05-30', 'student', 'S2-G9A-006', 'Grade 9', 'PRESENT', 'f4fe343b-dd17-57ab-97e6-a9c58a269c84', '2026-05-30 09:00:00') ON CONFLICT (id) DO NOTHING;
INSERT INTO attendance_records (id, school_id, date, type, person_id, grade, status, marked_by, created_at) VALUES ('bb2206c2-5f44-5968-b1de-ad43760a1288', '583885b4-4f8e-58d1-a6c2-e8a482b4314f', '2026-05-29', 'student', 'S2-G9A-006', 'Grade 9', 'PRESENT', 'f4fe343b-dd17-57ab-97e6-a9c58a269c84', '2026-05-29 09:00:00') ON CONFLICT (id) DO NOTHING;
INSERT INTO attendance_records (id, school_id, date, type, person_id, grade, status, marked_by, created_at) VALUES ('7866fde9-c95d-5dca-ac26-047aac84d998', '583885b4-4f8e-58d1-a6c2-e8a482b4314f', '2026-05-28', 'student', 'S2-G9A-006', 'Grade 9', 'PRESENT', 'f4fe343b-dd17-57ab-97e6-a9c58a269c84', '2026-05-28 09:00:00') ON CONFLICT (id) DO NOTHING;
INSERT INTO attendance_records (id, school_id, date, type, person_id, grade, status, marked_by, created_at) VALUES ('2596b642-24de-51ba-a100-8e2e3593aa2b', '583885b4-4f8e-58d1-a6c2-e8a482b4314f', '2026-05-27', 'student', 'S2-G9A-006', 'Grade 9', 'PRESENT', 'f4fe343b-dd17-57ab-97e6-a9c58a269c84', '2026-05-27 09:00:00') ON CONFLICT (id) DO NOTHING;
INSERT INTO attendance_records (id, school_id, date, type, person_id, grade, status, marked_by, created_at) VALUES ('e986f07c-bc81-549f-9086-6745a438838f', '583885b4-4f8e-58d1-a6c2-e8a482b4314f', '2026-05-26', 'student', 'S2-G9A-006', 'Grade 9', 'PRESENT', 'f4fe343b-dd17-57ab-97e6-a9c58a269c84', '2026-05-26 09:00:00') ON CONFLICT (id) DO NOTHING;
INSERT INTO attendance_records (id, school_id, date, type, person_id, grade, status, marked_by, created_at) VALUES ('ee1ad327-e677-5bd4-8aff-c53b6d1c05a9', '583885b4-4f8e-58d1-a6c2-e8a482b4314f', '2026-05-25', 'student', 'S2-G9A-006', 'Grade 9', 'PRESENT', 'f4fe343b-dd17-57ab-97e6-a9c58a269c84', '2026-05-25 09:00:00') ON CONFLICT (id) DO NOTHING;
INSERT INTO attendance_records (id, school_id, date, type, person_id, grade, status, marked_by, created_at) VALUES ('3b4b2697-5011-5b50-9b94-aab7debd4ab8', '583885b4-4f8e-58d1-a6c2-e8a482b4314f', '2026-05-23', 'student', 'S2-G9A-006', 'Grade 9', 'PRESENT', 'f4fe343b-dd17-57ab-97e6-a9c58a269c84', '2026-05-23 09:00:00') ON CONFLICT (id) DO NOTHING;
INSERT INTO attendance_records (id, school_id, date, type, person_id, grade, status, marked_by, created_at) VALUES ('de80c24a-c1bd-5401-af96-4e1391998264', '583885b4-4f8e-58d1-a6c2-e8a482b4314f', '2026-05-22', 'student', 'S2-G9A-006', 'Grade 9', 'PRESENT', 'f4fe343b-dd17-57ab-97e6-a9c58a269c84', '2026-05-22 09:00:00') ON CONFLICT (id) DO NOTHING;
INSERT INTO attendance_records (id, school_id, date, type, person_id, grade, status, marked_by, created_at) VALUES ('82064ac7-c8eb-5968-a081-b3acfefe5815', '583885b4-4f8e-58d1-a6c2-e8a482b4314f', '2026-05-21', 'student', 'S2-G9A-006', 'Grade 9', 'PRESENT', 'f4fe343b-dd17-57ab-97e6-a9c58a269c84', '2026-05-21 09:00:00') ON CONFLICT (id) DO NOTHING;
INSERT INTO attendance_records (id, school_id, date, type, person_id, grade, status, marked_by, created_at) VALUES ('8710834a-f5aa-545f-a122-92c6afcda5eb', '583885b4-4f8e-58d1-a6c2-e8a482b4314f', '2026-05-20', 'student', 'S2-G9A-006', 'Grade 9', 'ABSENT', 'f4fe343b-dd17-57ab-97e6-a9c58a269c84', '2026-05-20 09:00:00') ON CONFLICT (id) DO NOTHING;
INSERT INTO attendance_records (id, school_id, date, type, person_id, grade, status, marked_by, created_at) VALUES ('420bb8a9-d6ef-5b12-8f6e-da491e80dccc', '583885b4-4f8e-58d1-a6c2-e8a482b4314f', '2026-05-19', 'student', 'S2-G9A-006', 'Grade 9', 'PRESENT', 'f4fe343b-dd17-57ab-97e6-a9c58a269c84', '2026-05-19 09:00:00') ON CONFLICT (id) DO NOTHING;
INSERT INTO attendance_records (id, school_id, date, type, person_id, grade, status, marked_by, created_at) VALUES ('7f5fb1ee-6df4-5571-86a2-a882a1b1f66f', '583885b4-4f8e-58d1-a6c2-e8a482b4314f', '2026-05-18', 'student', 'S2-G9A-006', 'Grade 9', 'PRESENT', 'f4fe343b-dd17-57ab-97e6-a9c58a269c84', '2026-05-18 09:00:00') ON CONFLICT (id) DO NOTHING;
INSERT INTO attendance_records (id, school_id, date, type, person_id, grade, status, marked_by, created_at) VALUES ('c57ff8fe-bf0e-5821-9c57-ae1b9bf83c60', '583885b4-4f8e-58d1-a6c2-e8a482b4314f', '2026-05-16', 'student', 'S2-G9A-006', 'Grade 9', 'PRESENT', 'f4fe343b-dd17-57ab-97e6-a9c58a269c84', '2026-05-16 09:00:00') ON CONFLICT (id) DO NOTHING;
INSERT INTO attendance_records (id, school_id, date, type, person_id, grade, status, marked_by, created_at) VALUES ('eb6d5c04-d8b2-52b1-bd6f-755adb150cef', '583885b4-4f8e-58d1-a6c2-e8a482b4314f', '2026-05-15', 'student', 'S2-G9A-006', 'Grade 9', 'PRESENT', 'f4fe343b-dd17-57ab-97e6-a9c58a269c84', '2026-05-15 09:00:00') ON CONFLICT (id) DO NOTHING;
INSERT INTO attendance_records (id, school_id, date, type, person_id, grade, status, marked_by, created_at) VALUES ('add8f631-6abd-59fe-8720-70cbba29a3f2', '583885b4-4f8e-58d1-a6c2-e8a482b4314f', '2026-05-14', 'student', 'S2-G9A-006', 'Grade 9', 'ABSENT', 'f4fe343b-dd17-57ab-97e6-a9c58a269c84', '2026-05-14 09:00:00') ON CONFLICT (id) DO NOTHING;
INSERT INTO attendance_records (id, school_id, date, type, person_id, grade, status, marked_by, created_at) VALUES ('e987f45e-2460-5813-be93-ad1e8232f592', '583885b4-4f8e-58d1-a6c2-e8a482b4314f', '2026-05-13', 'student', 'S2-G9A-006', 'Grade 9', 'PRESENT', 'f4fe343b-dd17-57ab-97e6-a9c58a269c84', '2026-05-13 09:00:00') ON CONFLICT (id) DO NOTHING;
INSERT INTO attendance_records (id, school_id, date, type, person_id, grade, status, marked_by, created_at) VALUES ('bf293419-4b1f-56ae-b78a-48ff0fa6a77a', '583885b4-4f8e-58d1-a6c2-e8a482b4314f', '2026-05-12', 'student', 'S2-G9A-006', 'Grade 9', 'PRESENT', 'f4fe343b-dd17-57ab-97e6-a9c58a269c84', '2026-05-12 09:00:00') ON CONFLICT (id) DO NOTHING;
INSERT INTO attendance_records (id, school_id, date, type, person_id, grade, status, marked_by, created_at) VALUES ('be52a4be-1e91-5878-973d-e4aa442ba5e9', '583885b4-4f8e-58d1-a6c2-e8a482b4314f', '2026-05-11', 'student', 'S2-G9A-006', 'Grade 9', 'PRESENT', 'f4fe343b-dd17-57ab-97e6-a9c58a269c84', '2026-05-11 09:00:00') ON CONFLICT (id) DO NOTHING;
INSERT INTO attendance_records (id, school_id, date, type, person_id, grade, status, marked_by, created_at) VALUES ('eab8aef9-654f-5b8d-89d8-5916e6956bde', '583885b4-4f8e-58d1-a6c2-e8a482b4314f', '2026-05-09', 'student', 'S2-G9A-006', 'Grade 9', 'PRESENT', 'f4fe343b-dd17-57ab-97e6-a9c58a269c84', '2026-05-09 09:00:00') ON CONFLICT (id) DO NOTHING;
INSERT INTO attendance_records (id, school_id, date, type, person_id, grade, status, marked_by, created_at) VALUES ('a482b73c-d6a5-53ed-8df8-22cfa52286e8', '583885b4-4f8e-58d1-a6c2-e8a482b4314f', '2026-06-06', 'student', 'S2-G9A-007', 'Grade 9', 'PRESENT', 'f4fe343b-dd17-57ab-97e6-a9c58a269c84', '2026-06-06 09:00:00') ON CONFLICT (id) DO NOTHING;
INSERT INTO attendance_records (id, school_id, date, type, person_id, grade, status, marked_by, created_at) VALUES ('67b00a6a-cf9d-583d-a4ab-eb8d4b033192', '583885b4-4f8e-58d1-a6c2-e8a482b4314f', '2026-06-05', 'student', 'S2-G9A-007', 'Grade 9', 'PRESENT', 'f4fe343b-dd17-57ab-97e6-a9c58a269c84', '2026-06-05 09:00:00') ON CONFLICT (id) DO NOTHING;
INSERT INTO attendance_records (id, school_id, date, type, person_id, grade, status, marked_by, created_at) VALUES ('7f4df23b-e79a-500c-90a4-f8740b74e449', '583885b4-4f8e-58d1-a6c2-e8a482b4314f', '2026-06-04', 'student', 'S2-G9A-007', 'Grade 9', 'LATE', 'f4fe343b-dd17-57ab-97e6-a9c58a269c84', '2026-06-04 09:00:00') ON CONFLICT (id) DO NOTHING;
INSERT INTO attendance_records (id, school_id, date, type, person_id, grade, status, marked_by, created_at) VALUES ('ecccd47b-78c8-5ce3-b862-8ab22ab59278', '583885b4-4f8e-58d1-a6c2-e8a482b4314f', '2026-06-03', 'student', 'S2-G9A-007', 'Grade 9', 'LATE', 'f4fe343b-dd17-57ab-97e6-a9c58a269c84', '2026-06-03 09:00:00') ON CONFLICT (id) DO NOTHING;
INSERT INTO attendance_records (id, school_id, date, type, person_id, grade, status, marked_by, created_at) VALUES ('bd32dd0e-c300-58ab-b76e-5f678b50943f', '583885b4-4f8e-58d1-a6c2-e8a482b4314f', '2026-06-02', 'student', 'S2-G9A-007', 'Grade 9', 'PRESENT', 'f4fe343b-dd17-57ab-97e6-a9c58a269c84', '2026-06-02 09:00:00') ON CONFLICT (id) DO NOTHING;
INSERT INTO attendance_records (id, school_id, date, type, person_id, grade, status, marked_by, created_at) VALUES ('33b38c7f-c4aa-58fc-ab70-7b38ae6b3c01', '583885b4-4f8e-58d1-a6c2-e8a482b4314f', '2026-06-01', 'student', 'S2-G9A-007', 'Grade 9', 'PRESENT', 'f4fe343b-dd17-57ab-97e6-a9c58a269c84', '2026-06-01 09:00:00') ON CONFLICT (id) DO NOTHING;
INSERT INTO attendance_records (id, school_id, date, type, person_id, grade, status, marked_by, created_at) VALUES ('2527b925-e4ab-5b8c-ac46-b1123a3084c1', '583885b4-4f8e-58d1-a6c2-e8a482b4314f', '2026-05-30', 'student', 'S2-G9A-007', 'Grade 9', 'PRESENT', 'f4fe343b-dd17-57ab-97e6-a9c58a269c84', '2026-05-30 09:00:00') ON CONFLICT (id) DO NOTHING;
INSERT INTO attendance_records (id, school_id, date, type, person_id, grade, status, marked_by, created_at) VALUES ('74afb0af-95da-56d9-9dfc-8f75f4f5f5fc', '583885b4-4f8e-58d1-a6c2-e8a482b4314f', '2026-05-29', 'student', 'S2-G9A-007', 'Grade 9', 'PRESENT', 'f4fe343b-dd17-57ab-97e6-a9c58a269c84', '2026-05-29 09:00:00') ON CONFLICT (id) DO NOTHING;
INSERT INTO attendance_records (id, school_id, date, type, person_id, grade, status, marked_by, created_at) VALUES ('23787507-fa63-5eaf-a82b-b030bae16dff', '583885b4-4f8e-58d1-a6c2-e8a482b4314f', '2026-05-28', 'student', 'S2-G9A-007', 'Grade 9', 'PRESENT', 'f4fe343b-dd17-57ab-97e6-a9c58a269c84', '2026-05-28 09:00:00') ON CONFLICT (id) DO NOTHING;
INSERT INTO attendance_records (id, school_id, date, type, person_id, grade, status, marked_by, created_at) VALUES ('e993f65d-62a9-5299-9daa-7a19fd2f2975', '583885b4-4f8e-58d1-a6c2-e8a482b4314f', '2026-05-27', 'student', 'S2-G9A-007', 'Grade 9', 'PRESENT', 'f4fe343b-dd17-57ab-97e6-a9c58a269c84', '2026-05-27 09:00:00') ON CONFLICT (id) DO NOTHING;
INSERT INTO attendance_records (id, school_id, date, type, person_id, grade, status, marked_by, created_at) VALUES ('c9c44541-2ca7-57bf-b281-07923b3c2e90', '583885b4-4f8e-58d1-a6c2-e8a482b4314f', '2026-05-26', 'student', 'S2-G9A-007', 'Grade 9', 'PRESENT', 'f4fe343b-dd17-57ab-97e6-a9c58a269c84', '2026-05-26 09:00:00') ON CONFLICT (id) DO NOTHING;
INSERT INTO attendance_records (id, school_id, date, type, person_id, grade, status, marked_by, created_at) VALUES ('f5256122-bf67-5338-8737-91eaa075d536', '583885b4-4f8e-58d1-a6c2-e8a482b4314f', '2026-05-25', 'student', 'S2-G9A-007', 'Grade 9', 'ABSENT', 'f4fe343b-dd17-57ab-97e6-a9c58a269c84', '2026-05-25 09:00:00') ON CONFLICT (id) DO NOTHING;
INSERT INTO attendance_records (id, school_id, date, type, person_id, grade, status, marked_by, created_at) VALUES ('e91f5491-a788-5fbe-931c-25cddb17ee8e', '583885b4-4f8e-58d1-a6c2-e8a482b4314f', '2026-05-23', 'student', 'S2-G9A-007', 'Grade 9', 'PRESENT', 'f4fe343b-dd17-57ab-97e6-a9c58a269c84', '2026-05-23 09:00:00') ON CONFLICT (id) DO NOTHING;
INSERT INTO attendance_records (id, school_id, date, type, person_id, grade, status, marked_by, created_at) VALUES ('7d4c782a-7b14-5663-95a1-1da06a048dbf', '583885b4-4f8e-58d1-a6c2-e8a482b4314f', '2026-05-22', 'student', 'S2-G9A-007', 'Grade 9', 'PRESENT', 'f4fe343b-dd17-57ab-97e6-a9c58a269c84', '2026-05-22 09:00:00') ON CONFLICT (id) DO NOTHING;
INSERT INTO attendance_records (id, school_id, date, type, person_id, grade, status, marked_by, created_at) VALUES ('7cb90fda-ff73-557b-9a19-36766e9bde67', '583885b4-4f8e-58d1-a6c2-e8a482b4314f', '2026-05-21', 'student', 'S2-G9A-007', 'Grade 9', 'PRESENT', 'f4fe343b-dd17-57ab-97e6-a9c58a269c84', '2026-05-21 09:00:00') ON CONFLICT (id) DO NOTHING;
INSERT INTO attendance_records (id, school_id, date, type, person_id, grade, status, marked_by, created_at) VALUES ('2e528dc8-dbba-51f6-9fa3-0ef3d89a2dec', '583885b4-4f8e-58d1-a6c2-e8a482b4314f', '2026-05-20', 'student', 'S2-G9A-007', 'Grade 9', 'LATE', 'f4fe343b-dd17-57ab-97e6-a9c58a269c84', '2026-05-20 09:00:00') ON CONFLICT (id) DO NOTHING;
INSERT INTO attendance_records (id, school_id, date, type, person_id, grade, status, marked_by, created_at) VALUES ('15dfe9b3-686a-53a6-9eb9-819810382d05', '583885b4-4f8e-58d1-a6c2-e8a482b4314f', '2026-05-19', 'student', 'S2-G9A-007', 'Grade 9', 'PRESENT', 'f4fe343b-dd17-57ab-97e6-a9c58a269c84', '2026-05-19 09:00:00') ON CONFLICT (id) DO NOTHING;
INSERT INTO attendance_records (id, school_id, date, type, person_id, grade, status, marked_by, created_at) VALUES ('6e5d4e93-64f3-514a-8d42-1ed1e36f5ffe', '583885b4-4f8e-58d1-a6c2-e8a482b4314f', '2026-05-18', 'student', 'S2-G9A-007', 'Grade 9', 'PRESENT', 'f4fe343b-dd17-57ab-97e6-a9c58a269c84', '2026-05-18 09:00:00') ON CONFLICT (id) DO NOTHING;
INSERT INTO attendance_records (id, school_id, date, type, person_id, grade, status, marked_by, created_at) VALUES ('dba4e14c-df9d-567e-b94e-b55746fea043', '583885b4-4f8e-58d1-a6c2-e8a482b4314f', '2026-05-16', 'student', 'S2-G9A-007', 'Grade 9', 'PRESENT', 'f4fe343b-dd17-57ab-97e6-a9c58a269c84', '2026-05-16 09:00:00') ON CONFLICT (id) DO NOTHING;
INSERT INTO attendance_records (id, school_id, date, type, person_id, grade, status, marked_by, created_at) VALUES ('811b4117-082b-5d84-8a70-5df6e20fa644', '583885b4-4f8e-58d1-a6c2-e8a482b4314f', '2026-05-15', 'student', 'S2-G9A-007', 'Grade 9', 'PRESENT', 'f4fe343b-dd17-57ab-97e6-a9c58a269c84', '2026-05-15 09:00:00') ON CONFLICT (id) DO NOTHING;
INSERT INTO attendance_records (id, school_id, date, type, person_id, grade, status, marked_by, created_at) VALUES ('46bcf3ad-9463-5e05-9d3b-ba029fbb620c', '583885b4-4f8e-58d1-a6c2-e8a482b4314f', '2026-05-14', 'student', 'S2-G9A-007', 'Grade 9', 'PRESENT', 'f4fe343b-dd17-57ab-97e6-a9c58a269c84', '2026-05-14 09:00:00') ON CONFLICT (id) DO NOTHING;
INSERT INTO attendance_records (id, school_id, date, type, person_id, grade, status, marked_by, created_at) VALUES ('afa2e35e-064b-5332-a8eb-bdef917e97b1', '583885b4-4f8e-58d1-a6c2-e8a482b4314f', '2026-05-13', 'student', 'S2-G9A-007', 'Grade 9', 'PRESENT', 'f4fe343b-dd17-57ab-97e6-a9c58a269c84', '2026-05-13 09:00:00') ON CONFLICT (id) DO NOTHING;
INSERT INTO attendance_records (id, school_id, date, type, person_id, grade, status, marked_by, created_at) VALUES ('931799e0-7208-5e8f-8ef3-ff2ae3875219', '583885b4-4f8e-58d1-a6c2-e8a482b4314f', '2026-05-12', 'student', 'S2-G9A-007', 'Grade 9', 'PRESENT', 'f4fe343b-dd17-57ab-97e6-a9c58a269c84', '2026-05-12 09:00:00') ON CONFLICT (id) DO NOTHING;
INSERT INTO attendance_records (id, school_id, date, type, person_id, grade, status, marked_by, created_at) VALUES ('ba2781c0-d0db-57b2-b8af-25d16afa4899', '583885b4-4f8e-58d1-a6c2-e8a482b4314f', '2026-05-11', 'student', 'S2-G9A-007', 'Grade 9', 'PRESENT', 'f4fe343b-dd17-57ab-97e6-a9c58a269c84', '2026-05-11 09:00:00') ON CONFLICT (id) DO NOTHING;
INSERT INTO attendance_records (id, school_id, date, type, person_id, grade, status, marked_by, created_at) VALUES ('e406c285-5ae5-5b19-9c74-b8dbd3a8b8a6', '583885b4-4f8e-58d1-a6c2-e8a482b4314f', '2026-05-09', 'student', 'S2-G9A-007', 'Grade 9', 'PRESENT', 'f4fe343b-dd17-57ab-97e6-a9c58a269c84', '2026-05-09 09:00:00') ON CONFLICT (id) DO NOTHING;

-- -----------------------------------------------------------------------------
-- 13. Assessments + per-student marks (one Unit Test I per assignment)
-- -----------------------------------------------------------------------------
INSERT INTO assessments (id, school_id, teacher_id, class_name, section, subject, name, max_marks, exam_date, is_active, created_at, updated_at) VALUES ('908ce402-c557-52fc-a091-0e453e2868f1', '08bdd3c7-7dfb-536d-9f13-2b6e38de31e4', 'c1988c4f-2fa2-55c0-8e81-0c40098eef9b', 'Grade 3', 'A', 'English', 'Unit Test I', 100, '2026-05-28', TRUE, '2026-06-07 09:00:00', '2026-06-07 09:00:00') ON CONFLICT (id) DO NOTHING;
INSERT INTO assessment_marks (id, assessment_id, student_id, student_name, marks, entered_by, created_at, updated_at) VALUES ('3eea5645-e532-5c60-918b-7299d88e94ff', '908ce402-c557-52fc-a091-0e453e2868f1', 'S1-G3A-001', 'Aarav Singh', 86.0, 'c1988c4f-2fa2-55c0-8e81-0c40098eef9b', '2026-06-07 09:00:00', '2026-06-07 09:00:00') ON CONFLICT (id) DO NOTHING;
INSERT INTO assessment_marks (id, assessment_id, student_id, student_name, marks, entered_by, created_at, updated_at) VALUES ('a396e40e-5dd8-5afe-9496-591a67c9a996', '908ce402-c557-52fc-a091-0e453e2868f1', 'S1-G3A-002', 'Bhavya Tiwari', 82.0, 'c1988c4f-2fa2-55c0-8e81-0c40098eef9b', '2026-06-07 09:00:00', '2026-06-07 09:00:00') ON CONFLICT (id) DO NOTHING;
INSERT INTO assessment_marks (id, assessment_id, student_id, student_name, marks, entered_by, created_at, updated_at) VALUES ('8d534e4c-7c39-5536-9c74-c5f58dcce553', '908ce402-c557-52fc-a091-0e453e2868f1', 'S1-G3A-003', 'Chirag Yadav', 81.0, 'c1988c4f-2fa2-55c0-8e81-0c40098eef9b', '2026-06-07 09:00:00', '2026-06-07 09:00:00') ON CONFLICT (id) DO NOTHING;
INSERT INTO assessments (id, school_id, teacher_id, class_name, section, subject, name, max_marks, exam_date, is_active, created_at, updated_at) VALUES ('54122d6c-3883-56bd-843e-8179ace46c08', '08bdd3c7-7dfb-536d-9f13-2b6e38de31e4', 'c1988c4f-2fa2-55c0-8e81-0c40098eef9b', 'Grade 3', 'A', 'EVS', 'Unit Test I', 100, '2026-05-28', TRUE, '2026-06-07 09:00:00', '2026-06-07 09:00:00') ON CONFLICT (id) DO NOTHING;
INSERT INTO assessment_marks (id, assessment_id, student_id, student_name, marks, entered_by, created_at, updated_at) VALUES ('1ba0558b-0668-50de-b804-4c83935b26bb', '54122d6c-3883-56bd-843e-8179ace46c08', 'S1-G3A-001', 'Aarav Singh', 91.0, 'c1988c4f-2fa2-55c0-8e81-0c40098eef9b', '2026-06-07 09:00:00', '2026-06-07 09:00:00') ON CONFLICT (id) DO NOTHING;
INSERT INTO assessment_marks (id, assessment_id, student_id, student_name, marks, entered_by, created_at, updated_at) VALUES ('4ce556a1-8eba-5dd4-8aaa-14fef1d3c02b', '54122d6c-3883-56bd-843e-8179ace46c08', 'S1-G3A-002', 'Bhavya Tiwari', 95.0, 'c1988c4f-2fa2-55c0-8e81-0c40098eef9b', '2026-06-07 09:00:00', '2026-06-07 09:00:00') ON CONFLICT (id) DO NOTHING;
INSERT INTO assessment_marks (id, assessment_id, student_id, student_name, marks, entered_by, created_at, updated_at) VALUES ('13603db6-6f15-5ecb-bdb6-f8cf641a1053', '54122d6c-3883-56bd-843e-8179ace46c08', 'S1-G3A-003', 'Chirag Yadav', 69.0, 'c1988c4f-2fa2-55c0-8e81-0c40098eef9b', '2026-06-07 09:00:00', '2026-06-07 09:00:00') ON CONFLICT (id) DO NOTHING;
INSERT INTO assessments (id, school_id, teacher_id, class_name, section, subject, name, max_marks, exam_date, is_active, created_at, updated_at) VALUES ('37b225b9-bb1f-517d-9d7f-7385af7a2e3d', '08bdd3c7-7dfb-536d-9f13-2b6e38de31e4', '9e2fe031-f4a9-5d27-a8b6-eb767ab70c7a', 'Grade 5', 'A', 'Mathematics', 'Unit Test I', 100, '2026-05-28', TRUE, '2026-06-07 09:00:00', '2026-06-07 09:00:00') ON CONFLICT (id) DO NOTHING;
INSERT INTO assessment_marks (id, assessment_id, student_id, student_name, marks, entered_by, created_at, updated_at) VALUES ('c21fdd2d-9205-51dc-8b4a-7cd0084e7d0e', '37b225b9-bb1f-517d-9d7f-7385af7a2e3d', 'S1-G5A-001', 'Ishan Kapoor', 90.0, '9e2fe031-f4a9-5d27-a8b6-eb767ab70c7a', '2026-06-07 09:00:00', '2026-06-07 09:00:00') ON CONFLICT (id) DO NOTHING;
INSERT INTO assessment_marks (id, assessment_id, student_id, student_name, marks, entered_by, created_at, updated_at) VALUES ('c59b8bb4-6420-550d-916b-b2108964d1d3', '37b225b9-bb1f-517d-9d7f-7385af7a2e3d', 'S1-G5A-002', 'Jiya Saxena', 72.0, '9e2fe031-f4a9-5d27-a8b6-eb767ab70c7a', '2026-06-07 09:00:00', '2026-06-07 09:00:00') ON CONFLICT (id) DO NOTHING;
INSERT INTO assessment_marks (id, assessment_id, student_id, student_name, marks, entered_by, created_at, updated_at) VALUES ('f90f9f52-399d-5de0-a7e2-ea371937bd34', '37b225b9-bb1f-517d-9d7f-7385af7a2e3d', 'S1-G5A-003', 'Karan Trivedi', 71.0, '9e2fe031-f4a9-5d27-a8b6-eb767ab70c7a', '2026-06-07 09:00:00', '2026-06-07 09:00:00') ON CONFLICT (id) DO NOTHING;
INSERT INTO assessment_marks (id, assessment_id, student_id, student_name, marks, entered_by, created_at, updated_at) VALUES ('c534c308-7283-5f48-ba68-8e4f13e8e246', '37b225b9-bb1f-517d-9d7f-7385af7a2e3d', 'S1-G5A-004', 'Lavanya Pandey', 75.0, '9e2fe031-f4a9-5d27-a8b6-eb767ab70c7a', '2026-06-07 09:00:00', '2026-06-07 09:00:00') ON CONFLICT (id) DO NOTHING;
INSERT INTO assessments (id, school_id, teacher_id, class_name, section, subject, name, max_marks, exam_date, is_active, created_at, updated_at) VALUES ('cc573609-be0f-5d6e-bda2-8e7eccb0a4f1', '08bdd3c7-7dfb-536d-9f13-2b6e38de31e4', '9e2fe031-f4a9-5d27-a8b6-eb767ab70c7a', 'Grade 5', 'A', 'Science', 'Unit Test I', 100, '2026-05-28', TRUE, '2026-06-07 09:00:00', '2026-06-07 09:00:00') ON CONFLICT (id) DO NOTHING;
INSERT INTO assessment_marks (id, assessment_id, student_id, student_name, marks, entered_by, created_at, updated_at) VALUES ('37d71fdd-4255-5c02-80df-baaea52a2378', 'cc573609-be0f-5d6e-bda2-8e7eccb0a4f1', 'S1-G5A-001', 'Ishan Kapoor', 87.0, '9e2fe031-f4a9-5d27-a8b6-eb767ab70c7a', '2026-06-07 09:00:00', '2026-06-07 09:00:00') ON CONFLICT (id) DO NOTHING;
INSERT INTO assessment_marks (id, assessment_id, student_id, student_name, marks, entered_by, created_at, updated_at) VALUES ('d6a926ac-3c63-50a9-ad79-6dd958266b93', 'cc573609-be0f-5d6e-bda2-8e7eccb0a4f1', 'S1-G5A-002', 'Jiya Saxena', 57.0, '9e2fe031-f4a9-5d27-a8b6-eb767ab70c7a', '2026-06-07 09:00:00', '2026-06-07 09:00:00') ON CONFLICT (id) DO NOTHING;
INSERT INTO assessment_marks (id, assessment_id, student_id, student_name, marks, entered_by, created_at, updated_at) VALUES ('e636d756-3e94-5aba-a0ea-163a972e7f5d', 'cc573609-be0f-5d6e-bda2-8e7eccb0a4f1', 'S1-G5A-003', 'Karan Trivedi', 90.0, '9e2fe031-f4a9-5d27-a8b6-eb767ab70c7a', '2026-06-07 09:00:00', '2026-06-07 09:00:00') ON CONFLICT (id) DO NOTHING;
INSERT INTO assessment_marks (id, assessment_id, student_id, student_name, marks, entered_by, created_at, updated_at) VALUES ('1ae4c7d7-0a95-5a40-abf7-c2910e21a42b', 'cc573609-be0f-5d6e-bda2-8e7eccb0a4f1', 'S1-G5A-004', 'Lavanya Pandey', 58.0, '9e2fe031-f4a9-5d27-a8b6-eb767ab70c7a', '2026-06-07 09:00:00', '2026-06-07 09:00:00') ON CONFLICT (id) DO NOTHING;
INSERT INTO assessments (id, school_id, teacher_id, class_name, section, subject, name, max_marks, exam_date, is_active, created_at, updated_at) VALUES ('524973d9-20a2-526c-9d7d-fd1d81d029ea', '08bdd3c7-7dfb-536d-9f13-2b6e38de31e4', 'fc3f5b19-7024-5c5e-9f48-c1a1d3cee1f4', 'Grade 8', 'A', 'English', 'Unit Test I', 100, '2026-05-28', TRUE, '2026-06-07 09:00:00', '2026-06-07 09:00:00') ON CONFLICT (id) DO NOTHING;
INSERT INTO assessment_marks (id, assessment_id, student_id, student_name, marks, entered_by, created_at, updated_at) VALUES ('38e7ebe8-b116-5f31-9b7e-29076518c4e9', '524973d9-20a2-526c-9d7d-fd1d81d029ea', 'S1-G8A-001', 'Manav Joshi', 72.0, 'fc3f5b19-7024-5c5e-9f48-c1a1d3cee1f4', '2026-06-07 09:00:00', '2026-06-07 09:00:00') ON CONFLICT (id) DO NOTHING;
INSERT INTO assessment_marks (id, assessment_id, student_id, student_name, marks, entered_by, created_at, updated_at) VALUES ('91ae44e8-8a5c-527f-b7d4-640a7a2feab3', '524973d9-20a2-526c-9d7d-fd1d81d029ea', 'S1-G8A-002', 'Nisha Bansal', 68.0, 'fc3f5b19-7024-5c5e-9f48-c1a1d3cee1f4', '2026-06-07 09:00:00', '2026-06-07 09:00:00') ON CONFLICT (id) DO NOTHING;
INSERT INTO assessment_marks (id, assessment_id, student_id, student_name, marks, entered_by, created_at, updated_at) VALUES ('aed5671a-7529-5115-91d9-4bbb23b6e8a0', '524973d9-20a2-526c-9d7d-fd1d81d029ea', 'S1-G8A-003', 'Om Prakash', 86.0, 'fc3f5b19-7024-5c5e-9f48-c1a1d3cee1f4', '2026-06-07 09:00:00', '2026-06-07 09:00:00') ON CONFLICT (id) DO NOTHING;
INSERT INTO assessment_marks (id, assessment_id, student_id, student_name, marks, entered_by, created_at, updated_at) VALUES ('73a03ef1-3f4b-513f-842b-68f4e1b30dbe', '524973d9-20a2-526c-9d7d-fd1d81d029ea', 'S1-G8A-004', 'Pari Agarwal', 58.0, 'fc3f5b19-7024-5c5e-9f48-c1a1d3cee1f4', '2026-06-07 09:00:00', '2026-06-07 09:00:00') ON CONFLICT (id) DO NOTHING;
INSERT INTO assessments (id, school_id, teacher_id, class_name, section, subject, name, max_marks, exam_date, is_active, created_at, updated_at) VALUES ('884a6dd0-b550-5cdc-9565-d534552aedec', '08bdd3c7-7dfb-536d-9f13-2b6e38de31e4', 'fc3f5b19-7024-5c5e-9f48-c1a1d3cee1f4', 'Grade 8', 'A', 'Social Studies', 'Unit Test I', 100, '2026-05-28', TRUE, '2026-06-07 09:00:00', '2026-06-07 09:00:00') ON CONFLICT (id) DO NOTHING;
INSERT INTO assessment_marks (id, assessment_id, student_id, student_name, marks, entered_by, created_at, updated_at) VALUES ('5c0e312f-f749-5d7b-9486-a0651bd7134a', '884a6dd0-b550-5cdc-9565-d534552aedec', 'S1-G8A-001', 'Manav Joshi', 74.0, 'fc3f5b19-7024-5c5e-9f48-c1a1d3cee1f4', '2026-06-07 09:00:00', '2026-06-07 09:00:00') ON CONFLICT (id) DO NOTHING;
INSERT INTO assessment_marks (id, assessment_id, student_id, student_name, marks, entered_by, created_at, updated_at) VALUES ('a68d0026-7de0-5bb1-b180-19f5c51ad6af', '884a6dd0-b550-5cdc-9565-d534552aedec', 'S1-G8A-002', 'Nisha Bansal', 71.0, 'fc3f5b19-7024-5c5e-9f48-c1a1d3cee1f4', '2026-06-07 09:00:00', '2026-06-07 09:00:00') ON CONFLICT (id) DO NOTHING;
INSERT INTO assessment_marks (id, assessment_id, student_id, student_name, marks, entered_by, created_at, updated_at) VALUES ('e7bfa9a0-2841-5529-ba40-b0691ecb9347', '884a6dd0-b550-5cdc-9565-d534552aedec', 'S1-G8A-003', 'Om Prakash', 78.0, 'fc3f5b19-7024-5c5e-9f48-c1a1d3cee1f4', '2026-06-07 09:00:00', '2026-06-07 09:00:00') ON CONFLICT (id) DO NOTHING;
INSERT INTO assessment_marks (id, assessment_id, student_id, student_name, marks, entered_by, created_at, updated_at) VALUES ('b20310c2-07b5-59ad-a7d7-f0cffe060f2a', '884a6dd0-b550-5cdc-9565-d534552aedec', 'S1-G8A-004', 'Pari Agarwal', 76.0, 'fc3f5b19-7024-5c5e-9f48-c1a1d3cee1f4', '2026-06-07 09:00:00', '2026-06-07 09:00:00') ON CONFLICT (id) DO NOTHING;
INSERT INTO assessments (id, school_id, teacher_id, class_name, section, subject, name, max_marks, exam_date, is_active, created_at, updated_at) VALUES ('59584646-0ad9-5191-a4c2-59e26c5139e3', '08bdd3c7-7dfb-536d-9f13-2b6e38de31e4', 'f7154a63-a6db-54d0-8b31-900e02b66b88', 'Grade 8', 'A', 'Mathematics', 'Unit Test I', 100, '2026-05-28', TRUE, '2026-06-07 09:00:00', '2026-06-07 09:00:00') ON CONFLICT (id) DO NOTHING;
INSERT INTO assessment_marks (id, assessment_id, student_id, student_name, marks, entered_by, created_at, updated_at) VALUES ('72e37091-55ef-5acd-bab5-12c6a36336b1', '59584646-0ad9-5191-a4c2-59e26c5139e3', 'S1-G8A-001', 'Manav Joshi', 95.0, 'f7154a63-a6db-54d0-8b31-900e02b66b88', '2026-06-07 09:00:00', '2026-06-07 09:00:00') ON CONFLICT (id) DO NOTHING;
INSERT INTO assessment_marks (id, assessment_id, student_id, student_name, marks, entered_by, created_at, updated_at) VALUES ('bc8cf62b-016e-58c8-b725-0b73a95e6395', '59584646-0ad9-5191-a4c2-59e26c5139e3', 'S1-G8A-002', 'Nisha Bansal', 79.0, 'f7154a63-a6db-54d0-8b31-900e02b66b88', '2026-06-07 09:00:00', '2026-06-07 09:00:00') ON CONFLICT (id) DO NOTHING;
INSERT INTO assessment_marks (id, assessment_id, student_id, student_name, marks, entered_by, created_at, updated_at) VALUES ('753e48af-c07c-5bf1-8518-221856142247', '59584646-0ad9-5191-a4c2-59e26c5139e3', 'S1-G8A-003', 'Om Prakash', 91.0, 'f7154a63-a6db-54d0-8b31-900e02b66b88', '2026-06-07 09:00:00', '2026-06-07 09:00:00') ON CONFLICT (id) DO NOTHING;
INSERT INTO assessment_marks (id, assessment_id, student_id, student_name, marks, entered_by, created_at, updated_at) VALUES ('c12963f0-9fea-5ed2-9e48-181d04e0207d', '59584646-0ad9-5191-a4c2-59e26c5139e3', 'S1-G8A-004', 'Pari Agarwal', 78.0, 'f7154a63-a6db-54d0-8b31-900e02b66b88', '2026-06-07 09:00:00', '2026-06-07 09:00:00') ON CONFLICT (id) DO NOTHING;
INSERT INTO assessments (id, school_id, teacher_id, class_name, section, subject, name, max_marks, exam_date, is_active, created_at, updated_at) VALUES ('d321e7a8-b822-502b-a57b-d1b97e1aa72e', '583885b4-4f8e-58d1-a6c2-e8a482b4314f', '2437bc68-52b4-5399-b2b9-f9ec3a1d6837', 'Grade 4', 'A', 'English', 'Unit Test I', 100, '2026-05-28', TRUE, '2026-06-07 09:00:00', '2026-06-07 09:00:00') ON CONFLICT (id) DO NOTHING;
INSERT INTO assessment_marks (id, assessment_id, student_id, student_name, marks, entered_by, created_at, updated_at) VALUES ('c5565d4f-49f8-5f8a-85d4-aca8602deadc', 'd321e7a8-b822-502b-a57b-d1b97e1aa72e', 'S2-G4A-001', 'Reyansh Kumar', 77.0, '2437bc68-52b4-5399-b2b9-f9ec3a1d6837', '2026-06-07 09:00:00', '2026-06-07 09:00:00') ON CONFLICT (id) DO NOTHING;
INSERT INTO assessment_marks (id, assessment_id, student_id, student_name, marks, entered_by, created_at, updated_at) VALUES ('160e44b1-dae1-5915-a2f1-c0475659940b', 'd321e7a8-b822-502b-a57b-d1b97e1aa72e', 'S2-G4A-002', 'Saanvi Bose', 93.0, '2437bc68-52b4-5399-b2b9-f9ec3a1d6837', '2026-06-07 09:00:00', '2026-06-07 09:00:00') ON CONFLICT (id) DO NOTHING;
INSERT INTO assessment_marks (id, assessment_id, student_id, student_name, marks, entered_by, created_at, updated_at) VALUES ('397f109e-26e2-5c01-ba63-77a613739096', 'd321e7a8-b822-502b-a57b-d1b97e1aa72e', 'S2-G4A-003', 'Tanvi Roy', 79.0, '2437bc68-52b4-5399-b2b9-f9ec3a1d6837', '2026-06-07 09:00:00', '2026-06-07 09:00:00') ON CONFLICT (id) DO NOTHING;
INSERT INTO assessments (id, school_id, teacher_id, class_name, section, subject, name, max_marks, exam_date, is_active, created_at, updated_at) VALUES ('ff047242-2cf9-50f0-8c79-61bbb78a1568', '583885b4-4f8e-58d1-a6c2-e8a482b4314f', '2437bc68-52b4-5399-b2b9-f9ec3a1d6837', 'Grade 4', 'A', 'Mathematics', 'Unit Test I', 100, '2026-05-28', TRUE, '2026-06-07 09:00:00', '2026-06-07 09:00:00') ON CONFLICT (id) DO NOTHING;
INSERT INTO assessment_marks (id, assessment_id, student_id, student_name, marks, entered_by, created_at, updated_at) VALUES ('b87f6d90-35e2-5b19-9fc0-f027d8ea65aa', 'ff047242-2cf9-50f0-8c79-61bbb78a1568', 'S2-G4A-001', 'Reyansh Kumar', 56.0, '2437bc68-52b4-5399-b2b9-f9ec3a1d6837', '2026-06-07 09:00:00', '2026-06-07 09:00:00') ON CONFLICT (id) DO NOTHING;
INSERT INTO assessment_marks (id, assessment_id, student_id, student_name, marks, entered_by, created_at, updated_at) VALUES ('f079ee67-25a5-543c-bf75-c4d87e640f5d', 'ff047242-2cf9-50f0-8c79-61bbb78a1568', 'S2-G4A-002', 'Saanvi Bose', 65.0, '2437bc68-52b4-5399-b2b9-f9ec3a1d6837', '2026-06-07 09:00:00', '2026-06-07 09:00:00') ON CONFLICT (id) DO NOTHING;
INSERT INTO assessment_marks (id, assessment_id, student_id, student_name, marks, entered_by, created_at, updated_at) VALUES ('91aa72b9-d7f2-58c7-b7dd-ef049812e71a', 'ff047242-2cf9-50f0-8c79-61bbb78a1568', 'S2-G4A-003', 'Tanvi Roy', 55.0, '2437bc68-52b4-5399-b2b9-f9ec3a1d6837', '2026-06-07 09:00:00', '2026-06-07 09:00:00') ON CONFLICT (id) DO NOTHING;
INSERT INTO assessments (id, school_id, teacher_id, class_name, section, subject, name, max_marks, exam_date, is_active, created_at, updated_at) VALUES ('3d889fe7-f986-5062-8987-dbf376a455a8', '583885b4-4f8e-58d1-a6c2-e8a482b4314f', '67cd9de0-efa6-5b7f-86cb-9d3b35fbad3d', 'Grade 6', 'A', 'Science', 'Unit Test I', 100, '2026-05-28', TRUE, '2026-06-07 09:00:00', '2026-06-07 09:00:00') ON CONFLICT (id) DO NOTHING;
INSERT INTO assessment_marks (id, assessment_id, student_id, student_name, marks, entered_by, created_at, updated_at) VALUES ('71865c5e-2a55-5842-97cd-45d1d14167ec', '3d889fe7-f986-5062-8987-dbf376a455a8', 'S2-G6A-001', 'Udayan Das', 72.0, '67cd9de0-efa6-5b7f-86cb-9d3b35fbad3d', '2026-06-07 09:00:00', '2026-06-07 09:00:00') ON CONFLICT (id) DO NOTHING;
INSERT INTO assessment_marks (id, assessment_id, student_id, student_name, marks, entered_by, created_at, updated_at) VALUES ('ffac7e29-89e0-5a8d-a33e-b2814fd5a51c', '3d889fe7-f986-5062-8987-dbf376a455a8', 'S2-G6A-002', 'Vihaan Sen', 84.0, '67cd9de0-efa6-5b7f-86cb-9d3b35fbad3d', '2026-06-07 09:00:00', '2026-06-07 09:00:00') ON CONFLICT (id) DO NOTHING;
INSERT INTO assessment_marks (id, assessment_id, student_id, student_name, marks, entered_by, created_at, updated_at) VALUES ('68fe7790-6958-56b7-bad7-ca20e3fc522d', '3d889fe7-f986-5062-8987-dbf376a455a8', 'S2-G6A-003', 'Wamika Dutta', 87.0, '67cd9de0-efa6-5b7f-86cb-9d3b35fbad3d', '2026-06-07 09:00:00', '2026-06-07 09:00:00') ON CONFLICT (id) DO NOTHING;
INSERT INTO assessments (id, school_id, teacher_id, class_name, section, subject, name, max_marks, exam_date, is_active, created_at, updated_at) VALUES ('e733cf9f-18c3-5071-a3e8-a79d4eafb35d', '583885b4-4f8e-58d1-a6c2-e8a482b4314f', 'f4fe343b-dd17-57ab-97e6-a9c58a269c84', 'Grade 9', 'A', 'English', 'Unit Test I', 100, '2026-05-28', TRUE, '2026-06-07 09:00:00', '2026-06-07 09:00:00') ON CONFLICT (id) DO NOTHING;
INSERT INTO assessment_marks (id, assessment_id, student_id, student_name, marks, entered_by, created_at, updated_at) VALUES ('32370f01-d452-5385-8026-f08ac928bdf0', 'e733cf9f-18c3-5071-a3e8-a79d4eafb35d', 'S2-G9A-001', 'Yash Banerjee', 91.0, 'f4fe343b-dd17-57ab-97e6-a9c58a269c84', '2026-06-07 09:00:00', '2026-06-07 09:00:00') ON CONFLICT (id) DO NOTHING;
INSERT INTO assessment_marks (id, assessment_id, student_id, student_name, marks, entered_by, created_at, updated_at) VALUES ('86639a12-e8e0-52d8-968c-0458f565f7bd', 'e733cf9f-18c3-5071-a3e8-a79d4eafb35d', 'S2-G9A-002', 'Zara Mukherjee', 95.0, 'f4fe343b-dd17-57ab-97e6-a9c58a269c84', '2026-06-07 09:00:00', '2026-06-07 09:00:00') ON CONFLICT (id) DO NOTHING;
INSERT INTO assessment_marks (id, assessment_id, student_id, student_name, marks, entered_by, created_at, updated_at) VALUES ('ac2980db-710a-5d24-bf3b-7126496b2b85', 'e733cf9f-18c3-5071-a3e8-a79d4eafb35d', 'S2-G9A-003', 'Aadya Ghosh', 92.0, 'f4fe343b-dd17-57ab-97e6-a9c58a269c84', '2026-06-07 09:00:00', '2026-06-07 09:00:00') ON CONFLICT (id) DO NOTHING;
INSERT INTO assessment_marks (id, assessment_id, student_id, student_name, marks, entered_by, created_at, updated_at) VALUES ('71613af5-e2f7-5791-be5f-76173e154575', 'e733cf9f-18c3-5071-a3e8-a79d4eafb35d', 'S2-G9A-004', 'Bodhi Chatterjee', 67.0, 'f4fe343b-dd17-57ab-97e6-a9c58a269c84', '2026-06-07 09:00:00', '2026-06-07 09:00:00') ON CONFLICT (id) DO NOTHING;
INSERT INTO assessment_marks (id, assessment_id, student_id, student_name, marks, entered_by, created_at, updated_at) VALUES ('b684f960-067b-5221-8832-f2cdd2f6b3ff', 'e733cf9f-18c3-5071-a3e8-a79d4eafb35d', 'S2-G9A-005', 'Charvi Lahiri', 90.0, 'f4fe343b-dd17-57ab-97e6-a9c58a269c84', '2026-06-07 09:00:00', '2026-06-07 09:00:00') ON CONFLICT (id) DO NOTHING;
INSERT INTO assessment_marks (id, assessment_id, student_id, student_name, marks, entered_by, created_at, updated_at) VALUES ('44cff560-efcf-56ae-81d3-1afce303a9d2', 'e733cf9f-18c3-5071-a3e8-a79d4eafb35d', 'S2-G9A-006', 'Divit Pal', 58.0, 'f4fe343b-dd17-57ab-97e6-a9c58a269c84', '2026-06-07 09:00:00', '2026-06-07 09:00:00') ON CONFLICT (id) DO NOTHING;
INSERT INTO assessment_marks (id, assessment_id, student_id, student_name, marks, entered_by, created_at, updated_at) VALUES ('bec0afd0-844a-5109-be1b-2cf9e4163cdd', 'e733cf9f-18c3-5071-a3e8-a79d4eafb35d', 'S2-G9A-007', 'Ela Bhattacharya', 78.0, 'f4fe343b-dd17-57ab-97e6-a9c58a269c84', '2026-06-07 09:00:00', '2026-06-07 09:00:00') ON CONFLICT (id) DO NOTHING;

-- -----------------------------------------------------------------------------
-- 14. Exam results (school-admin Results screen view, stringified)
-- -----------------------------------------------------------------------------
INSERT INTO exam_results (id, school_id, test, class_name, subject, student_id, student_name, attendance, score, status, trend, created_at, updated_at) VALUES ('f2ca1ca0-1f90-5523-9d6b-9fe8508fb819', '08bdd3c7-7dfb-536d-9f13-2b6e38de31e4', 'Unit Test I', 'Grade 3', 'English', 'S1-G3A-001', 'Aarav Singh', '92%', '86', 'Exceeding', '+1.2%', '2026-06-07 09:00:00', '2026-06-07 09:00:00') ON CONFLICT (id) DO NOTHING;
INSERT INTO exam_results (id, school_id, test, class_name, subject, student_id, student_name, attendance, score, status, trend, created_at, updated_at) VALUES ('d93c736e-472b-51ff-9727-5713d1f2905c', '08bdd3c7-7dfb-536d-9f13-2b6e38de31e4', 'Unit Test I', 'Grade 3', 'English', 'S1-G3A-002', 'Bhavya Tiwari', '92%', '82', 'Meeting', '+1.2%', '2026-06-07 09:00:00', '2026-06-07 09:00:00') ON CONFLICT (id) DO NOTHING;
INSERT INTO exam_results (id, school_id, test, class_name, subject, student_id, student_name, attendance, score, status, trend, created_at, updated_at) VALUES ('0deed6dd-9c31-5225-89bb-da712e3a2e23', '08bdd3c7-7dfb-536d-9f13-2b6e38de31e4', 'Unit Test I', 'Grade 3', 'English', 'S1-G3A-003', 'Chirag Yadav', '92%', '81', 'Meeting', '+1.2%', '2026-06-07 09:00:00', '2026-06-07 09:00:00') ON CONFLICT (id) DO NOTHING;
INSERT INTO exam_results (id, school_id, test, class_name, subject, student_id, student_name, attendance, score, status, trend, created_at, updated_at) VALUES ('35def63e-ca9b-5dfd-a5c7-4b20858a7024', '08bdd3c7-7dfb-536d-9f13-2b6e38de31e4', 'Unit Test I', 'Grade 3', 'EVS', 'S1-G3A-001', 'Aarav Singh', '92%', '91', 'Exceeding', '+1.2%', '2026-06-07 09:00:00', '2026-06-07 09:00:00') ON CONFLICT (id) DO NOTHING;
INSERT INTO exam_results (id, school_id, test, class_name, subject, student_id, student_name, attendance, score, status, trend, created_at, updated_at) VALUES ('741f4c01-35da-5c40-8d5b-4caf3e7953d9', '08bdd3c7-7dfb-536d-9f13-2b6e38de31e4', 'Unit Test I', 'Grade 3', 'EVS', 'S1-G3A-002', 'Bhavya Tiwari', '92%', '95', 'Exceeding', '+1.2%', '2026-06-07 09:00:00', '2026-06-07 09:00:00') ON CONFLICT (id) DO NOTHING;
INSERT INTO exam_results (id, school_id, test, class_name, subject, student_id, student_name, attendance, score, status, trend, created_at, updated_at) VALUES ('352e7e75-75d5-5b07-9b19-77fd70efd6ad', '08bdd3c7-7dfb-536d-9f13-2b6e38de31e4', 'Unit Test I', 'Grade 3', 'EVS', 'S1-G3A-003', 'Chirag Yadav', '92%', '69', 'Meeting', '+1.2%', '2026-06-07 09:00:00', '2026-06-07 09:00:00') ON CONFLICT (id) DO NOTHING;
INSERT INTO exam_results (id, school_id, test, class_name, subject, student_id, student_name, attendance, score, status, trend, created_at, updated_at) VALUES ('f5744968-39c6-5b03-84a3-af70ff0926b9', '08bdd3c7-7dfb-536d-9f13-2b6e38de31e4', 'Unit Test I', 'Grade 5', 'Mathematics', 'S1-G5A-001', 'Ishan Kapoor', '92%', '90', 'Exceeding', '+1.2%', '2026-06-07 09:00:00', '2026-06-07 09:00:00') ON CONFLICT (id) DO NOTHING;
INSERT INTO exam_results (id, school_id, test, class_name, subject, student_id, student_name, attendance, score, status, trend, created_at, updated_at) VALUES ('77f84ad3-3073-5633-bc9c-0635cf502e41', '08bdd3c7-7dfb-536d-9f13-2b6e38de31e4', 'Unit Test I', 'Grade 5', 'Mathematics', 'S1-G5A-002', 'Jiya Saxena', '92%', '72', 'Meeting', '+1.2%', '2026-06-07 09:00:00', '2026-06-07 09:00:00') ON CONFLICT (id) DO NOTHING;
INSERT INTO exam_results (id, school_id, test, class_name, subject, student_id, student_name, attendance, score, status, trend, created_at, updated_at) VALUES ('1cf51fe7-87fc-585e-8a75-1ba0b69c40a9', '08bdd3c7-7dfb-536d-9f13-2b6e38de31e4', 'Unit Test I', 'Grade 5', 'Mathematics', 'S1-G5A-003', 'Karan Trivedi', '92%', '71', 'Meeting', '+1.2%', '2026-06-07 09:00:00', '2026-06-07 09:00:00') ON CONFLICT (id) DO NOTHING;
INSERT INTO exam_results (id, school_id, test, class_name, subject, student_id, student_name, attendance, score, status, trend, created_at, updated_at) VALUES ('ab0f1607-3a8e-5a9f-9209-894647959ce7', '08bdd3c7-7dfb-536d-9f13-2b6e38de31e4', 'Unit Test I', 'Grade 5', 'Mathematics', 'S1-G5A-004', 'Lavanya Pandey', '92%', '75', 'Meeting', '+1.2%', '2026-06-07 09:00:00', '2026-06-07 09:00:00') ON CONFLICT (id) DO NOTHING;
INSERT INTO exam_results (id, school_id, test, class_name, subject, student_id, student_name, attendance, score, status, trend, created_at, updated_at) VALUES ('8fec9af9-b45f-5ee9-a50a-a752fe85ac63', '08bdd3c7-7dfb-536d-9f13-2b6e38de31e4', 'Unit Test I', 'Grade 5', 'Science', 'S1-G5A-001', 'Ishan Kapoor', '92%', '87', 'Exceeding', '+1.2%', '2026-06-07 09:00:00', '2026-06-07 09:00:00') ON CONFLICT (id) DO NOTHING;
INSERT INTO exam_results (id, school_id, test, class_name, subject, student_id, student_name, attendance, score, status, trend, created_at, updated_at) VALUES ('f2361283-1d5f-523d-9a84-26c7f6a909db', '08bdd3c7-7dfb-536d-9f13-2b6e38de31e4', 'Unit Test I', 'Grade 5', 'Science', 'S1-G5A-002', 'Jiya Saxena', '92%', '57', 'Below', '+1.2%', '2026-06-07 09:00:00', '2026-06-07 09:00:00') ON CONFLICT (id) DO NOTHING;
INSERT INTO exam_results (id, school_id, test, class_name, subject, student_id, student_name, attendance, score, status, trend, created_at, updated_at) VALUES ('aa438268-431b-5a6c-bc55-b60ebe1decb4', '08bdd3c7-7dfb-536d-9f13-2b6e38de31e4', 'Unit Test I', 'Grade 5', 'Science', 'S1-G5A-003', 'Karan Trivedi', '92%', '90', 'Exceeding', '+1.2%', '2026-06-07 09:00:00', '2026-06-07 09:00:00') ON CONFLICT (id) DO NOTHING;
INSERT INTO exam_results (id, school_id, test, class_name, subject, student_id, student_name, attendance, score, status, trend, created_at, updated_at) VALUES ('cacb62a8-bfce-54ec-80e4-d7a50e2f7f66', '08bdd3c7-7dfb-536d-9f13-2b6e38de31e4', 'Unit Test I', 'Grade 5', 'Science', 'S1-G5A-004', 'Lavanya Pandey', '92%', '58', 'Below', '+1.2%', '2026-06-07 09:00:00', '2026-06-07 09:00:00') ON CONFLICT (id) DO NOTHING;
INSERT INTO exam_results (id, school_id, test, class_name, subject, student_id, student_name, attendance, score, status, trend, created_at, updated_at) VALUES ('3db49964-5b14-5307-ab07-e1a2feff2bd4', '08bdd3c7-7dfb-536d-9f13-2b6e38de31e4', 'Unit Test I', 'Grade 8', 'English', 'S1-G8A-001', 'Manav Joshi', '92%', '72', 'Meeting', '+1.2%', '2026-06-07 09:00:00', '2026-06-07 09:00:00') ON CONFLICT (id) DO NOTHING;
INSERT INTO exam_results (id, school_id, test, class_name, subject, student_id, student_name, attendance, score, status, trend, created_at, updated_at) VALUES ('ba39cb6b-37b6-5a5c-b498-a85112aac582', '08bdd3c7-7dfb-536d-9f13-2b6e38de31e4', 'Unit Test I', 'Grade 8', 'English', 'S1-G8A-002', 'Nisha Bansal', '92%', '68', 'Meeting', '+1.2%', '2026-06-07 09:00:00', '2026-06-07 09:00:00') ON CONFLICT (id) DO NOTHING;
INSERT INTO exam_results (id, school_id, test, class_name, subject, student_id, student_name, attendance, score, status, trend, created_at, updated_at) VALUES ('11b2dc14-fcad-53eb-8802-1be8ea4d11a9', '08bdd3c7-7dfb-536d-9f13-2b6e38de31e4', 'Unit Test I', 'Grade 8', 'English', 'S1-G8A-003', 'Om Prakash', '92%', '86', 'Exceeding', '+1.2%', '2026-06-07 09:00:00', '2026-06-07 09:00:00') ON CONFLICT (id) DO NOTHING;
INSERT INTO exam_results (id, school_id, test, class_name, subject, student_id, student_name, attendance, score, status, trend, created_at, updated_at) VALUES ('dd789a0d-aae7-59be-abad-cf77e07fb13e', '08bdd3c7-7dfb-536d-9f13-2b6e38de31e4', 'Unit Test I', 'Grade 8', 'English', 'S1-G8A-004', 'Pari Agarwal', '92%', '58', 'Below', '+1.2%', '2026-06-07 09:00:00', '2026-06-07 09:00:00') ON CONFLICT (id) DO NOTHING;
INSERT INTO exam_results (id, school_id, test, class_name, subject, student_id, student_name, attendance, score, status, trend, created_at, updated_at) VALUES ('be48ec4c-bf28-54ed-aff3-6d980c6a52bb', '08bdd3c7-7dfb-536d-9f13-2b6e38de31e4', 'Unit Test I', 'Grade 8', 'Social Studies', 'S1-G8A-001', 'Manav Joshi', '92%', '74', 'Meeting', '+1.2%', '2026-06-07 09:00:00', '2026-06-07 09:00:00') ON CONFLICT (id) DO NOTHING;
INSERT INTO exam_results (id, school_id, test, class_name, subject, student_id, student_name, attendance, score, status, trend, created_at, updated_at) VALUES ('50f0b403-9732-51c7-8b20-5b47fcf273ca', '08bdd3c7-7dfb-536d-9f13-2b6e38de31e4', 'Unit Test I', 'Grade 8', 'Social Studies', 'S1-G8A-002', 'Nisha Bansal', '92%', '71', 'Meeting', '+1.2%', '2026-06-07 09:00:00', '2026-06-07 09:00:00') ON CONFLICT (id) DO NOTHING;
INSERT INTO exam_results (id, school_id, test, class_name, subject, student_id, student_name, attendance, score, status, trend, created_at, updated_at) VALUES ('4990d662-95ca-5527-a8fb-8223af951e24', '08bdd3c7-7dfb-536d-9f13-2b6e38de31e4', 'Unit Test I', 'Grade 8', 'Social Studies', 'S1-G8A-003', 'Om Prakash', '92%', '78', 'Meeting', '+1.2%', '2026-06-07 09:00:00', '2026-06-07 09:00:00') ON CONFLICT (id) DO NOTHING;
INSERT INTO exam_results (id, school_id, test, class_name, subject, student_id, student_name, attendance, score, status, trend, created_at, updated_at) VALUES ('33e4a1e4-6b78-5e8a-a81c-e848997b390a', '08bdd3c7-7dfb-536d-9f13-2b6e38de31e4', 'Unit Test I', 'Grade 8', 'Social Studies', 'S1-G8A-004', 'Pari Agarwal', '92%', '76', 'Meeting', '+1.2%', '2026-06-07 09:00:00', '2026-06-07 09:00:00') ON CONFLICT (id) DO NOTHING;
INSERT INTO exam_results (id, school_id, test, class_name, subject, student_id, student_name, attendance, score, status, trend, created_at, updated_at) VALUES ('6a5be41d-565d-59b1-b59b-5fbbcf42da89', '08bdd3c7-7dfb-536d-9f13-2b6e38de31e4', 'Unit Test I', 'Grade 8', 'Mathematics', 'S1-G8A-001', 'Manav Joshi', '92%', '95', 'Exceeding', '+1.2%', '2026-06-07 09:00:00', '2026-06-07 09:00:00') ON CONFLICT (id) DO NOTHING;
INSERT INTO exam_results (id, school_id, test, class_name, subject, student_id, student_name, attendance, score, status, trend, created_at, updated_at) VALUES ('a3fc7b9d-1f98-5eaa-a3e8-fcb40e2a1648', '08bdd3c7-7dfb-536d-9f13-2b6e38de31e4', 'Unit Test I', 'Grade 8', 'Mathematics', 'S1-G8A-002', 'Nisha Bansal', '92%', '79', 'Meeting', '+1.2%', '2026-06-07 09:00:00', '2026-06-07 09:00:00') ON CONFLICT (id) DO NOTHING;
INSERT INTO exam_results (id, school_id, test, class_name, subject, student_id, student_name, attendance, score, status, trend, created_at, updated_at) VALUES ('6419142f-2d6c-5c4c-8833-375f3327cd44', '08bdd3c7-7dfb-536d-9f13-2b6e38de31e4', 'Unit Test I', 'Grade 8', 'Mathematics', 'S1-G8A-003', 'Om Prakash', '92%', '91', 'Exceeding', '+1.2%', '2026-06-07 09:00:00', '2026-06-07 09:00:00') ON CONFLICT (id) DO NOTHING;
INSERT INTO exam_results (id, school_id, test, class_name, subject, student_id, student_name, attendance, score, status, trend, created_at, updated_at) VALUES ('e53abf46-7fbb-508c-bf20-c439cfd9c85a', '08bdd3c7-7dfb-536d-9f13-2b6e38de31e4', 'Unit Test I', 'Grade 8', 'Mathematics', 'S1-G8A-004', 'Pari Agarwal', '92%', '78', 'Meeting', '+1.2%', '2026-06-07 09:00:00', '2026-06-07 09:00:00') ON CONFLICT (id) DO NOTHING;
INSERT INTO exam_results (id, school_id, test, class_name, subject, student_id, student_name, attendance, score, status, trend, created_at, updated_at) VALUES ('7dc4820d-7a09-5d5e-946f-ad79783d4959', '583885b4-4f8e-58d1-a6c2-e8a482b4314f', 'Unit Test I', 'Grade 4', 'English', 'S2-G4A-001', 'Reyansh Kumar', '92%', '77', 'Meeting', '+1.2%', '2026-06-07 09:00:00', '2026-06-07 09:00:00') ON CONFLICT (id) DO NOTHING;
INSERT INTO exam_results (id, school_id, test, class_name, subject, student_id, student_name, attendance, score, status, trend, created_at, updated_at) VALUES ('d3163347-01af-5e98-8a27-8c06301692ec', '583885b4-4f8e-58d1-a6c2-e8a482b4314f', 'Unit Test I', 'Grade 4', 'English', 'S2-G4A-002', 'Saanvi Bose', '92%', '93', 'Exceeding', '+1.2%', '2026-06-07 09:00:00', '2026-06-07 09:00:00') ON CONFLICT (id) DO NOTHING;
INSERT INTO exam_results (id, school_id, test, class_name, subject, student_id, student_name, attendance, score, status, trend, created_at, updated_at) VALUES ('5257476a-2537-58f6-a6c2-7b62fbd2f835', '583885b4-4f8e-58d1-a6c2-e8a482b4314f', 'Unit Test I', 'Grade 4', 'English', 'S2-G4A-003', 'Tanvi Roy', '92%', '79', 'Meeting', '+1.2%', '2026-06-07 09:00:00', '2026-06-07 09:00:00') ON CONFLICT (id) DO NOTHING;
INSERT INTO exam_results (id, school_id, test, class_name, subject, student_id, student_name, attendance, score, status, trend, created_at, updated_at) VALUES ('b132ea18-86e2-5c56-9680-21a0423bbb1f', '583885b4-4f8e-58d1-a6c2-e8a482b4314f', 'Unit Test I', 'Grade 4', 'Mathematics', 'S2-G4A-001', 'Reyansh Kumar', '92%', '56', 'Below', '+1.2%', '2026-06-07 09:00:00', '2026-06-07 09:00:00') ON CONFLICT (id) DO NOTHING;
INSERT INTO exam_results (id, school_id, test, class_name, subject, student_id, student_name, attendance, score, status, trend, created_at, updated_at) VALUES ('dd528ca5-dd06-5c8e-9ff8-71ba71ebc847', '583885b4-4f8e-58d1-a6c2-e8a482b4314f', 'Unit Test I', 'Grade 4', 'Mathematics', 'S2-G4A-002', 'Saanvi Bose', '92%', '65', 'Meeting', '+1.2%', '2026-06-07 09:00:00', '2026-06-07 09:00:00') ON CONFLICT (id) DO NOTHING;
INSERT INTO exam_results (id, school_id, test, class_name, subject, student_id, student_name, attendance, score, status, trend, created_at, updated_at) VALUES ('57eec68a-5dda-5850-a60d-1db8fc770131', '583885b4-4f8e-58d1-a6c2-e8a482b4314f', 'Unit Test I', 'Grade 4', 'Mathematics', 'S2-G4A-003', 'Tanvi Roy', '92%', '55', 'Below', '+1.2%', '2026-06-07 09:00:00', '2026-06-07 09:00:00') ON CONFLICT (id) DO NOTHING;
INSERT INTO exam_results (id, school_id, test, class_name, subject, student_id, student_name, attendance, score, status, trend, created_at, updated_at) VALUES ('e4085fe2-fce7-54e1-b961-6fa6156a0ee8', '583885b4-4f8e-58d1-a6c2-e8a482b4314f', 'Unit Test I', 'Grade 6', 'Science', 'S2-G6A-001', 'Udayan Das', '92%', '72', 'Meeting', '+1.2%', '2026-06-07 09:00:00', '2026-06-07 09:00:00') ON CONFLICT (id) DO NOTHING;
INSERT INTO exam_results (id, school_id, test, class_name, subject, student_id, student_name, attendance, score, status, trend, created_at, updated_at) VALUES ('6e2286b9-0c19-5833-9dda-0b716d77a93e', '583885b4-4f8e-58d1-a6c2-e8a482b4314f', 'Unit Test I', 'Grade 6', 'Science', 'S2-G6A-002', 'Vihaan Sen', '92%', '84', 'Meeting', '+1.2%', '2026-06-07 09:00:00', '2026-06-07 09:00:00') ON CONFLICT (id) DO NOTHING;
INSERT INTO exam_results (id, school_id, test, class_name, subject, student_id, student_name, attendance, score, status, trend, created_at, updated_at) VALUES ('dbf35105-8cec-563a-a485-293de055dd58', '583885b4-4f8e-58d1-a6c2-e8a482b4314f', 'Unit Test I', 'Grade 6', 'Science', 'S2-G6A-003', 'Wamika Dutta', '92%', '87', 'Exceeding', '+1.2%', '2026-06-07 09:00:00', '2026-06-07 09:00:00') ON CONFLICT (id) DO NOTHING;
INSERT INTO exam_results (id, school_id, test, class_name, subject, student_id, student_name, attendance, score, status, trend, created_at, updated_at) VALUES ('0a692141-5358-5f25-8ed7-2d69656baf1a', '583885b4-4f8e-58d1-a6c2-e8a482b4314f', 'Unit Test I', 'Grade 9', 'English', 'S2-G9A-001', 'Yash Banerjee', '92%', '91', 'Exceeding', '+1.2%', '2026-06-07 09:00:00', '2026-06-07 09:00:00') ON CONFLICT (id) DO NOTHING;
INSERT INTO exam_results (id, school_id, test, class_name, subject, student_id, student_name, attendance, score, status, trend, created_at, updated_at) VALUES ('80c63ae8-6f8a-552b-8cdc-d9ccefbae737', '583885b4-4f8e-58d1-a6c2-e8a482b4314f', 'Unit Test I', 'Grade 9', 'English', 'S2-G9A-002', 'Zara Mukherjee', '92%', '95', 'Exceeding', '+1.2%', '2026-06-07 09:00:00', '2026-06-07 09:00:00') ON CONFLICT (id) DO NOTHING;
INSERT INTO exam_results (id, school_id, test, class_name, subject, student_id, student_name, attendance, score, status, trend, created_at, updated_at) VALUES ('348adda9-e5d7-53ac-b8be-fd51b01a0a64', '583885b4-4f8e-58d1-a6c2-e8a482b4314f', 'Unit Test I', 'Grade 9', 'English', 'S2-G9A-003', 'Aadya Ghosh', '92%', '92', 'Exceeding', '+1.2%', '2026-06-07 09:00:00', '2026-06-07 09:00:00') ON CONFLICT (id) DO NOTHING;
INSERT INTO exam_results (id, school_id, test, class_name, subject, student_id, student_name, attendance, score, status, trend, created_at, updated_at) VALUES ('6b08c397-ff40-506b-a6d9-0d9e6f9bf5a8', '583885b4-4f8e-58d1-a6c2-e8a482b4314f', 'Unit Test I', 'Grade 9', 'English', 'S2-G9A-004', 'Bodhi Chatterjee', '92%', '67', 'Meeting', '+1.2%', '2026-06-07 09:00:00', '2026-06-07 09:00:00') ON CONFLICT (id) DO NOTHING;
INSERT INTO exam_results (id, school_id, test, class_name, subject, student_id, student_name, attendance, score, status, trend, created_at, updated_at) VALUES ('5b924010-7afb-5972-a5af-263defc786ea', '583885b4-4f8e-58d1-a6c2-e8a482b4314f', 'Unit Test I', 'Grade 9', 'English', 'S2-G9A-005', 'Charvi Lahiri', '92%', '90', 'Exceeding', '+1.2%', '2026-06-07 09:00:00', '2026-06-07 09:00:00') ON CONFLICT (id) DO NOTHING;
INSERT INTO exam_results (id, school_id, test, class_name, subject, student_id, student_name, attendance, score, status, trend, created_at, updated_at) VALUES ('123564a6-c842-52fe-a0f2-904ee702ce2d', '583885b4-4f8e-58d1-a6c2-e8a482b4314f', 'Unit Test I', 'Grade 9', 'English', 'S2-G9A-006', 'Divit Pal', '92%', '58', 'Below', '+1.2%', '2026-06-07 09:00:00', '2026-06-07 09:00:00') ON CONFLICT (id) DO NOTHING;
INSERT INTO exam_results (id, school_id, test, class_name, subject, student_id, student_name, attendance, score, status, trend, created_at, updated_at) VALUES ('c8bdcecb-e177-50c0-b1f2-62f90ab4a678', '583885b4-4f8e-58d1-a6c2-e8a482b4314f', 'Unit Test I', 'Grade 9', 'English', 'S2-G9A-007', 'Ela Bhattacharya', '92%', '78', 'Meeting', '+1.2%', '2026-06-07 09:00:00', '2026-06-07 09:00:00') ON CONFLICT (id) DO NOTHING;

-- -----------------------------------------------------------------------------
-- 15. Homework + a few submissions per assignment
-- -----------------------------------------------------------------------------
INSERT INTO homework (id, school_id, teacher_id, class_name, section, subject, title, description, due_date, is_active, created_at, updated_at) VALUES ('951113ed-d4e3-5252-9c42-daca372c3bce', '08bdd3c7-7dfb-536d-9f13-2b6e38de31e4', 'c1988c4f-2fa2-55c0-8e81-0c40098eef9b', 'Grade 3', 'A', 'English', 'English — Worksheet 1', 'Solve Q1-Q10 from the worksheet.', '2026-06-10', TRUE, '2026-06-07 09:00:00', '2026-06-07 09:00:00') ON CONFLICT (id) DO NOTHING;
INSERT INTO homework_submissions (id, homework_id, student_id, status, submitted_at) VALUES ('82194167-17fe-50a5-aa8c-e6f3b0192cc7', '951113ed-d4e3-5252-9c42-daca372c3bce', 'S1-G3A-001', 'submitted', '2026-06-07 09:00:00') ON CONFLICT (id) DO NOTHING;
INSERT INTO homework_submissions (id, homework_id, student_id, status, submitted_at) VALUES ('0f839bba-c631-501d-9b45-c66dedbf0268', '951113ed-d4e3-5252-9c42-daca372c3bce', 'S1-G3A-003', 'submitted', '2026-06-07 09:00:00') ON CONFLICT (id) DO NOTHING;
INSERT INTO homework (id, school_id, teacher_id, class_name, section, subject, title, description, due_date, is_active, created_at, updated_at) VALUES ('35a81765-e949-52f7-9d8a-817a7ae9bc63', '08bdd3c7-7dfb-536d-9f13-2b6e38de31e4', 'c1988c4f-2fa2-55c0-8e81-0c40098eef9b', 'Grade 3', 'A', 'EVS', 'EVS — Worksheet 1', 'Solve Q1-Q10 from the worksheet.', '2026-06-10', TRUE, '2026-06-07 09:00:00', '2026-06-07 09:00:00') ON CONFLICT (id) DO NOTHING;
INSERT INTO homework_submissions (id, homework_id, student_id, status, submitted_at) VALUES ('5824e965-4da9-5418-8d07-1d41dbee8e64', '35a81765-e949-52f7-9d8a-817a7ae9bc63', 'S1-G3A-001', 'submitted', '2026-06-07 09:00:00') ON CONFLICT (id) DO NOTHING;
INSERT INTO homework_submissions (id, homework_id, student_id, status, submitted_at) VALUES ('3ca7e83c-3396-564c-9c36-3b65c8e57354', '35a81765-e949-52f7-9d8a-817a7ae9bc63', 'S1-G3A-003', 'submitted', '2026-06-07 09:00:00') ON CONFLICT (id) DO NOTHING;
INSERT INTO homework (id, school_id, teacher_id, class_name, section, subject, title, description, due_date, is_active, created_at, updated_at) VALUES ('66016eb0-9b56-5662-bc56-b45c0b7f970e', '08bdd3c7-7dfb-536d-9f13-2b6e38de31e4', '9e2fe031-f4a9-5d27-a8b6-eb767ab70c7a', 'Grade 5', 'A', 'Mathematics', 'Mathematics — Worksheet 1', 'Solve Q1-Q10 from the worksheet.', '2026-06-10', TRUE, '2026-06-07 09:00:00', '2026-06-07 09:00:00') ON CONFLICT (id) DO NOTHING;
INSERT INTO homework_submissions (id, homework_id, student_id, status, submitted_at) VALUES ('c95c7e98-06e7-5170-b5eb-593f8d79f936', '66016eb0-9b56-5662-bc56-b45c0b7f970e', 'S1-G5A-001', 'submitted', '2026-06-07 09:00:00') ON CONFLICT (id) DO NOTHING;
INSERT INTO homework_submissions (id, homework_id, student_id, status, submitted_at) VALUES ('4e04865d-f792-564c-a82a-0e2f249fcdbc', '66016eb0-9b56-5662-bc56-b45c0b7f970e', 'S1-G5A-003', 'submitted', '2026-06-07 09:00:00') ON CONFLICT (id) DO NOTHING;
INSERT INTO homework (id, school_id, teacher_id, class_name, section, subject, title, description, due_date, is_active, created_at, updated_at) VALUES ('971f65dc-4426-52a7-a8d5-68356e5ba6ab', '08bdd3c7-7dfb-536d-9f13-2b6e38de31e4', '9e2fe031-f4a9-5d27-a8b6-eb767ab70c7a', 'Grade 5', 'A', 'Science', 'Science — Worksheet 1', 'Solve Q1-Q10 from the worksheet.', '2026-06-10', TRUE, '2026-06-07 09:00:00', '2026-06-07 09:00:00') ON CONFLICT (id) DO NOTHING;
INSERT INTO homework_submissions (id, homework_id, student_id, status, submitted_at) VALUES ('98dc3ace-06a8-565a-86ef-e3032ab12499', '971f65dc-4426-52a7-a8d5-68356e5ba6ab', 'S1-G5A-001', 'submitted', '2026-06-07 09:00:00') ON CONFLICT (id) DO NOTHING;
INSERT INTO homework_submissions (id, homework_id, student_id, status, submitted_at) VALUES ('ff460331-fb10-5709-baba-9f49a7fe6498', '971f65dc-4426-52a7-a8d5-68356e5ba6ab', 'S1-G5A-003', 'submitted', '2026-06-07 09:00:00') ON CONFLICT (id) DO NOTHING;
INSERT INTO homework (id, school_id, teacher_id, class_name, section, subject, title, description, due_date, is_active, created_at, updated_at) VALUES ('b86fb331-2a8d-5409-ba84-99f6204a55f9', '08bdd3c7-7dfb-536d-9f13-2b6e38de31e4', 'fc3f5b19-7024-5c5e-9f48-c1a1d3cee1f4', 'Grade 8', 'A', 'English', 'English — Worksheet 1', 'Solve Q1-Q10 from the worksheet.', '2026-06-10', TRUE, '2026-06-07 09:00:00', '2026-06-07 09:00:00') ON CONFLICT (id) DO NOTHING;
INSERT INTO homework_submissions (id, homework_id, student_id, status, submitted_at) VALUES ('633dacba-2d6b-543e-ab14-1e4657193a96', 'b86fb331-2a8d-5409-ba84-99f6204a55f9', 'S1-G8A-001', 'submitted', '2026-06-07 09:00:00') ON CONFLICT (id) DO NOTHING;
INSERT INTO homework_submissions (id, homework_id, student_id, status, submitted_at) VALUES ('f3f6b7a2-8b68-5445-987c-dc2ddfb213c4', 'b86fb331-2a8d-5409-ba84-99f6204a55f9', 'S1-G8A-003', 'submitted', '2026-06-07 09:00:00') ON CONFLICT (id) DO NOTHING;
INSERT INTO homework (id, school_id, teacher_id, class_name, section, subject, title, description, due_date, is_active, created_at, updated_at) VALUES ('50192db6-2cfb-5a2c-b04f-b7b1d6ed0f49', '08bdd3c7-7dfb-536d-9f13-2b6e38de31e4', 'fc3f5b19-7024-5c5e-9f48-c1a1d3cee1f4', 'Grade 8', 'A', 'Social Studies', 'Social Studies — Worksheet 1', 'Solve Q1-Q10 from the worksheet.', '2026-06-10', TRUE, '2026-06-07 09:00:00', '2026-06-07 09:00:00') ON CONFLICT (id) DO NOTHING;
INSERT INTO homework_submissions (id, homework_id, student_id, status, submitted_at) VALUES ('ca26c732-c918-50e2-9753-339e80616a73', '50192db6-2cfb-5a2c-b04f-b7b1d6ed0f49', 'S1-G8A-001', 'submitted', '2026-06-07 09:00:00') ON CONFLICT (id) DO NOTHING;
INSERT INTO homework_submissions (id, homework_id, student_id, status, submitted_at) VALUES ('ccb6b8e2-540f-522a-aee7-36ee088a78a4', '50192db6-2cfb-5a2c-b04f-b7b1d6ed0f49', 'S1-G8A-003', 'submitted', '2026-06-07 09:00:00') ON CONFLICT (id) DO NOTHING;
INSERT INTO homework (id, school_id, teacher_id, class_name, section, subject, title, description, due_date, is_active, created_at, updated_at) VALUES ('905ff4ac-f044-5eef-a44e-a0ee53f6c511', '08bdd3c7-7dfb-536d-9f13-2b6e38de31e4', 'f7154a63-a6db-54d0-8b31-900e02b66b88', 'Grade 8', 'A', 'Mathematics', 'Mathematics — Worksheet 1', 'Solve Q1-Q10 from the worksheet.', '2026-06-10', TRUE, '2026-06-07 09:00:00', '2026-06-07 09:00:00') ON CONFLICT (id) DO NOTHING;
INSERT INTO homework_submissions (id, homework_id, student_id, status, submitted_at) VALUES ('7bbf3146-02dc-5412-956d-a024082ac9b0', '905ff4ac-f044-5eef-a44e-a0ee53f6c511', 'S1-G8A-001', 'submitted', '2026-06-07 09:00:00') ON CONFLICT (id) DO NOTHING;
INSERT INTO homework_submissions (id, homework_id, student_id, status, submitted_at) VALUES ('c647868f-2981-5dca-96b5-4c86cca36391', '905ff4ac-f044-5eef-a44e-a0ee53f6c511', 'S1-G8A-003', 'submitted', '2026-06-07 09:00:00') ON CONFLICT (id) DO NOTHING;
INSERT INTO homework (id, school_id, teacher_id, class_name, section, subject, title, description, due_date, is_active, created_at, updated_at) VALUES ('9b41086d-add1-52b6-9433-7aa92feddebc', '583885b4-4f8e-58d1-a6c2-e8a482b4314f', '2437bc68-52b4-5399-b2b9-f9ec3a1d6837', 'Grade 4', 'A', 'English', 'English — Worksheet 1', 'Solve Q1-Q10 from the worksheet.', '2026-06-10', TRUE, '2026-06-07 09:00:00', '2026-06-07 09:00:00') ON CONFLICT (id) DO NOTHING;
INSERT INTO homework_submissions (id, homework_id, student_id, status, submitted_at) VALUES ('b2569e14-e41e-5dc5-9efc-68bc17f61590', '9b41086d-add1-52b6-9433-7aa92feddebc', 'S2-G4A-001', 'submitted', '2026-06-07 09:00:00') ON CONFLICT (id) DO NOTHING;
INSERT INTO homework_submissions (id, homework_id, student_id, status, submitted_at) VALUES ('0f49609d-dc17-59a3-8026-08a9f2ab259a', '9b41086d-add1-52b6-9433-7aa92feddebc', 'S2-G4A-003', 'submitted', '2026-06-07 09:00:00') ON CONFLICT (id) DO NOTHING;
INSERT INTO homework (id, school_id, teacher_id, class_name, section, subject, title, description, due_date, is_active, created_at, updated_at) VALUES ('c01b4148-8b35-5616-979c-d20a1854630b', '583885b4-4f8e-58d1-a6c2-e8a482b4314f', '2437bc68-52b4-5399-b2b9-f9ec3a1d6837', 'Grade 4', 'A', 'Mathematics', 'Mathematics — Worksheet 1', 'Solve Q1-Q10 from the worksheet.', '2026-06-10', TRUE, '2026-06-07 09:00:00', '2026-06-07 09:00:00') ON CONFLICT (id) DO NOTHING;
INSERT INTO homework_submissions (id, homework_id, student_id, status, submitted_at) VALUES ('8db9a779-13e9-5585-86c9-ccb88bf7e527', 'c01b4148-8b35-5616-979c-d20a1854630b', 'S2-G4A-001', 'submitted', '2026-06-07 09:00:00') ON CONFLICT (id) DO NOTHING;
INSERT INTO homework_submissions (id, homework_id, student_id, status, submitted_at) VALUES ('02ff6921-8a24-5757-aa38-344d336b7e63', 'c01b4148-8b35-5616-979c-d20a1854630b', 'S2-G4A-003', 'submitted', '2026-06-07 09:00:00') ON CONFLICT (id) DO NOTHING;
INSERT INTO homework (id, school_id, teacher_id, class_name, section, subject, title, description, due_date, is_active, created_at, updated_at) VALUES ('d54f7840-f7c7-54a5-84ea-fc9f5e698ab1', '583885b4-4f8e-58d1-a6c2-e8a482b4314f', '67cd9de0-efa6-5b7f-86cb-9d3b35fbad3d', 'Grade 6', 'A', 'Science', 'Science — Worksheet 1', 'Solve Q1-Q10 from the worksheet.', '2026-06-10', TRUE, '2026-06-07 09:00:00', '2026-06-07 09:00:00') ON CONFLICT (id) DO NOTHING;
INSERT INTO homework_submissions (id, homework_id, student_id, status, submitted_at) VALUES ('575b13ce-ce64-552c-b27d-56cf3aa795fa', 'd54f7840-f7c7-54a5-84ea-fc9f5e698ab1', 'S2-G6A-002', 'submitted', '2026-06-07 09:00:00') ON CONFLICT (id) DO NOTHING;
INSERT INTO homework (id, school_id, teacher_id, class_name, section, subject, title, description, due_date, is_active, created_at, updated_at) VALUES ('4f4f4680-cfde-5166-8d04-6845b6494714', '583885b4-4f8e-58d1-a6c2-e8a482b4314f', 'f4fe343b-dd17-57ab-97e6-a9c58a269c84', 'Grade 9', 'A', 'English', 'English — Worksheet 1', 'Solve Q1-Q10 from the worksheet.', '2026-06-10', TRUE, '2026-06-07 09:00:00', '2026-06-07 09:00:00') ON CONFLICT (id) DO NOTHING;
INSERT INTO homework_submissions (id, homework_id, student_id, status, submitted_at) VALUES ('1ad49ba0-1072-5d79-965e-126b10327b1a', '4f4f4680-cfde-5166-8d04-6845b6494714', 'S2-G9A-002', 'submitted', '2026-06-07 09:00:00') ON CONFLICT (id) DO NOTHING;
INSERT INTO homework_submissions (id, homework_id, student_id, status, submitted_at) VALUES ('ef0e9f3d-ca4c-5a98-bde5-684c5f8c9157', '4f4f4680-cfde-5166-8d04-6845b6494714', 'S2-G9A-004', 'submitted', '2026-06-07 09:00:00') ON CONFLICT (id) DO NOTHING;
INSERT INTO homework_submissions (id, homework_id, student_id, status, submitted_at) VALUES ('2ca6ecb7-f99c-54b4-90a1-fb6b61c5b634', '4f4f4680-cfde-5166-8d04-6845b6494714', 'S2-G9A-006', 'submitted', '2026-06-07 09:00:00') ON CONFLICT (id) DO NOTHING;

-- -----------------------------------------------------------------------------
-- 16. Syllabus coverage (4 units per (class, subject), 2 covered)
-- -----------------------------------------------------------------------------
INSERT INTO syllabus_units (id, school_id, class_name, section, subject, title, position, is_covered, covered_on, covered_by, created_at, updated_at) VALUES ('b7f2829c-af0a-5c1a-829d-581143b12bbb', '08bdd3c7-7dfb-536d-9f13-2b6e38de31e4', 'Grade 3', 'A', 'English', 'Unit 1 — Foundations', 0, TRUE, '2026-05-18', 'c1988c4f-2fa2-55c0-8e81-0c40098eef9b', '2026-06-07 09:00:00', '2026-06-07 09:00:00') ON CONFLICT (id) DO NOTHING;
INSERT INTO syllabus_units (id, school_id, class_name, section, subject, title, position, is_covered, covered_on, covered_by, created_at, updated_at) VALUES ('4aa1a398-b27b-53b9-90da-09118277afdf', '08bdd3c7-7dfb-536d-9f13-2b6e38de31e4', 'Grade 3', 'A', 'English', 'Unit 2 — Application', 1, TRUE, '2026-05-23', 'c1988c4f-2fa2-55c0-8e81-0c40098eef9b', '2026-06-07 09:00:00', '2026-06-07 09:00:00') ON CONFLICT (id) DO NOTHING;
INSERT INTO syllabus_units (id, school_id, class_name, section, subject, title, position, is_covered, covered_on, covered_by, created_at, updated_at) VALUES ('c7ae79dd-9198-5a0f-b2f2-3a8ec45bc8b4', '08bdd3c7-7dfb-536d-9f13-2b6e38de31e4', 'Grade 3', 'A', 'English', 'Unit 3 — Advanced', 2, FALSE, NULL, NULL, '2026-06-07 09:00:00', '2026-06-07 09:00:00') ON CONFLICT (id) DO NOTHING;
INSERT INTO syllabus_units (id, school_id, class_name, section, subject, title, position, is_covered, covered_on, covered_by, created_at, updated_at) VALUES ('2b8fbf20-1d7b-5d9e-b062-1844aaba9c4b', '08bdd3c7-7dfb-536d-9f13-2b6e38de31e4', 'Grade 3', 'A', 'English', 'Unit 4 — Review', 3, FALSE, NULL, NULL, '2026-06-07 09:00:00', '2026-06-07 09:00:00') ON CONFLICT (id) DO NOTHING;
INSERT INTO syllabus_units (id, school_id, class_name, section, subject, title, position, is_covered, covered_on, covered_by, created_at, updated_at) VALUES ('e021e3fc-5dc3-5e7a-835b-ec38a9a713d3', '08bdd3c7-7dfb-536d-9f13-2b6e38de31e4', 'Grade 3', 'A', 'EVS', 'Unit 1 — Foundations', 0, TRUE, '2026-05-18', 'c1988c4f-2fa2-55c0-8e81-0c40098eef9b', '2026-06-07 09:00:00', '2026-06-07 09:00:00') ON CONFLICT (id) DO NOTHING;
INSERT INTO syllabus_units (id, school_id, class_name, section, subject, title, position, is_covered, covered_on, covered_by, created_at, updated_at) VALUES ('dde7b24a-4a1b-596a-ba62-3e6a85a0583b', '08bdd3c7-7dfb-536d-9f13-2b6e38de31e4', 'Grade 3', 'A', 'EVS', 'Unit 2 — Application', 1, TRUE, '2026-05-23', 'c1988c4f-2fa2-55c0-8e81-0c40098eef9b', '2026-06-07 09:00:00', '2026-06-07 09:00:00') ON CONFLICT (id) DO NOTHING;
INSERT INTO syllabus_units (id, school_id, class_name, section, subject, title, position, is_covered, covered_on, covered_by, created_at, updated_at) VALUES ('4c08591f-ddc1-54d9-ac9b-4e614e0b57d6', '08bdd3c7-7dfb-536d-9f13-2b6e38de31e4', 'Grade 3', 'A', 'EVS', 'Unit 3 — Advanced', 2, FALSE, NULL, NULL, '2026-06-07 09:00:00', '2026-06-07 09:00:00') ON CONFLICT (id) DO NOTHING;
INSERT INTO syllabus_units (id, school_id, class_name, section, subject, title, position, is_covered, covered_on, covered_by, created_at, updated_at) VALUES ('78e4700d-1b32-5817-af55-073279083fc6', '08bdd3c7-7dfb-536d-9f13-2b6e38de31e4', 'Grade 3', 'A', 'EVS', 'Unit 4 — Review', 3, FALSE, NULL, NULL, '2026-06-07 09:00:00', '2026-06-07 09:00:00') ON CONFLICT (id) DO NOTHING;
INSERT INTO syllabus_units (id, school_id, class_name, section, subject, title, position, is_covered, covered_on, covered_by, created_at, updated_at) VALUES ('ac61a868-5ca2-5698-b7c9-bdcf8ebb8fdb', '08bdd3c7-7dfb-536d-9f13-2b6e38de31e4', 'Grade 5', 'A', 'Mathematics', 'Unit 1 — Foundations', 0, TRUE, '2026-05-18', '9e2fe031-f4a9-5d27-a8b6-eb767ab70c7a', '2026-06-07 09:00:00', '2026-06-07 09:00:00') ON CONFLICT (id) DO NOTHING;
INSERT INTO syllabus_units (id, school_id, class_name, section, subject, title, position, is_covered, covered_on, covered_by, created_at, updated_at) VALUES ('afe72fed-61e5-52fe-a31c-da1b2038c66a', '08bdd3c7-7dfb-536d-9f13-2b6e38de31e4', 'Grade 5', 'A', 'Mathematics', 'Unit 2 — Application', 1, TRUE, '2026-05-23', '9e2fe031-f4a9-5d27-a8b6-eb767ab70c7a', '2026-06-07 09:00:00', '2026-06-07 09:00:00') ON CONFLICT (id) DO NOTHING;
INSERT INTO syllabus_units (id, school_id, class_name, section, subject, title, position, is_covered, covered_on, covered_by, created_at, updated_at) VALUES ('dfc7f53a-61ab-5e81-8e93-c22d953f6bb3', '08bdd3c7-7dfb-536d-9f13-2b6e38de31e4', 'Grade 5', 'A', 'Mathematics', 'Unit 3 — Advanced', 2, FALSE, NULL, NULL, '2026-06-07 09:00:00', '2026-06-07 09:00:00') ON CONFLICT (id) DO NOTHING;
INSERT INTO syllabus_units (id, school_id, class_name, section, subject, title, position, is_covered, covered_on, covered_by, created_at, updated_at) VALUES ('f89c6e3e-34a9-54b2-aca3-1a006906f967', '08bdd3c7-7dfb-536d-9f13-2b6e38de31e4', 'Grade 5', 'A', 'Mathematics', 'Unit 4 — Review', 3, FALSE, NULL, NULL, '2026-06-07 09:00:00', '2026-06-07 09:00:00') ON CONFLICT (id) DO NOTHING;
INSERT INTO syllabus_units (id, school_id, class_name, section, subject, title, position, is_covered, covered_on, covered_by, created_at, updated_at) VALUES ('edca7018-8b9d-5ead-a271-7f98c2f4ea53', '08bdd3c7-7dfb-536d-9f13-2b6e38de31e4', 'Grade 5', 'A', 'Science', 'Unit 1 — Foundations', 0, TRUE, '2026-05-18', '9e2fe031-f4a9-5d27-a8b6-eb767ab70c7a', '2026-06-07 09:00:00', '2026-06-07 09:00:00') ON CONFLICT (id) DO NOTHING;
INSERT INTO syllabus_units (id, school_id, class_name, section, subject, title, position, is_covered, covered_on, covered_by, created_at, updated_at) VALUES ('6adca960-7727-5702-8a0d-44b58ce3476d', '08bdd3c7-7dfb-536d-9f13-2b6e38de31e4', 'Grade 5', 'A', 'Science', 'Unit 2 — Application', 1, TRUE, '2026-05-23', '9e2fe031-f4a9-5d27-a8b6-eb767ab70c7a', '2026-06-07 09:00:00', '2026-06-07 09:00:00') ON CONFLICT (id) DO NOTHING;
INSERT INTO syllabus_units (id, school_id, class_name, section, subject, title, position, is_covered, covered_on, covered_by, created_at, updated_at) VALUES ('16eff244-fe48-5d04-9ac8-59ba3029e608', '08bdd3c7-7dfb-536d-9f13-2b6e38de31e4', 'Grade 5', 'A', 'Science', 'Unit 3 — Advanced', 2, FALSE, NULL, NULL, '2026-06-07 09:00:00', '2026-06-07 09:00:00') ON CONFLICT (id) DO NOTHING;
INSERT INTO syllabus_units (id, school_id, class_name, section, subject, title, position, is_covered, covered_on, covered_by, created_at, updated_at) VALUES ('0aa39ba6-d859-552f-bb52-16f31ec594d5', '08bdd3c7-7dfb-536d-9f13-2b6e38de31e4', 'Grade 5', 'A', 'Science', 'Unit 4 — Review', 3, FALSE, NULL, NULL, '2026-06-07 09:00:00', '2026-06-07 09:00:00') ON CONFLICT (id) DO NOTHING;
INSERT INTO syllabus_units (id, school_id, class_name, section, subject, title, position, is_covered, covered_on, covered_by, created_at, updated_at) VALUES ('0d6d291b-8ac8-5f60-9807-db22be5fd507', '08bdd3c7-7dfb-536d-9f13-2b6e38de31e4', 'Grade 8', 'A', 'English', 'Unit 1 — Foundations', 0, TRUE, '2026-05-18', 'fc3f5b19-7024-5c5e-9f48-c1a1d3cee1f4', '2026-06-07 09:00:00', '2026-06-07 09:00:00') ON CONFLICT (id) DO NOTHING;
INSERT INTO syllabus_units (id, school_id, class_name, section, subject, title, position, is_covered, covered_on, covered_by, created_at, updated_at) VALUES ('5728a8b7-19cb-5e6c-853a-8ef3cf637228', '08bdd3c7-7dfb-536d-9f13-2b6e38de31e4', 'Grade 8', 'A', 'English', 'Unit 2 — Application', 1, TRUE, '2026-05-23', 'fc3f5b19-7024-5c5e-9f48-c1a1d3cee1f4', '2026-06-07 09:00:00', '2026-06-07 09:00:00') ON CONFLICT (id) DO NOTHING;
INSERT INTO syllabus_units (id, school_id, class_name, section, subject, title, position, is_covered, covered_on, covered_by, created_at, updated_at) VALUES ('33c0d5be-cf2f-5564-bf0e-3e448d962ed8', '08bdd3c7-7dfb-536d-9f13-2b6e38de31e4', 'Grade 8', 'A', 'English', 'Unit 3 — Advanced', 2, FALSE, NULL, NULL, '2026-06-07 09:00:00', '2026-06-07 09:00:00') ON CONFLICT (id) DO NOTHING;
INSERT INTO syllabus_units (id, school_id, class_name, section, subject, title, position, is_covered, covered_on, covered_by, created_at, updated_at) VALUES ('92fde8b0-8dc0-5ed1-ac5f-18b7fd8bdd92', '08bdd3c7-7dfb-536d-9f13-2b6e38de31e4', 'Grade 8', 'A', 'English', 'Unit 4 — Review', 3, FALSE, NULL, NULL, '2026-06-07 09:00:00', '2026-06-07 09:00:00') ON CONFLICT (id) DO NOTHING;
INSERT INTO syllabus_units (id, school_id, class_name, section, subject, title, position, is_covered, covered_on, covered_by, created_at, updated_at) VALUES ('06a7ea73-ac01-5ace-916b-e3cf8d6ef9a3', '08bdd3c7-7dfb-536d-9f13-2b6e38de31e4', 'Grade 8', 'A', 'Social Studies', 'Unit 1 — Foundations', 0, TRUE, '2026-05-18', 'fc3f5b19-7024-5c5e-9f48-c1a1d3cee1f4', '2026-06-07 09:00:00', '2026-06-07 09:00:00') ON CONFLICT (id) DO NOTHING;
INSERT INTO syllabus_units (id, school_id, class_name, section, subject, title, position, is_covered, covered_on, covered_by, created_at, updated_at) VALUES ('aab404b9-5555-5573-9c0c-7525b5909d49', '08bdd3c7-7dfb-536d-9f13-2b6e38de31e4', 'Grade 8', 'A', 'Social Studies', 'Unit 2 — Application', 1, TRUE, '2026-05-23', 'fc3f5b19-7024-5c5e-9f48-c1a1d3cee1f4', '2026-06-07 09:00:00', '2026-06-07 09:00:00') ON CONFLICT (id) DO NOTHING;
INSERT INTO syllabus_units (id, school_id, class_name, section, subject, title, position, is_covered, covered_on, covered_by, created_at, updated_at) VALUES ('b89495b9-11b4-5b4c-bda0-2bd328149335', '08bdd3c7-7dfb-536d-9f13-2b6e38de31e4', 'Grade 8', 'A', 'Social Studies', 'Unit 3 — Advanced', 2, FALSE, NULL, NULL, '2026-06-07 09:00:00', '2026-06-07 09:00:00') ON CONFLICT (id) DO NOTHING;
INSERT INTO syllabus_units (id, school_id, class_name, section, subject, title, position, is_covered, covered_on, covered_by, created_at, updated_at) VALUES ('8e8f684d-96f6-59d1-9fd5-8c75f5d3240b', '08bdd3c7-7dfb-536d-9f13-2b6e38de31e4', 'Grade 8', 'A', 'Social Studies', 'Unit 4 — Review', 3, FALSE, NULL, NULL, '2026-06-07 09:00:00', '2026-06-07 09:00:00') ON CONFLICT (id) DO NOTHING;
INSERT INTO syllabus_units (id, school_id, class_name, section, subject, title, position, is_covered, covered_on, covered_by, created_at, updated_at) VALUES ('8c5a8b56-de59-5b30-980d-5388cf2f7d11', '08bdd3c7-7dfb-536d-9f13-2b6e38de31e4', 'Grade 8', 'A', 'Mathematics', 'Unit 1 — Foundations', 0, TRUE, '2026-05-18', 'f7154a63-a6db-54d0-8b31-900e02b66b88', '2026-06-07 09:00:00', '2026-06-07 09:00:00') ON CONFLICT (id) DO NOTHING;
INSERT INTO syllabus_units (id, school_id, class_name, section, subject, title, position, is_covered, covered_on, covered_by, created_at, updated_at) VALUES ('e293f5a3-64f7-5a19-801a-9832077ef422', '08bdd3c7-7dfb-536d-9f13-2b6e38de31e4', 'Grade 8', 'A', 'Mathematics', 'Unit 2 — Application', 1, TRUE, '2026-05-23', 'f7154a63-a6db-54d0-8b31-900e02b66b88', '2026-06-07 09:00:00', '2026-06-07 09:00:00') ON CONFLICT (id) DO NOTHING;
INSERT INTO syllabus_units (id, school_id, class_name, section, subject, title, position, is_covered, covered_on, covered_by, created_at, updated_at) VALUES ('d43e77f7-fd92-549b-88e0-61ab899eddab', '08bdd3c7-7dfb-536d-9f13-2b6e38de31e4', 'Grade 8', 'A', 'Mathematics', 'Unit 3 — Advanced', 2, FALSE, NULL, NULL, '2026-06-07 09:00:00', '2026-06-07 09:00:00') ON CONFLICT (id) DO NOTHING;
INSERT INTO syllabus_units (id, school_id, class_name, section, subject, title, position, is_covered, covered_on, covered_by, created_at, updated_at) VALUES ('bc5dd05b-fe24-54d0-a6fb-8808405c121a', '08bdd3c7-7dfb-536d-9f13-2b6e38de31e4', 'Grade 8', 'A', 'Mathematics', 'Unit 4 — Review', 3, FALSE, NULL, NULL, '2026-06-07 09:00:00', '2026-06-07 09:00:00') ON CONFLICT (id) DO NOTHING;
INSERT INTO syllabus_units (id, school_id, class_name, section, subject, title, position, is_covered, covered_on, covered_by, created_at, updated_at) VALUES ('b21e4118-6d97-59f0-8f4d-2f216348c9b4', '583885b4-4f8e-58d1-a6c2-e8a482b4314f', 'Grade 4', 'A', 'English', 'Unit 1 — Foundations', 0, TRUE, '2026-05-18', '2437bc68-52b4-5399-b2b9-f9ec3a1d6837', '2026-06-07 09:00:00', '2026-06-07 09:00:00') ON CONFLICT (id) DO NOTHING;
INSERT INTO syllabus_units (id, school_id, class_name, section, subject, title, position, is_covered, covered_on, covered_by, created_at, updated_at) VALUES ('cb828bfd-bf70-58bb-9b38-5a6cb5b61f52', '583885b4-4f8e-58d1-a6c2-e8a482b4314f', 'Grade 4', 'A', 'English', 'Unit 2 — Application', 1, TRUE, '2026-05-23', '2437bc68-52b4-5399-b2b9-f9ec3a1d6837', '2026-06-07 09:00:00', '2026-06-07 09:00:00') ON CONFLICT (id) DO NOTHING;
INSERT INTO syllabus_units (id, school_id, class_name, section, subject, title, position, is_covered, covered_on, covered_by, created_at, updated_at) VALUES ('dcba41ab-aab5-5691-95dc-513d23fd47ea', '583885b4-4f8e-58d1-a6c2-e8a482b4314f', 'Grade 4', 'A', 'English', 'Unit 3 — Advanced', 2, FALSE, NULL, NULL, '2026-06-07 09:00:00', '2026-06-07 09:00:00') ON CONFLICT (id) DO NOTHING;
INSERT INTO syllabus_units (id, school_id, class_name, section, subject, title, position, is_covered, covered_on, covered_by, created_at, updated_at) VALUES ('52991595-386c-5fa8-89bf-309be0ad9ba6', '583885b4-4f8e-58d1-a6c2-e8a482b4314f', 'Grade 4', 'A', 'English', 'Unit 4 — Review', 3, FALSE, NULL, NULL, '2026-06-07 09:00:00', '2026-06-07 09:00:00') ON CONFLICT (id) DO NOTHING;
INSERT INTO syllabus_units (id, school_id, class_name, section, subject, title, position, is_covered, covered_on, covered_by, created_at, updated_at) VALUES ('f38f708e-0440-5dbd-ad43-ff2e9298942a', '583885b4-4f8e-58d1-a6c2-e8a482b4314f', 'Grade 4', 'A', 'Mathematics', 'Unit 1 — Foundations', 0, TRUE, '2026-05-18', '2437bc68-52b4-5399-b2b9-f9ec3a1d6837', '2026-06-07 09:00:00', '2026-06-07 09:00:00') ON CONFLICT (id) DO NOTHING;
INSERT INTO syllabus_units (id, school_id, class_name, section, subject, title, position, is_covered, covered_on, covered_by, created_at, updated_at) VALUES ('e2f86203-1b68-58cd-ab9c-168ff9a6376c', '583885b4-4f8e-58d1-a6c2-e8a482b4314f', 'Grade 4', 'A', 'Mathematics', 'Unit 2 — Application', 1, TRUE, '2026-05-23', '2437bc68-52b4-5399-b2b9-f9ec3a1d6837', '2026-06-07 09:00:00', '2026-06-07 09:00:00') ON CONFLICT (id) DO NOTHING;
INSERT INTO syllabus_units (id, school_id, class_name, section, subject, title, position, is_covered, covered_on, covered_by, created_at, updated_at) VALUES ('2f1abb69-d854-5875-aff0-815928de3ff9', '583885b4-4f8e-58d1-a6c2-e8a482b4314f', 'Grade 4', 'A', 'Mathematics', 'Unit 3 — Advanced', 2, FALSE, NULL, NULL, '2026-06-07 09:00:00', '2026-06-07 09:00:00') ON CONFLICT (id) DO NOTHING;
INSERT INTO syllabus_units (id, school_id, class_name, section, subject, title, position, is_covered, covered_on, covered_by, created_at, updated_at) VALUES ('445a7cb1-3a12-5f1b-8e91-3844aaeaf50c', '583885b4-4f8e-58d1-a6c2-e8a482b4314f', 'Grade 4', 'A', 'Mathematics', 'Unit 4 — Review', 3, FALSE, NULL, NULL, '2026-06-07 09:00:00', '2026-06-07 09:00:00') ON CONFLICT (id) DO NOTHING;
INSERT INTO syllabus_units (id, school_id, class_name, section, subject, title, position, is_covered, covered_on, covered_by, created_at, updated_at) VALUES ('ca0a1938-c0f0-58bf-8152-df58602d06c5', '583885b4-4f8e-58d1-a6c2-e8a482b4314f', 'Grade 6', 'A', 'Science', 'Unit 1 — Foundations', 0, TRUE, '2026-05-18', '67cd9de0-efa6-5b7f-86cb-9d3b35fbad3d', '2026-06-07 09:00:00', '2026-06-07 09:00:00') ON CONFLICT (id) DO NOTHING;
INSERT INTO syllabus_units (id, school_id, class_name, section, subject, title, position, is_covered, covered_on, covered_by, created_at, updated_at) VALUES ('1b8c3b2b-be5b-5594-9a8c-8d70fa95c26a', '583885b4-4f8e-58d1-a6c2-e8a482b4314f', 'Grade 6', 'A', 'Science', 'Unit 2 — Application', 1, TRUE, '2026-05-23', '67cd9de0-efa6-5b7f-86cb-9d3b35fbad3d', '2026-06-07 09:00:00', '2026-06-07 09:00:00') ON CONFLICT (id) DO NOTHING;
INSERT INTO syllabus_units (id, school_id, class_name, section, subject, title, position, is_covered, covered_on, covered_by, created_at, updated_at) VALUES ('982318ea-99fd-5631-ab3a-fb30276d15ac', '583885b4-4f8e-58d1-a6c2-e8a482b4314f', 'Grade 6', 'A', 'Science', 'Unit 3 — Advanced', 2, FALSE, NULL, NULL, '2026-06-07 09:00:00', '2026-06-07 09:00:00') ON CONFLICT (id) DO NOTHING;
INSERT INTO syllabus_units (id, school_id, class_name, section, subject, title, position, is_covered, covered_on, covered_by, created_at, updated_at) VALUES ('dfa478a0-1f77-57ae-8811-cf30ca87e9a9', '583885b4-4f8e-58d1-a6c2-e8a482b4314f', 'Grade 6', 'A', 'Science', 'Unit 4 — Review', 3, FALSE, NULL, NULL, '2026-06-07 09:00:00', '2026-06-07 09:00:00') ON CONFLICT (id) DO NOTHING;
INSERT INTO syllabus_units (id, school_id, class_name, section, subject, title, position, is_covered, covered_on, covered_by, created_at, updated_at) VALUES ('6bc6bc68-2818-5f4c-b5fd-4e5a03a3ed40', '583885b4-4f8e-58d1-a6c2-e8a482b4314f', 'Grade 9', 'A', 'English', 'Unit 1 — Foundations', 0, TRUE, '2026-05-18', 'f4fe343b-dd17-57ab-97e6-a9c58a269c84', '2026-06-07 09:00:00', '2026-06-07 09:00:00') ON CONFLICT (id) DO NOTHING;
INSERT INTO syllabus_units (id, school_id, class_name, section, subject, title, position, is_covered, covered_on, covered_by, created_at, updated_at) VALUES ('1a08b9e7-17c1-5cc3-abd7-05094b767393', '583885b4-4f8e-58d1-a6c2-e8a482b4314f', 'Grade 9', 'A', 'English', 'Unit 2 — Application', 1, TRUE, '2026-05-23', 'f4fe343b-dd17-57ab-97e6-a9c58a269c84', '2026-06-07 09:00:00', '2026-06-07 09:00:00') ON CONFLICT (id) DO NOTHING;
INSERT INTO syllabus_units (id, school_id, class_name, section, subject, title, position, is_covered, covered_on, covered_by, created_at, updated_at) VALUES ('6f117166-61d1-5ad9-9bf5-6d56b378b3c7', '583885b4-4f8e-58d1-a6c2-e8a482b4314f', 'Grade 9', 'A', 'English', 'Unit 3 — Advanced', 2, FALSE, NULL, NULL, '2026-06-07 09:00:00', '2026-06-07 09:00:00') ON CONFLICT (id) DO NOTHING;
INSERT INTO syllabus_units (id, school_id, class_name, section, subject, title, position, is_covered, covered_on, covered_by, created_at, updated_at) VALUES ('ef94f39e-572e-5c30-b39f-87e0cecdb6ae', '583885b4-4f8e-58d1-a6c2-e8a482b4314f', 'Grade 9', 'A', 'English', 'Unit 4 — Review', 3, FALSE, NULL, NULL, '2026-06-07 09:00:00', '2026-06-07 09:00:00') ON CONFLICT (id) DO NOTHING;

-- -----------------------------------------------------------------------------
-- 17. Announcements (school-wide + class-scoped). event_id prefixed by school.
-- -----------------------------------------------------------------------------
INSERT INTO announcements (id, school_id, event_id, type, title, sub_title, description, event_image, date, audience_type, audience_filter, author_role, synced_to_wa, created_by, created_at, updated_at) VALUES ('b8618aab-13c7-5964-ba1e-cc147fc9514a', '08bdd3c7-7dfb-536d-9f13-2b6e38de31e4', 's1-ann-000', 'Holidays', 'Summer Break Notification', NULL, 'Summer break starts next Monday. Reopens after 4 weeks.', NULL, '2026-06-04', 'ALL_SCHOOL', NULL, 'school_admin', FALSE, '3645fb7d-0980-50fe-a377-9b86f38099c6', '2026-06-07 09:00:00', '2026-06-07 09:00:00') ON CONFLICT (id) DO NOTHING;
INSERT INTO announcements (id, school_id, event_id, type, title, sub_title, description, event_image, date, audience_type, audience_filter, author_role, synced_to_wa, created_by, created_at, updated_at) VALUES ('9180a4ff-0dcc-5d61-a846-b1181d8d7505', '08bdd3c7-7dfb-536d-9f13-2b6e38de31e4', 's1-ann-001', 'PTM', 'Parent-Teacher Meeting', NULL, 'PTM scheduled for next Saturday across all grades.', NULL, '2026-06-11', 'ALL_SCHOOL', NULL, 'school_admin', FALSE, '3645fb7d-0980-50fe-a377-9b86f38099c6', '2026-06-07 09:00:00', '2026-06-07 09:00:00') ON CONFLICT (id) DO NOTHING;
INSERT INTO announcements (id, school_id, event_id, type, title, sub_title, description, event_image, date, audience_type, audience_filter, author_role, synced_to_wa, created_by, created_at, updated_at) VALUES ('22737d5b-a8ac-5c1d-b02e-bba1f0871c87', '08bdd3c7-7dfb-536d-9f13-2b6e38de31e4', 's1-ann-002', 'Events', 'Class Picnic', NULL, 'Picnic this Friday — packed lunch + cap.', NULL, '2026-06-09', 'CLASS', '{"class_name":"Grade 5","section":"A"}', 'school_admin', FALSE, '3645fb7d-0980-50fe-a377-9b86f38099c6', '2026-06-07 09:00:00', '2026-06-07 09:00:00') ON CONFLICT (id) DO NOTHING;
INSERT INTO announcements (id, school_id, event_id, type, title, sub_title, description, event_image, date, audience_type, audience_filter, author_role, synced_to_wa, created_by, created_at, updated_at) VALUES ('b80f47b7-95ba-5713-9ac1-0a8a9cc7a99e', '583885b4-4f8e-58d1-a6c2-e8a482b4314f', 's2-ann-000', 'Holidays', 'Summer Break Notification', NULL, 'Summer break starts next Monday. Reopens after 4 weeks.', NULL, '2026-06-04', 'ALL_SCHOOL', NULL, 'school_admin', FALSE, '0ff14145-8725-533e-9ddd-355166ba4d32', '2026-06-07 09:00:00', '2026-06-07 09:00:00') ON CONFLICT (id) DO NOTHING;
INSERT INTO announcements (id, school_id, event_id, type, title, sub_title, description, event_image, date, audience_type, audience_filter, author_role, synced_to_wa, created_by, created_at, updated_at) VALUES ('0a2ed382-fb07-5ba1-9a32-e73847f680a0', '583885b4-4f8e-58d1-a6c2-e8a482b4314f', 's2-ann-001', 'PTM', 'Parent-Teacher Meeting', NULL, 'PTM scheduled for next Saturday across all grades.', NULL, '2026-06-11', 'ALL_SCHOOL', NULL, 'school_admin', FALSE, '0ff14145-8725-533e-9ddd-355166ba4d32', '2026-06-07 09:00:00', '2026-06-07 09:00:00') ON CONFLICT (id) DO NOTHING;
INSERT INTO announcements (id, school_id, event_id, type, title, sub_title, description, event_image, date, audience_type, audience_filter, author_role, synced_to_wa, created_by, created_at, updated_at) VALUES ('07010ddf-23b3-5c1b-abe8-6c0e0c6e8cad', '583885b4-4f8e-58d1-a6c2-e8a482b4314f', 's2-ann-002', 'Events', 'Class Picnic', NULL, 'Picnic this Friday — packed lunch + cap.', NULL, '2026-06-09', 'CLASS', '{"class_name":"Grade 6","section":"A"}', 'school_admin', FALSE, '0ff14145-8725-533e-9ddd-355166ba4d32', '2026-06-07 09:00:00', '2026-06-07 09:00:00') ON CONFLICT (id) DO NOTHING;

-- -----------------------------------------------------------------------------
-- 18. Academic calendar events + holiday list
-- -----------------------------------------------------------------------------
INSERT INTO academic_calendar (id, school_id, event_id, date, day, event_title, event_description, standard, is_holiday, created_at) VALUES ('3bf38661-691b-58ab-b795-e430589835e1', '08bdd3c7-7dfb-536d-9f13-2b6e38de31e4', 's1-cal-000', '2026-08-15', 'Saturday', 'Independence Day', 'Holiday — flag hoisting at 8 AM.', NULL, TRUE, '2026-06-07 09:00:00') ON CONFLICT (id) DO NOTHING;
INSERT INTO academic_calendar (id, school_id, event_id, date, day, event_title, event_description, standard, is_holiday, created_at) VALUES ('642f028d-9b11-5f03-9c05-a8f07644098a', '08bdd3c7-7dfb-536d-9f13-2b6e38de31e4', 's1-cal-001', '2026-09-12', 'Saturday', 'Annual Sports Day', 'Track & field events for all grades.', NULL, FALSE, '2026-06-07 09:00:00') ON CONFLICT (id) DO NOTHING;
INSERT INTO academic_calendar (id, school_id, event_id, date, day, event_title, event_description, standard, is_holiday, created_at) VALUES ('ec07aadd-b594-5787-8a04-eedd85c3f3f7', '08bdd3c7-7dfb-536d-9f13-2b6e38de31e4', 's1-cal-002', '2026-10-05', 'Monday', 'Mid-term Exams Begin', 'Grades 5-9.', NULL, FALSE, '2026-06-07 09:00:00') ON CONFLICT (id) DO NOTHING;
INSERT INTO academic_calendar (id, school_id, event_id, date, day, event_title, event_description, standard, is_holiday, created_at) VALUES ('c680b420-7512-504e-b6d8-fd93662324f4', '08bdd3c7-7dfb-536d-9f13-2b6e38de31e4', 's1-cal-003', '2026-11-02', 'Monday', 'Diwali Break', 'School closed for Diwali week.', NULL, TRUE, '2026-06-07 09:00:00') ON CONFLICT (id) DO NOTHING;
INSERT INTO academic_calendar (id, school_id, event_id, date, day, event_title, event_description, standard, is_holiday, created_at) VALUES ('bfe22630-6cb6-5bd6-94a9-fdd16e334fb9', '08bdd3c7-7dfb-536d-9f13-2b6e38de31e4', 's1-cal-004', '2026-12-15', 'Tuesday', 'Annual Day', 'Cultural showcase by students.', NULL, FALSE, '2026-06-07 09:00:00') ON CONFLICT (id) DO NOTHING;
INSERT INTO holiday_list (id, school_id, date, title, type, frequency, created_at) VALUES ('c33421cc-2fd6-5be3-98d3-11c913e9225b', '08bdd3c7-7dfb-536d-9f13-2b6e38de31e4', '2026-01-26', 'Republic Day', 'Public', 'yearly', '2026-06-07 09:00:00') ON CONFLICT (id) DO NOTHING;
INSERT INTO holiday_list (id, school_id, date, title, type, frequency, created_at) VALUES ('c340a880-ff67-5ec3-ac63-7d817c9c77ad', '08bdd3c7-7dfb-536d-9f13-2b6e38de31e4', '2026-03-06', 'Holi', 'Public', 'yearly', '2026-06-07 09:00:00') ON CONFLICT (id) DO NOTHING;
INSERT INTO holiday_list (id, school_id, date, title, type, frequency, created_at) VALUES ('65fcda68-606d-5cde-8d22-9d20304cefb1', '08bdd3c7-7dfb-536d-9f13-2b6e38de31e4', '2026-04-21', 'Eid', 'Public', 'yearly', '2026-06-07 09:00:00') ON CONFLICT (id) DO NOTHING;
INSERT INTO academic_calendar (id, school_id, event_id, date, day, event_title, event_description, standard, is_holiday, created_at) VALUES ('e42567b2-d6ae-5e08-8b2f-9f1352cde6c4', '583885b4-4f8e-58d1-a6c2-e8a482b4314f', 's2-cal-000', '2026-08-15', 'Saturday', 'Independence Day', 'Holiday — flag hoisting at 8 AM.', NULL, TRUE, '2026-06-07 09:00:00') ON CONFLICT (id) DO NOTHING;
INSERT INTO academic_calendar (id, school_id, event_id, date, day, event_title, event_description, standard, is_holiday, created_at) VALUES ('03a148e3-5e91-51cf-ad30-187821b60015', '583885b4-4f8e-58d1-a6c2-e8a482b4314f', 's2-cal-001', '2026-09-12', 'Saturday', 'Annual Sports Day', 'Track & field events for all grades.', NULL, FALSE, '2026-06-07 09:00:00') ON CONFLICT (id) DO NOTHING;
INSERT INTO academic_calendar (id, school_id, event_id, date, day, event_title, event_description, standard, is_holiday, created_at) VALUES ('665712f3-e25e-5a25-9726-c96c32df50c5', '583885b4-4f8e-58d1-a6c2-e8a482b4314f', 's2-cal-002', '2026-10-05', 'Monday', 'Mid-term Exams Begin', 'Grades 5-9.', NULL, FALSE, '2026-06-07 09:00:00') ON CONFLICT (id) DO NOTHING;
INSERT INTO academic_calendar (id, school_id, event_id, date, day, event_title, event_description, standard, is_holiday, created_at) VALUES ('5418716e-7e73-501a-b9d9-18c249e6eea9', '583885b4-4f8e-58d1-a6c2-e8a482b4314f', 's2-cal-003', '2026-11-02', 'Monday', 'Diwali Break', 'School closed for Diwali week.', NULL, TRUE, '2026-06-07 09:00:00') ON CONFLICT (id) DO NOTHING;
INSERT INTO academic_calendar (id, school_id, event_id, date, day, event_title, event_description, standard, is_holiday, created_at) VALUES ('b647377a-5e60-5d91-9a7a-324313efc7be', '583885b4-4f8e-58d1-a6c2-e8a482b4314f', 's2-cal-004', '2026-12-15', 'Tuesday', 'Annual Day', 'Cultural showcase by students.', NULL, FALSE, '2026-06-07 09:00:00') ON CONFLICT (id) DO NOTHING;
INSERT INTO holiday_list (id, school_id, date, title, type, frequency, created_at) VALUES ('39eedcdc-a4fe-56b5-8425-67fd800db1e8', '583885b4-4f8e-58d1-a6c2-e8a482b4314f', '2026-01-26', 'Republic Day', 'Public', 'yearly', '2026-06-07 09:00:00') ON CONFLICT (id) DO NOTHING;
INSERT INTO holiday_list (id, school_id, date, title, type, frequency, created_at) VALUES ('fefdcab4-d702-599b-8f55-44b4fb0c9710', '583885b4-4f8e-58d1-a6c2-e8a482b4314f', '2026-03-06', 'Holi', 'Public', 'yearly', '2026-06-07 09:00:00') ON CONFLICT (id) DO NOTHING;
INSERT INTO holiday_list (id, school_id, date, title, type, frequency, created_at) VALUES ('366a0994-c042-515c-ac6c-5995a5f66004', '583885b4-4f8e-58d1-a6c2-e8a482b4314f', '2026-04-21', 'Eid', 'Public', 'yearly', '2026-06-07 09:00:00') ON CONFLICT (id) DO NOTHING;

-- -----------------------------------------------------------------------------
-- 19. Fee records — 3 rows per child (PAID + DUE + OVERDUE), realistic spread
-- -----------------------------------------------------------------------------
INSERT INTO fee_records (id, parent_id, child_id, school_id, title, description, amount, currency, due_date, status, category, created_at, updated_at) VALUES ('10e074e5-14b8-530b-b551-904f527be0c8', 'da630943-6032-52e4-b723-32eafae6c525', 'e72f5a0b-f1b8-5a40-bb61-039527dd05fb', '08bdd3c7-7dfb-536d-9f13-2b6e38de31e4', 'Term 1 Tuition', 'Tuition fee for Term 1', 25000.0, 'INR', '2026-04-08', 'PAID', 'Tuition', '2026-06-07 09:00:00', '2026-06-07 09:00:00') ON CONFLICT (id) DO NOTHING;
INSERT INTO fee_records (id, parent_id, child_id, school_id, title, description, amount, currency, due_date, status, category, created_at, updated_at) VALUES ('51f507ed-2ee0-520e-b5ae-b1ea34125c9a', 'da630943-6032-52e4-b723-32eafae6c525', 'e72f5a0b-f1b8-5a40-bb61-039527dd05fb', '08bdd3c7-7dfb-536d-9f13-2b6e38de31e4', 'Term 2 Tuition', 'Tuition fee for Term 2', 25000.0, 'INR', '2026-06-22', 'DUE', 'Tuition', '2026-06-07 09:00:00', '2026-06-07 09:00:00') ON CONFLICT (id) DO NOTHING;
INSERT INTO fee_records (id, parent_id, child_id, school_id, title, description, amount, currency, due_date, status, category, created_at, updated_at) VALUES ('f90dc5c5-ab33-5ee4-9534-270a11f07f1e', 'da630943-6032-52e4-b723-32eafae6c525', 'e72f5a0b-f1b8-5a40-bb61-039527dd05fb', '08bdd3c7-7dfb-536d-9f13-2b6e38de31e4', 'Transport — Quarter 2', 'School bus, Quarter 2', 4500.0, 'INR', '2026-05-28', 'OVERDUE', 'Transport', '2026-06-07 09:00:00', '2026-06-07 09:00:00') ON CONFLICT (id) DO NOTHING;
INSERT INTO fee_records (id, parent_id, child_id, school_id, title, description, amount, currency, due_date, status, category, created_at, updated_at) VALUES ('3b86ccbb-1200-5a5a-aff4-7195ddca53b3', '0c668b25-287a-5114-9d8a-9d4578a82fb7', '4a56bc2d-031d-5d89-b4ae-f16421652a28', '08bdd3c7-7dfb-536d-9f13-2b6e38de31e4', 'Term 1 Tuition', 'Tuition fee for Term 1', 25000.0, 'INR', '2026-04-08', 'PAID', 'Tuition', '2026-06-07 09:00:00', '2026-06-07 09:00:00') ON CONFLICT (id) DO NOTHING;
INSERT INTO fee_records (id, parent_id, child_id, school_id, title, description, amount, currency, due_date, status, category, created_at, updated_at) VALUES ('701680c5-2b0f-5126-bdd5-18d0c4bc6fe5', '0c668b25-287a-5114-9d8a-9d4578a82fb7', '4a56bc2d-031d-5d89-b4ae-f16421652a28', '08bdd3c7-7dfb-536d-9f13-2b6e38de31e4', 'Term 2 Tuition', 'Tuition fee for Term 2', 25000.0, 'INR', '2026-06-22', 'DUE', 'Tuition', '2026-06-07 09:00:00', '2026-06-07 09:00:00') ON CONFLICT (id) DO NOTHING;
INSERT INTO fee_records (id, parent_id, child_id, school_id, title, description, amount, currency, due_date, status, category, created_at, updated_at) VALUES ('2f24cd87-d288-5886-9d41-482003915bb1', '0c668b25-287a-5114-9d8a-9d4578a82fb7', '4a56bc2d-031d-5d89-b4ae-f16421652a28', '08bdd3c7-7dfb-536d-9f13-2b6e38de31e4', 'Transport — Quarter 2', 'School bus, Quarter 2', 4500.0, 'INR', '2026-05-28', 'OVERDUE', 'Transport', '2026-06-07 09:00:00', '2026-06-07 09:00:00') ON CONFLICT (id) DO NOTHING;
INSERT INTO fee_records (id, parent_id, child_id, school_id, title, description, amount, currency, due_date, status, category, created_at, updated_at) VALUES ('71ed0faf-bd1a-52a5-ab78-d631bfd74a81', 'f003fb55-9008-544e-9d59-315b3863521c', 'd3c78fa7-0151-558c-b5d5-986707bf51f4', '08bdd3c7-7dfb-536d-9f13-2b6e38de31e4', 'Term 1 Tuition', 'Tuition fee for Term 1', 25000.0, 'INR', '2026-04-08', 'PAID', 'Tuition', '2026-06-07 09:00:00', '2026-06-07 09:00:00') ON CONFLICT (id) DO NOTHING;
INSERT INTO fee_records (id, parent_id, child_id, school_id, title, description, amount, currency, due_date, status, category, created_at, updated_at) VALUES ('861f76ca-09ab-5942-a70b-7098c6444677', 'f003fb55-9008-544e-9d59-315b3863521c', 'd3c78fa7-0151-558c-b5d5-986707bf51f4', '08bdd3c7-7dfb-536d-9f13-2b6e38de31e4', 'Term 2 Tuition', 'Tuition fee for Term 2', 25000.0, 'INR', '2026-06-22', 'DUE', 'Tuition', '2026-06-07 09:00:00', '2026-06-07 09:00:00') ON CONFLICT (id) DO NOTHING;
INSERT INTO fee_records (id, parent_id, child_id, school_id, title, description, amount, currency, due_date, status, category, created_at, updated_at) VALUES ('4c5d6fbf-8991-5492-b8d2-2c467342bf9b', 'f003fb55-9008-544e-9d59-315b3863521c', 'd3c78fa7-0151-558c-b5d5-986707bf51f4', '08bdd3c7-7dfb-536d-9f13-2b6e38de31e4', 'Transport — Quarter 2', 'School bus, Quarter 2', 4500.0, 'INR', '2026-05-28', 'OVERDUE', 'Transport', '2026-06-07 09:00:00', '2026-06-07 09:00:00') ON CONFLICT (id) DO NOTHING;
INSERT INTO fee_records (id, parent_id, child_id, school_id, title, description, amount, currency, due_date, status, category, created_at, updated_at) VALUES ('b90aeeb2-982a-572a-bb26-f51dd3fc47d3', 'f003fb55-9008-544e-9d59-315b3863521c', '4e7314e5-791a-5f98-a015-46ea4e3535e2', '08bdd3c7-7dfb-536d-9f13-2b6e38de31e4', 'Term 1 Tuition', 'Tuition fee for Term 1', 25000.0, 'INR', '2026-04-08', 'PAID', 'Tuition', '2026-06-07 09:00:00', '2026-06-07 09:00:00') ON CONFLICT (id) DO NOTHING;
INSERT INTO fee_records (id, parent_id, child_id, school_id, title, description, amount, currency, due_date, status, category, created_at, updated_at) VALUES ('13a48601-13f6-5206-9836-8c193c36ffc0', 'f003fb55-9008-544e-9d59-315b3863521c', '4e7314e5-791a-5f98-a015-46ea4e3535e2', '08bdd3c7-7dfb-536d-9f13-2b6e38de31e4', 'Term 2 Tuition', 'Tuition fee for Term 2', 25000.0, 'INR', '2026-06-22', 'DUE', 'Tuition', '2026-06-07 09:00:00', '2026-06-07 09:00:00') ON CONFLICT (id) DO NOTHING;
INSERT INTO fee_records (id, parent_id, child_id, school_id, title, description, amount, currency, due_date, status, category, created_at, updated_at) VALUES ('dc6c35e3-cc90-5d41-9a84-e5ae65d6a3a3', 'f003fb55-9008-544e-9d59-315b3863521c', '4e7314e5-791a-5f98-a015-46ea4e3535e2', '08bdd3c7-7dfb-536d-9f13-2b6e38de31e4', 'Transport — Quarter 2', 'School bus, Quarter 2', 4500.0, 'INR', '2026-05-28', 'OVERDUE', 'Transport', '2026-06-07 09:00:00', '2026-06-07 09:00:00') ON CONFLICT (id) DO NOTHING;
INSERT INTO fee_records (id, parent_id, child_id, school_id, title, description, amount, currency, due_date, status, category, created_at, updated_at) VALUES ('4bb2a16d-dbb7-51e3-9c15-6a490c79308d', 'dee299ef-0aa2-5cf9-ad3e-cc42b62297e6', '2671cf97-5e98-555f-afa1-8f5e16b04925', '08bdd3c7-7dfb-536d-9f13-2b6e38de31e4', 'Term 1 Tuition', 'Tuition fee for Term 1', 25000.0, 'INR', '2026-04-08', 'PAID', 'Tuition', '2026-06-07 09:00:00', '2026-06-07 09:00:00') ON CONFLICT (id) DO NOTHING;
INSERT INTO fee_records (id, parent_id, child_id, school_id, title, description, amount, currency, due_date, status, category, created_at, updated_at) VALUES ('ecd4f0c8-c770-559c-b498-3eab36826ee2', 'dee299ef-0aa2-5cf9-ad3e-cc42b62297e6', '2671cf97-5e98-555f-afa1-8f5e16b04925', '08bdd3c7-7dfb-536d-9f13-2b6e38de31e4', 'Term 2 Tuition', 'Tuition fee for Term 2', 25000.0, 'INR', '2026-06-22', 'DUE', 'Tuition', '2026-06-07 09:00:00', '2026-06-07 09:00:00') ON CONFLICT (id) DO NOTHING;
INSERT INTO fee_records (id, parent_id, child_id, school_id, title, description, amount, currency, due_date, status, category, created_at, updated_at) VALUES ('edca096b-8b62-5a13-befe-83c050c22819', 'dee299ef-0aa2-5cf9-ad3e-cc42b62297e6', '2671cf97-5e98-555f-afa1-8f5e16b04925', '08bdd3c7-7dfb-536d-9f13-2b6e38de31e4', 'Transport — Quarter 2', 'School bus, Quarter 2', 4500.0, 'INR', '2026-05-28', 'OVERDUE', 'Transport', '2026-06-07 09:00:00', '2026-06-07 09:00:00') ON CONFLICT (id) DO NOTHING;
INSERT INTO fee_records (id, parent_id, child_id, school_id, title, description, amount, currency, due_date, status, category, created_at, updated_at) VALUES ('d2534144-a915-5713-9ef9-8db4cedeb9b1', '8fac62fe-1f4a-54f3-91a9-651274e9ce29', 'cbdf5765-7830-5527-9a94-7b4f31be8ab7', '08bdd3c7-7dfb-536d-9f13-2b6e38de31e4', 'Term 1 Tuition', 'Tuition fee for Term 1', 25000.0, 'INR', '2026-04-08', 'PAID', 'Tuition', '2026-06-07 09:00:00', '2026-06-07 09:00:00') ON CONFLICT (id) DO NOTHING;
INSERT INTO fee_records (id, parent_id, child_id, school_id, title, description, amount, currency, due_date, status, category, created_at, updated_at) VALUES ('d8fe98e4-2c0a-55ae-8fd9-fbbf5d47627b', '8fac62fe-1f4a-54f3-91a9-651274e9ce29', 'cbdf5765-7830-5527-9a94-7b4f31be8ab7', '08bdd3c7-7dfb-536d-9f13-2b6e38de31e4', 'Term 2 Tuition', 'Tuition fee for Term 2', 25000.0, 'INR', '2026-06-22', 'DUE', 'Tuition', '2026-06-07 09:00:00', '2026-06-07 09:00:00') ON CONFLICT (id) DO NOTHING;
INSERT INTO fee_records (id, parent_id, child_id, school_id, title, description, amount, currency, due_date, status, category, created_at, updated_at) VALUES ('1424abb0-92cf-5f9b-9cce-6e467867acf0', '8fac62fe-1f4a-54f3-91a9-651274e9ce29', 'cbdf5765-7830-5527-9a94-7b4f31be8ab7', '08bdd3c7-7dfb-536d-9f13-2b6e38de31e4', 'Transport — Quarter 2', 'School bus, Quarter 2', 4500.0, 'INR', '2026-05-28', 'OVERDUE', 'Transport', '2026-06-07 09:00:00', '2026-06-07 09:00:00') ON CONFLICT (id) DO NOTHING;
INSERT INTO fee_records (id, parent_id, child_id, school_id, title, description, amount, currency, due_date, status, category, created_at, updated_at) VALUES ('ca9f6138-aede-54f1-adcd-6bc749c1f3c0', '8fac62fe-1f4a-54f3-91a9-651274e9ce29', '77e1ccf4-0f06-5c69-9f40-69ef11758ac5', '08bdd3c7-7dfb-536d-9f13-2b6e38de31e4', 'Term 1 Tuition', 'Tuition fee for Term 1', 25000.0, 'INR', '2026-04-08', 'PAID', 'Tuition', '2026-06-07 09:00:00', '2026-06-07 09:00:00') ON CONFLICT (id) DO NOTHING;
INSERT INTO fee_records (id, parent_id, child_id, school_id, title, description, amount, currency, due_date, status, category, created_at, updated_at) VALUES ('5cdfc194-1dce-5c0d-9ca9-3625fff8a5fe', '8fac62fe-1f4a-54f3-91a9-651274e9ce29', '77e1ccf4-0f06-5c69-9f40-69ef11758ac5', '08bdd3c7-7dfb-536d-9f13-2b6e38de31e4', 'Term 2 Tuition', 'Tuition fee for Term 2', 25000.0, 'INR', '2026-06-22', 'DUE', 'Tuition', '2026-06-07 09:00:00', '2026-06-07 09:00:00') ON CONFLICT (id) DO NOTHING;
INSERT INTO fee_records (id, parent_id, child_id, school_id, title, description, amount, currency, due_date, status, category, created_at, updated_at) VALUES ('2894b9eb-5071-5e54-a113-48bcb64be112', '8fac62fe-1f4a-54f3-91a9-651274e9ce29', '77e1ccf4-0f06-5c69-9f40-69ef11758ac5', '08bdd3c7-7dfb-536d-9f13-2b6e38de31e4', 'Transport — Quarter 2', 'School bus, Quarter 2', 4500.0, 'INR', '2026-05-28', 'OVERDUE', 'Transport', '2026-06-07 09:00:00', '2026-06-07 09:00:00') ON CONFLICT (id) DO NOTHING;
INSERT INTO fee_records (id, parent_id, child_id, school_id, title, description, amount, currency, due_date, status, category, created_at, updated_at) VALUES ('920f20a3-78b5-5148-b8d5-c2599949e256', 'd3d21065-0ce4-55be-84bc-c8aeb4276f89', '7f1d484f-f1d1-54b0-805e-5d542850b44a', '583885b4-4f8e-58d1-a6c2-e8a482b4314f', 'Term 1 Tuition', 'Tuition fee for Term 1', 25000.0, 'INR', '2026-04-08', 'PAID', 'Tuition', '2026-06-07 09:00:00', '2026-06-07 09:00:00') ON CONFLICT (id) DO NOTHING;
INSERT INTO fee_records (id, parent_id, child_id, school_id, title, description, amount, currency, due_date, status, category, created_at, updated_at) VALUES ('0f0f62c1-b763-5e88-8e56-b0660be56678', 'd3d21065-0ce4-55be-84bc-c8aeb4276f89', '7f1d484f-f1d1-54b0-805e-5d542850b44a', '583885b4-4f8e-58d1-a6c2-e8a482b4314f', 'Term 2 Tuition', 'Tuition fee for Term 2', 25000.0, 'INR', '2026-06-22', 'DUE', 'Tuition', '2026-06-07 09:00:00', '2026-06-07 09:00:00') ON CONFLICT (id) DO NOTHING;
INSERT INTO fee_records (id, parent_id, child_id, school_id, title, description, amount, currency, due_date, status, category, created_at, updated_at) VALUES ('3e95d181-7ff3-533a-8143-47e117619abe', 'd3d21065-0ce4-55be-84bc-c8aeb4276f89', '7f1d484f-f1d1-54b0-805e-5d542850b44a', '583885b4-4f8e-58d1-a6c2-e8a482b4314f', 'Transport — Quarter 2', 'School bus, Quarter 2', 4500.0, 'INR', '2026-05-28', 'OVERDUE', 'Transport', '2026-06-07 09:00:00', '2026-06-07 09:00:00') ON CONFLICT (id) DO NOTHING;
INSERT INTO fee_records (id, parent_id, child_id, school_id, title, description, amount, currency, due_date, status, category, created_at, updated_at) VALUES ('5383571c-c34f-5dcf-8738-46a1e89419ab', '7a02cd26-60b0-5d11-bb2c-894c14b66351', '05c869de-a562-5839-b58b-77d139d7dfec', '583885b4-4f8e-58d1-a6c2-e8a482b4314f', 'Term 1 Tuition', 'Tuition fee for Term 1', 25000.0, 'INR', '2026-04-08', 'PAID', 'Tuition', '2026-06-07 09:00:00', '2026-06-07 09:00:00') ON CONFLICT (id) DO NOTHING;
INSERT INTO fee_records (id, parent_id, child_id, school_id, title, description, amount, currency, due_date, status, category, created_at, updated_at) VALUES ('9af8a571-ed41-59f7-a330-54ac57c5e221', '7a02cd26-60b0-5d11-bb2c-894c14b66351', '05c869de-a562-5839-b58b-77d139d7dfec', '583885b4-4f8e-58d1-a6c2-e8a482b4314f', 'Term 2 Tuition', 'Tuition fee for Term 2', 25000.0, 'INR', '2026-06-22', 'DUE', 'Tuition', '2026-06-07 09:00:00', '2026-06-07 09:00:00') ON CONFLICT (id) DO NOTHING;
INSERT INTO fee_records (id, parent_id, child_id, school_id, title, description, amount, currency, due_date, status, category, created_at, updated_at) VALUES ('e6516acc-f587-5d69-8dc1-cd1b515abb35', '7a02cd26-60b0-5d11-bb2c-894c14b66351', '05c869de-a562-5839-b58b-77d139d7dfec', '583885b4-4f8e-58d1-a6c2-e8a482b4314f', 'Transport — Quarter 2', 'School bus, Quarter 2', 4500.0, 'INR', '2026-05-28', 'OVERDUE', 'Transport', '2026-06-07 09:00:00', '2026-06-07 09:00:00') ON CONFLICT (id) DO NOTHING;
INSERT INTO fee_records (id, parent_id, child_id, school_id, title, description, amount, currency, due_date, status, category, created_at, updated_at) VALUES ('e2b3f7e6-fb66-5ee4-bf2c-b0928d0914b1', '59814f73-ce7a-57fc-bb8f-1732d17d266d', '1370532e-764a-53f7-ae19-08ec23a0ea74', '583885b4-4f8e-58d1-a6c2-e8a482b4314f', 'Term 1 Tuition', 'Tuition fee for Term 1', 25000.0, 'INR', '2026-04-08', 'PAID', 'Tuition', '2026-06-07 09:00:00', '2026-06-07 09:00:00') ON CONFLICT (id) DO NOTHING;
INSERT INTO fee_records (id, parent_id, child_id, school_id, title, description, amount, currency, due_date, status, category, created_at, updated_at) VALUES ('3cb2435a-d013-5805-9350-aef5cb3d2e7c', '59814f73-ce7a-57fc-bb8f-1732d17d266d', '1370532e-764a-53f7-ae19-08ec23a0ea74', '583885b4-4f8e-58d1-a6c2-e8a482b4314f', 'Term 2 Tuition', 'Tuition fee for Term 2', 25000.0, 'INR', '2026-06-22', 'DUE', 'Tuition', '2026-06-07 09:00:00', '2026-06-07 09:00:00') ON CONFLICT (id) DO NOTHING;
INSERT INTO fee_records (id, parent_id, child_id, school_id, title, description, amount, currency, due_date, status, category, created_at, updated_at) VALUES ('8f039663-625e-5d1b-a970-3926604b990e', '59814f73-ce7a-57fc-bb8f-1732d17d266d', '1370532e-764a-53f7-ae19-08ec23a0ea74', '583885b4-4f8e-58d1-a6c2-e8a482b4314f', 'Transport — Quarter 2', 'School bus, Quarter 2', 4500.0, 'INR', '2026-05-28', 'OVERDUE', 'Transport', '2026-06-07 09:00:00', '2026-06-07 09:00:00') ON CONFLICT (id) DO NOTHING;
INSERT INTO fee_records (id, parent_id, child_id, school_id, title, description, amount, currency, due_date, status, category, created_at, updated_at) VALUES ('f807c459-5090-526d-996d-829f95b40d9b', '59814f73-ce7a-57fc-bb8f-1732d17d266d', '3e5acdb9-e25e-54b8-8618-ee95b0b8f472', '583885b4-4f8e-58d1-a6c2-e8a482b4314f', 'Term 1 Tuition', 'Tuition fee for Term 1', 25000.0, 'INR', '2026-04-08', 'PAID', 'Tuition', '2026-06-07 09:00:00', '2026-06-07 09:00:00') ON CONFLICT (id) DO NOTHING;
INSERT INTO fee_records (id, parent_id, child_id, school_id, title, description, amount, currency, due_date, status, category, created_at, updated_at) VALUES ('ba39d2a5-ffb0-5656-8d22-9aaf62210caf', '59814f73-ce7a-57fc-bb8f-1732d17d266d', '3e5acdb9-e25e-54b8-8618-ee95b0b8f472', '583885b4-4f8e-58d1-a6c2-e8a482b4314f', 'Term 2 Tuition', 'Tuition fee for Term 2', 25000.0, 'INR', '2026-06-22', 'DUE', 'Tuition', '2026-06-07 09:00:00', '2026-06-07 09:00:00') ON CONFLICT (id) DO NOTHING;
INSERT INTO fee_records (id, parent_id, child_id, school_id, title, description, amount, currency, due_date, status, category, created_at, updated_at) VALUES ('079c32bc-7bc3-5c02-ba83-b01c8af58adb', '59814f73-ce7a-57fc-bb8f-1732d17d266d', '3e5acdb9-e25e-54b8-8618-ee95b0b8f472', '583885b4-4f8e-58d1-a6c2-e8a482b4314f', 'Transport — Quarter 2', 'School bus, Quarter 2', 4500.0, 'INR', '2026-05-28', 'OVERDUE', 'Transport', '2026-06-07 09:00:00', '2026-06-07 09:00:00') ON CONFLICT (id) DO NOTHING;
INSERT INTO fee_records (id, parent_id, child_id, school_id, title, description, amount, currency, due_date, status, category, created_at, updated_at) VALUES ('698400b8-ae53-58e6-8254-2f9c6475eefa', '570c5fc5-aac0-5b3e-a556-e6bfb88b230b', '20a7d712-95b2-5c8c-ba59-71c945ba17fb', '583885b4-4f8e-58d1-a6c2-e8a482b4314f', 'Term 1 Tuition', 'Tuition fee for Term 1', 25000.0, 'INR', '2026-04-08', 'PAID', 'Tuition', '2026-06-07 09:00:00', '2026-06-07 09:00:00') ON CONFLICT (id) DO NOTHING;
INSERT INTO fee_records (id, parent_id, child_id, school_id, title, description, amount, currency, due_date, status, category, created_at, updated_at) VALUES ('08d6aa57-6099-53dc-aef6-52dba622f0bf', '570c5fc5-aac0-5b3e-a556-e6bfb88b230b', '20a7d712-95b2-5c8c-ba59-71c945ba17fb', '583885b4-4f8e-58d1-a6c2-e8a482b4314f', 'Term 2 Tuition', 'Tuition fee for Term 2', 25000.0, 'INR', '2026-06-22', 'DUE', 'Tuition', '2026-06-07 09:00:00', '2026-06-07 09:00:00') ON CONFLICT (id) DO NOTHING;
INSERT INTO fee_records (id, parent_id, child_id, school_id, title, description, amount, currency, due_date, status, category, created_at, updated_at) VALUES ('033d1ecf-c7ec-5655-929f-dbfd179c4468', '570c5fc5-aac0-5b3e-a556-e6bfb88b230b', '20a7d712-95b2-5c8c-ba59-71c945ba17fb', '583885b4-4f8e-58d1-a6c2-e8a482b4314f', 'Transport — Quarter 2', 'School bus, Quarter 2', 4500.0, 'INR', '2026-05-28', 'OVERDUE', 'Transport', '2026-06-07 09:00:00', '2026-06-07 09:00:00') ON CONFLICT (id) DO NOTHING;
INSERT INTO fee_records (id, parent_id, child_id, school_id, title, description, amount, currency, due_date, status, category, created_at, updated_at) VALUES ('3c5d25ef-4ec1-52f0-ac0f-46a4dfb03f94', '6ec00eb9-ee54-54ca-b7dc-230bf0483095', 'a3b5974c-3150-53bf-8588-3f77b52b5f3e', '583885b4-4f8e-58d1-a6c2-e8a482b4314f', 'Term 1 Tuition', 'Tuition fee for Term 1', 25000.0, 'INR', '2026-04-08', 'PAID', 'Tuition', '2026-06-07 09:00:00', '2026-06-07 09:00:00') ON CONFLICT (id) DO NOTHING;
INSERT INTO fee_records (id, parent_id, child_id, school_id, title, description, amount, currency, due_date, status, category, created_at, updated_at) VALUES ('d8101b19-d027-5870-a386-b041ad2a9858', '6ec00eb9-ee54-54ca-b7dc-230bf0483095', 'a3b5974c-3150-53bf-8588-3f77b52b5f3e', '583885b4-4f8e-58d1-a6c2-e8a482b4314f', 'Term 2 Tuition', 'Tuition fee for Term 2', 25000.0, 'INR', '2026-06-22', 'DUE', 'Tuition', '2026-06-07 09:00:00', '2026-06-07 09:00:00') ON CONFLICT (id) DO NOTHING;
INSERT INTO fee_records (id, parent_id, child_id, school_id, title, description, amount, currency, due_date, status, category, created_at, updated_at) VALUES ('774f5890-5506-5563-a765-0fa0dd4f9681', '6ec00eb9-ee54-54ca-b7dc-230bf0483095', 'a3b5974c-3150-53bf-8588-3f77b52b5f3e', '583885b4-4f8e-58d1-a6c2-e8a482b4314f', 'Transport — Quarter 2', 'School bus, Quarter 2', 4500.0, 'INR', '2026-05-28', 'OVERDUE', 'Transport', '2026-06-07 09:00:00', '2026-06-07 09:00:00') ON CONFLICT (id) DO NOTHING;
INSERT INTO fee_records (id, parent_id, child_id, school_id, title, description, amount, currency, due_date, status, category, created_at, updated_at) VALUES ('b8e5541a-3831-5de4-9653-5e4aaf48a039', 'c5a3f433-e4c0-5aaf-8dbc-62fd39f1953d', 'd9d72b52-769c-50c1-885c-9e9d66fcf817', '583885b4-4f8e-58d1-a6c2-e8a482b4314f', 'Term 1 Tuition', 'Tuition fee for Term 1', 25000.0, 'INR', '2026-04-08', 'PAID', 'Tuition', '2026-06-07 09:00:00', '2026-06-07 09:00:00') ON CONFLICT (id) DO NOTHING;
INSERT INTO fee_records (id, parent_id, child_id, school_id, title, description, amount, currency, due_date, status, category, created_at, updated_at) VALUES ('928ecbe5-8967-5cf2-ae0c-d2cb6eed0bf4', 'c5a3f433-e4c0-5aaf-8dbc-62fd39f1953d', 'd9d72b52-769c-50c1-885c-9e9d66fcf817', '583885b4-4f8e-58d1-a6c2-e8a482b4314f', 'Term 2 Tuition', 'Tuition fee for Term 2', 25000.0, 'INR', '2026-06-22', 'DUE', 'Tuition', '2026-06-07 09:00:00', '2026-06-07 09:00:00') ON CONFLICT (id) DO NOTHING;
INSERT INTO fee_records (id, parent_id, child_id, school_id, title, description, amount, currency, due_date, status, category, created_at, updated_at) VALUES ('5ee41e69-a293-5ea8-a129-e6be76c0fadf', 'c5a3f433-e4c0-5aaf-8dbc-62fd39f1953d', 'd9d72b52-769c-50c1-885c-9e9d66fcf817', '583885b4-4f8e-58d1-a6c2-e8a482b4314f', 'Transport — Quarter 2', 'School bus, Quarter 2', 4500.0, 'INR', '2026-05-28', 'OVERDUE', 'Transport', '2026-06-07 09:00:00', '2026-06-07 09:00:00') ON CONFLICT (id) DO NOTHING;
INSERT INTO fee_records (id, parent_id, child_id, school_id, title, description, amount, currency, due_date, status, category, created_at, updated_at) VALUES ('d074d0ee-b9f1-5f21-8d48-84935e92f528', 'c5a3f433-e4c0-5aaf-8dbc-62fd39f1953d', 'f35fb2bb-2f07-5c47-a7a3-9cabe4662dfe', '583885b4-4f8e-58d1-a6c2-e8a482b4314f', 'Term 1 Tuition', 'Tuition fee for Term 1', 25000.0, 'INR', '2026-04-08', 'PAID', 'Tuition', '2026-06-07 09:00:00', '2026-06-07 09:00:00') ON CONFLICT (id) DO NOTHING;
INSERT INTO fee_records (id, parent_id, child_id, school_id, title, description, amount, currency, due_date, status, category, created_at, updated_at) VALUES ('e62b8119-f353-58f4-9e06-bd2852e2ea3b', 'c5a3f433-e4c0-5aaf-8dbc-62fd39f1953d', 'f35fb2bb-2f07-5c47-a7a3-9cabe4662dfe', '583885b4-4f8e-58d1-a6c2-e8a482b4314f', 'Term 2 Tuition', 'Tuition fee for Term 2', 25000.0, 'INR', '2026-06-22', 'DUE', 'Tuition', '2026-06-07 09:00:00', '2026-06-07 09:00:00') ON CONFLICT (id) DO NOTHING;
INSERT INTO fee_records (id, parent_id, child_id, school_id, title, description, amount, currency, due_date, status, category, created_at, updated_at) VALUES ('30b45ed8-09c3-5e12-a6ec-7842a3e99284', 'c5a3f433-e4c0-5aaf-8dbc-62fd39f1953d', 'f35fb2bb-2f07-5c47-a7a3-9cabe4662dfe', '583885b4-4f8e-58d1-a6c2-e8a482b4314f', 'Transport — Quarter 2', 'School bus, Quarter 2', 4500.0, 'INR', '2026-05-28', 'OVERDUE', 'Transport', '2026-06-07 09:00:00', '2026-06-07 09:00:00') ON CONFLICT (id) DO NOTHING;

-- -----------------------------------------------------------------------------
-- 20. Scholarships catalogue (global) + per-parent applications
-- REQUIRES: scripts/schema-patch-2026-06-07.sql to have run first.
-- -----------------------------------------------------------------------------
INSERT INTO scholarships (id, title, description, amount, time_left, category, is_critical, position, is_active, created_at, updated_at) VALUES ('638eff43-f74f-5a77-8e67-291ec6a3c407', 'STEM Excellence Award', 'For grades 6-9 showing strong STEM aptitude.', '₹45,000', '5d : 12h', 'Merit Based', FALSE, 0, TRUE, '2026-06-07 09:00:00', '2026-06-07 09:00:00') ON CONFLICT (id) DO NOTHING;
INSERT INTO scholarships (id, title, description, amount, time_left, category, is_critical, position, is_active, created_at, updated_at) VALUES ('3e0fb6c4-4ff6-59c0-befa-1151adc3cd0a', 'Sports Star Scholarship', 'For state-level sportspersons.', '₹30,000', '9d : 02h', 'Sports', FALSE, 1, TRUE, '2026-06-07 09:00:00', '2026-06-07 09:00:00') ON CONFLICT (id) DO NOTHING;
INSERT INTO scholarships (id, title, description, amount, time_left, category, is_critical, position, is_active, created_at, updated_at) VALUES ('d224889a-d6f9-5c5e-b511-a7132f14a9eb', 'Need-based Grant', 'Income-based tuition support.', '₹60,000', '2d : 03h', 'Need Based', TRUE, 2, TRUE, '2026-06-07 09:00:00', '2026-06-07 09:00:00') ON CONFLICT (id) DO NOTHING;
INSERT INTO scholarship_applications (id, parent_id, institution, program, status, icon_name, position, created_at, updated_at) VALUES ('978f7f3e-541f-5d09-9a69-a72aa4b655d5', 'da630943-6032-52e4-b723-32eafae6c525', 'Indian Institute of Science', 'Young Scholars Program', 'Received', 'school', 0, '2026-06-07 09:00:00', '2026-06-07 09:00:00') ON CONFLICT (id) DO NOTHING;
INSERT INTO scholarship_applications (id, parent_id, institution, program, status, icon_name, position, created_at, updated_at) VALUES ('9be0da1c-ea19-5db0-b470-f4ef55f33559', '0c668b25-287a-5114-9d8a-9d4578a82fb7', 'IIT Kanpur Outreach', 'Math Olympiad Track', 'Under Review', 'school', 0, '2026-06-07 09:00:00', '2026-06-07 09:00:00') ON CONFLICT (id) DO NOTHING;
INSERT INTO scholarship_applications (id, parent_id, institution, program, status, icon_name, position, created_at, updated_at) VALUES ('4e80bda0-da6b-5c17-a6cb-547f587b73db', 'f003fb55-9008-544e-9d59-315b3863521c', 'Delhi Public Trust', 'Need-based Aid', 'Shortlisted', 'school', 0, '2026-06-07 09:00:00', '2026-06-07 09:00:00') ON CONFLICT (id) DO NOTHING;
INSERT INTO scholarship_applications (id, parent_id, institution, program, status, icon_name, position, created_at, updated_at) VALUES ('cc23a011-2cff-50fb-8e29-6399bb62879e', 'dee299ef-0aa2-5cf9-ad3e-cc42b62297e6', 'Tata Trusts', 'Merit Award', 'Received', 'school', 0, '2026-06-07 09:00:00', '2026-06-07 09:00:00') ON CONFLICT (id) DO NOTHING;

COMMIT;

-- =============================================================================
-- 21. VERIFICATION SELECTs (run after COMMIT)
--
-- Expected counts (left-hand label = entity, right-hand value = expected n):
--   schools           : 2
--   admins            : 2
--   teachers          : 7
--   parents           : 11
--   students          : 26
--   children          : 15
--   assignments       : 11
--   attendance        : 650
--   assessments       : 11
--   marks             : 42
--   exam_results      : 42
--   homework          : 11
--   fees              : 45
--   announcements     : 6
--   scholarships      : 3
--   scholarship_apps  : 4
--
-- All multi-tenancy 'bad' counts at the end must be 0.
-- =============================================================================
SELECT 'schools'         AS entity, count(*) AS n FROM schools WHERE slug IN ('sunrise-public-school','greenfield-academy')
UNION ALL SELECT 'admins',          count(*) FROM app_users WHERE role='school_admin'
UNION ALL SELECT 'teachers',        count(*) FROM app_users WHERE role='teacher'
UNION ALL SELECT 'parents',         count(*) FROM app_users WHERE role='parent'
UNION ALL SELECT 'students',        count(*) FROM students
UNION ALL SELECT 'children',        count(*) FROM children
UNION ALL SELECT 'assignments',     count(*) FROM teacher_subject_assignments
UNION ALL SELECT 'attendance',      count(*) FROM attendance_records
UNION ALL SELECT 'assessments',     count(*) FROM assessments
UNION ALL SELECT 'marks',           count(*) FROM assessment_marks
UNION ALL SELECT 'exam_results',    count(*) FROM exam_results
UNION ALL SELECT 'homework',        count(*) FROM homework
UNION ALL SELECT 'fees',            count(*) FROM fee_records
UNION ALL SELECT 'announcements',   count(*) FROM announcements
UNION ALL SELECT 'scholarships',    count(*) FROM scholarships
UNION ALL SELECT 'scholarship_apps',count(*) FROM scholarship_applications
ORDER BY entity;

-- MULTI-TENANCY ASSERTIONS — every 'bad' count below must be 0.
--   * parents must NOT carry a school_id (their tenancy is via children.school_id)
--   * every seeded child must carry a school_id
SELECT 'orphan_parents_with_school' AS check_name, count(*) AS bad
  FROM app_users WHERE role='parent' AND school_id IS NOT NULL
UNION ALL
SELECT 'children_without_school', count(*)
  FROM children WHERE school_id IS NULL;

-- CROSS-SCHOOL LEAK ASSERTION — must return 0.
--   A child's school_id must equal the canonical student's school_id.
SELECT count(*) AS mismatched_child_school
  FROM children c JOIN students s ON s.student_code = c.student_code
  WHERE c.school_id <> s.school_id;

-- =============================================================================
-- END seed-2026-06-07.sql
-- =============================================================================
